원본_행번호,카테고리,의도,문의 내용,생성된_RAG_답변,참조_정답,검색된_참고_문서,generation_seconds
0,주문,주문 취소,주문번호 {{order_no}} 건을 취소하고 싶습니다.,주문 취소를 원하시면 [마이페이지] > [주문/배송 조회] > [해당 주문 건 선택] > [주문 취소]에서 신청해 주세요.,"[""주문 취소를 원하시면 [마이페이지] > [주문/배송 조회] > [해당 주문 건 선택] > [주문 취소]에서 신청해 주세요.""]","[정책 문서 1: 쇼핑몰 이용약관 및 운영정책.pdf]
3. 주문 취소 정책 (Cancellation Policy)
주문 취소 가능 여부는 배송 진행 단계에 따라 엄격하게 구분됩니다.
입금대기 / 결제완료 — 즉시 취소 가능
: 마이페이지에서 고객이 직접 즉시 취소 처리할 수 있습니다.
상품 준비 중 — 취소 거절 가능
: 포장 및 출고 상태에 따라 취소가 제한되거나 거절될 수 있습니다.
배송 중 — 취소 불가
: 이미 출고되어 배송이 시작된 건은 취소가 불가하며, 상품 수령 후 반품 절차를 통해서만 환불이 가능합니다.

[정책 문서 2: 쇼핑몰 이용약관 및 운영정책.pdf]
1. 주문 정책 (Ordering Policy)

1.1 주문 접수 및 계약 성립 기준
주문 진행 절차: 원하는 상품의 상세 페이지에서 옵션과 수량을 선택한 후 [구매하기]를 누르거나 [장바구니]에 담아 결제를 진행합니다.
주문 성립 시점: 고객이 상품을 선택하여 결제를 완료하고, 시스템에서 [주문 완료] 메시지 또는 알림(이메일/알림톡)이 발송된 시점에 당사 간의 매매 계약이 성립됩니다.
재고 연동 및 품절 안내: 모든 주문은 실시간 재고 확보를 전제로 합니다. 단, 시스템 반영 시차로 인해 결제 완료 후 품절이 발생할 수 있으며, 이 경우 즉시 이메일/문자로 안
내 후 자동 취소 및 전액 환불 절차가 진행됩니다.
주문 제한 규정: 타인의 명의 도용, 매크로 등 불법 프로그램 이용, 재판매(리셀) 목적의 대량 주문으로 판단될 경우 회사는 사전 통보 없이 해당 주문을 임의 취소할 수 있습
니다.

[정책 문서 3: 쇼핑몰 이용약관 및 운영정책.pdf]
3.1 취소 수수료 규정
일반 상품: 결제 완료 후 '상품 준비 중' 전 단계에서 취소하는 경우 별도의 취소 수수료는 발생하지 않습니다.
사전예약/공동구매 상품: 상품 상세페이지에 안내된 출고 임박 기한(예: 출고 3일 전) 이후 취소 시, 상품가의 일정 비율(예: 5%)이 취소 수수료로 차감될 수 있으며 상품별
로 상이하므로 상세페이지 고지 내용을 우선합니다.
PG사 결제 취소 수수료: 카드사/PG사 정책상 발생하는 결제 취소 통신 수수료는 원칙적으로 회사가 부담하며, 고객에게 별도 청구하지 않습니다.
TIP
취소 관련 팁 (RAG 응답 기준)
취소 문의는 단순히 ""가능/불가능""으로 끝내지 말고, 현재 주문 상태를 먼저 확인하도록 안내한 뒤 각 단계별 처리 방법을 안내해야 합니다. '상품 준비 중' 단계는 판매자(물류센터)
재량에 따라 결과가 달라질 수 있으므로 ""취소 거절될 수 있습니다""와 같이 단정하지 않는 표현을 사용합니다.",9.3271
1,주문,주문 취소,주문번호 {{order_no}} 건의 취소 가능 여부를 확인해 주세요.,주문 취소를 원하시면 [마이페이지] > [주문/배송 조회] > [해당 주문 건 선택] > [주문 취소]에서 신청해 주세요.,"[""주문 취소를 원하시면 [마이페이지] > [주문/배송 조회] > [해당 주문 건 선택] > [주문 취소]에서 신청해 주세요.""]","[정책 문서 1: 쇼핑몰 이용약관 및 운영정책.pdf]
3. 주문 취소 정책 (Cancellation Policy)
주문 취소 가능 여부는 배송 진행 단계에 따라 엄격하게 구분됩니다.
입금대기 / 결제완료 — 즉시 취소 가능
: 마이페이지에서 고객이 직접 즉시 취소 처리할 수 있습니다.
상품 준비 중 — 취소 거절 가능
: 포장 및 출고 상태에 따라 취소가 제한되거나 거절될 수 있습니다.
배송 중 — 취소 불가
: 이미 출고되어 배송이 시작된 건은 취소가 불가하며, 상품 수령 후 반품 절차를 통해서만 환불이 가능합니다.

[정책 문서 2: 쇼핑몰 이용약관 및 운영정책.pdf]
1.3 주문 상품 구성(품목·옵션·수량) 변경 불가 안내
배송지·수령인 정보와 달리, 이미 결제 완료된 주문의 
상품 품목, 옵션(색상/사이즈 등), 수량
은 주문 상태와 무관하게 변경이 불가합니다.
변경이 필요한 경우 기존 주문을 취소한 후 원하는 구성으로 다시 주문해야 하며, 이미 '상품 준비 중' 이후 단계라면 취소 불가 규정(3항)이 함께 적용됩니다.
수량을 늘리고 싶은 경우도 기존 주문 수정이 아닌 신규 주문으로 진행해야 합니다.
TIP
주문 관련 팁 (RAG 응답 기준)
고객이 주문 후 배송지 변경을 요청할 때, 주문 상태가 '결제 완료' 이하인지 먼저 확인해야 합니다. 이미 '상품 준비 중'으로 변경된 경우 물류 시스템 특성상 자동 수정이 불가능합니
다.

2. 결제 정책 (Payment Policy)

[정책 문서 3: 쇼핑몰 이용약관 및 운영정책.pdf]
4.5 환불 진행 상황 조회 방법
[마이페이지 > 주문내역 > 환불/취소 내역]에서 처리 단계(반품 접수 → 입고 확인 → 검품 승인 → 환불 처리 완료)를 실시간으로 확인할 수 있습니다.
검품 승인 이후 4.4항의 환불 소요 기간이 지나도 반영되지 않은 경우, 결제 수단과 반품 승인일을 확인한 뒤 고객센터로 문의해야 합니다.
부분 환불(일부 품목만 반품 등)의 경우 환불 금액이 전체 결제 금액과 다를 수 있으므로, 반품 접수 시 안내된 예상 환불 금액을 우선 확인합니다.
TIP
환불 조회 관련 팁 (RAG 응답 기준)
""환불 언제 되나요""라는 문의는 먼저 [마이페이지] 조회 경로를 안내하고, 4.4항의 결제 수단별 소요 기간 이내인지 확인한 뒤, 소요 기간을 초과한 경우에만 고객센터 개별 확인으로
연결합니다.",8.8202
2,주문,주문 취소,문의드립니다. 주문번호 {{order_no}} 건을 취소하고 싶습니다.,주문 취소를 원하시면 [마이페이지] > [주문/배송 조회] > [해당 주문 건 선택] > [주문 취소]에서 신청해 주세요.,"[""주문 취소를 원하시면 [마이페이지] > [주문/배송 조회] > [해당 주문 건 선택] > [주문 취소]에서 신청해 주세요.""]","[정책 문서 1: 쇼핑몰 이용약관 및 운영정책.pdf]
3. 주문 취소 정책 (Cancellation Policy)
주문 취소 가능 여부는 배송 진행 단계에 따라 엄격하게 구분됩니다.
입금대기 / 결제완료 — 즉시 취소 가능
: 마이페이지에서 고객이 직접 즉시 취소 처리할 수 있습니다.
상품 준비 중 — 취소 거절 가능
: 포장 및 출고 상태에 따라 취소가 제한되거나 거절될 수 있습니다.
배송 중 — 취소 불가
: 이미 출고되어 배송이 시작된 건은 취소가 불가하며, 상품 수령 후 반품 절차를 통해서만 환불이 가능합니다.

[정책 문서 2: 쇼핑몰 이용약관 및 운영정책.pdf]
3.1 취소 수수료 규정
일반 상품: 결제 완료 후 '상품 준비 중' 전 단계에서 취소하는 경우 별도의 취소 수수료는 발생하지 않습니다.
사전예약/공동구매 상품: 상품 상세페이지에 안내된 출고 임박 기한(예: 출고 3일 전) 이후 취소 시, 상품가의 일정 비율(예: 5%)이 취소 수수료로 차감될 수 있으며 상품별
로 상이하므로 상세페이지 고지 내용을 우선합니다.
PG사 결제 취소 수수료: 카드사/PG사 정책상 발생하는 결제 취소 통신 수수료는 원칙적으로 회사가 부담하며, 고객에게 별도 청구하지 않습니다.
TIP
취소 관련 팁 (RAG 응답 기준)
취소 문의는 단순히 ""가능/불가능""으로 끝내지 말고, 현재 주문 상태를 먼저 확인하도록 안내한 뒤 각 단계별 처리 방법을 안내해야 합니다. '상품 준비 중' 단계는 판매자(물류센터)
재량에 따라 결과가 달라질 수 있으므로 ""취소 거절될 수 있습니다""와 같이 단정하지 않는 표현을 사용합니다.

[정책 문서 3: 쇼핑몰 이용약관 및 운영정책.pdf]
1. 주문 정책 (Ordering Policy)

1.1 주문 접수 및 계약 성립 기준
주문 진행 절차: 원하는 상품의 상세 페이지에서 옵션과 수량을 선택한 후 [구매하기]를 누르거나 [장바구니]에 담아 결제를 진행합니다.
주문 성립 시점: 고객이 상품을 선택하여 결제를 완료하고, 시스템에서 [주문 완료] 메시지 또는 알림(이메일/알림톡)이 발송된 시점에 당사 간의 매매 계약이 성립됩니다.
재고 연동 및 품절 안내: 모든 주문은 실시간 재고 확보를 전제로 합니다. 단, 시스템 반영 시차로 인해 결제 완료 후 품절이 발생할 수 있으며, 이 경우 즉시 이메일/문자로 안
내 후 자동 취소 및 전액 환불 절차가 진행됩니다.
주문 제한 규정: 타인의 명의 도용, 매크로 등 불법 프로그램 이용, 재판매(리셀) 목적의 대량 주문으로 판단될 경우 회사는 사전 통보 없이 해당 주문을 임의 취소할 수 있습
니다.",8.8016
3,주문,주문 취소,문의드립니다. 주문번호 {{order_no}} 건의 취소 가능 여부를 확인해 주세요.,주문 취소를 원하시면 [마이페이지] > [주문/배송 조회] > [해당 주문 건 선택] > [주문 취소]에서 신청해 주세요.,"[""주문 취소를 원하시면 [마이페이지] > [주문/배송 조회] > [해당 주문 건 선택] > [주문 취소]에서 신청해 주세요.""]","[정책 문서 1: 쇼핑몰 이용약관 및 운영정책.pdf]
3. 주문 취소 정책 (Cancellation Policy)
주문 취소 가능 여부는 배송 진행 단계에 따라 엄격하게 구분됩니다.
입금대기 / 결제완료 — 즉시 취소 가능
: 마이페이지에서 고객이 직접 즉시 취소 처리할 수 있습니다.
상품 준비 중 — 취소 거절 가능
: 포장 및 출고 상태에 따라 취소가 제한되거나 거절될 수 있습니다.
배송 중 — 취소 불가
: 이미 출고되어 배송이 시작된 건은 취소가 불가하며, 상품 수령 후 반품 절차를 통해서만 환불이 가능합니다.

[정책 문서 2: 쇼핑몰 이용약관 및 운영정책.pdf]
1. 주문 정책 (Ordering Policy)

1.1 주문 접수 및 계약 성립 기준
주문 진행 절차: 원하는 상품의 상세 페이지에서 옵션과 수량을 선택한 후 [구매하기]를 누르거나 [장바구니]에 담아 결제를 진행합니다.
주문 성립 시점: 고객이 상품을 선택하여 결제를 완료하고, 시스템에서 [주문 완료] 메시지 또는 알림(이메일/알림톡)이 발송된 시점에 당사 간의 매매 계약이 성립됩니다.
재고 연동 및 품절 안내: 모든 주문은 실시간 재고 확보를 전제로 합니다. 단, 시스템 반영 시차로 인해 결제 완료 후 품절이 발생할 수 있으며, 이 경우 즉시 이메일/문자로 안
내 후 자동 취소 및 전액 환불 절차가 진행됩니다.
주문 제한 규정: 타인의 명의 도용, 매크로 등 불법 프로그램 이용, 재판매(리셀) 목적의 대량 주문으로 판단될 경우 회사는 사전 통보 없이 해당 주문을 임의 취소할 수 있습
니다.

[정책 문서 3: 쇼핑몰 이용약관 및 운영정책.pdf]
9. 미성년자 주문 정책 (Minor's Order Policy)
미성년자(만 19세 미만) 주문의 경우, 법정대리인(부모 등)의 동의 없이 체결된 계약은 「민법」에 따라 본인 또는 법정대리인이 취소할 수 있습니다.
취소 신청 시 법정대리인 관계를 확인할 수 있는 서류(가족관계증명서 등)를 요청할 수 있습니다.
이미 사용/소비되었거나 반품 제한 사유(4.2항)에 해당하는 상품은 미성년자 취소 규정에도 불구하고 반품이 제한될 수 있습니다.
TIP
미성년자 주문 관련 팁 (RAG 응답 기준)
미성년자 본인 명의 취소 요청 시, 단순 변심 반품 규정(7일 이내)보다 우선하여 법정대리인 동의 여부를 먼저 확인하도록 안내합니다.",8.8506
4,주문,주문 취소,도움이 필요합니다. 주문번호 {{order_no}} 건을 잘못 접수해 취소하려고 합니다.,주문 취소를 원하시면 [마이페이지 > 주문/배송 조회] > [해당 주문 건 선택] > [주문 취소]에서 신청해 주세요.,"[""주문 취소를 원하시면 [마이페이지] > [주문/배송 조회] > [해당 주문 건 선택] > [주문 취소]에서 신청해 주세요.""]","[정책 문서 1: 쇼핑몰 이용약관 및 운영정책.pdf]
3. 주문 취소 정책 (Cancellation Policy)
주문 취소 가능 여부는 배송 진행 단계에 따라 엄격하게 구분됩니다.
입금대기 / 결제완료 — 즉시 취소 가능
: 마이페이지에서 고객이 직접 즉시 취소 처리할 수 있습니다.
상품 준비 중 — 취소 거절 가능
: 포장 및 출고 상태에 따라 취소가 제한되거나 거절될 수 있습니다.
배송 중 — 취소 불가
: 이미 출고되어 배송이 시작된 건은 취소가 불가하며, 상품 수령 후 반품 절차를 통해서만 환불이 가능합니다.

[정책 문서 2: 쇼핑몰 이용약관 및 운영정책.pdf]
9. 미성년자 주문 정책 (Minor's Order Policy)
미성년자(만 19세 미만) 주문의 경우, 법정대리인(부모 등)의 동의 없이 체결된 계약은 「민법」에 따라 본인 또는 법정대리인이 취소할 수 있습니다.
취소 신청 시 법정대리인 관계를 확인할 수 있는 서류(가족관계증명서 등)를 요청할 수 있습니다.
이미 사용/소비되었거나 반품 제한 사유(4.2항)에 해당하는 상품은 미성년자 취소 규정에도 불구하고 반품이 제한될 수 있습니다.
TIP
미성년자 주문 관련 팁 (RAG 응답 기준)
미성년자 본인 명의 취소 요청 시, 단순 변심 반품 규정(7일 이내)보다 우선하여 법정대리인 동의 여부를 먼저 확인하도록 안내합니다.

[정책 문서 3: 쇼핑몰 이용약관 및 운영정책.pdf]
2.4 결제 오류 및 실패 처리
결제 시도 중 오류(승인 거절, 먹통, 응답 지연 등)가 발생한 경우, 우선 [마이페이지 > 주문내역]에서 실제 결제 완료 여부를 확인해야 합니다.
이중 결제(중복 승인): 동일 주문에 대해 결제가 두 번 승인된 경우, 시스템이 익영업일 이내 자동 취소 처리하며 카드사 승인 취소 내역으로 확인할 수 있습니다. 자동 취소가
지연되면 승인 내역을 첨부하여 고객센터로 문의해야 합니다.
결제 실패(승인 거절): 카드 한도 초과, 카드사 보안 정책, 입력 정보 오류 등이 주요 원인이며, 카드사 확인이 우선이고 해결되지 않으면 다른 결제 수단으로 재시도를 안내
합니다.
오류 신고: 반복적인 결제 오류는 오류 발생 시각, 사용 결제수단, 오류 메시지 화면을 첨부하여 고객센터로 접수하면 결제 PG사와 함께 원인을 조사합니다.
TIP
결제 오류 관련 팁 (RAG 응답 기준)",8.9961
5,주문,주문 취소,관련 내용을 확인하고 싶습니다. 주문번호 {{order_no}} 건 취소 신청을 도와주세요.,주문 취소를 원하시면 [마이페이지] > [주문/배송 조회] > [해당 주문 건 선택] > [주문 취소]에서 신청해 주세요.,"[""주문 취소를 원하시면 [마이페이지] > [주문/배송 조회] > [해당 주문 건 선택] > [주문 취소]에서 신청해 주세요.""]","[정책 문서 1: 쇼핑몰 이용약관 및 운영정책.pdf]
3. 주문 취소 정책 (Cancellation Policy)
주문 취소 가능 여부는 배송 진행 단계에 따라 엄격하게 구분됩니다.
입금대기 / 결제완료 — 즉시 취소 가능
: 마이페이지에서 고객이 직접 즉시 취소 처리할 수 있습니다.
상품 준비 중 — 취소 거절 가능
: 포장 및 출고 상태에 따라 취소가 제한되거나 거절될 수 있습니다.
배송 중 — 취소 불가
: 이미 출고되어 배송이 시작된 건은 취소가 불가하며, 상품 수령 후 반품 절차를 통해서만 환불이 가능합니다.

[정책 문서 2: 쇼핑몰 이용약관 및 운영정책.pdf]
9. 미성년자 주문 정책 (Minor's Order Policy)
미성년자(만 19세 미만) 주문의 경우, 법정대리인(부모 등)의 동의 없이 체결된 계약은 「민법」에 따라 본인 또는 법정대리인이 취소할 수 있습니다.
취소 신청 시 법정대리인 관계를 확인할 수 있는 서류(가족관계증명서 등)를 요청할 수 있습니다.
이미 사용/소비되었거나 반품 제한 사유(4.2항)에 해당하는 상품은 미성년자 취소 규정에도 불구하고 반품이 제한될 수 있습니다.
TIP
미성년자 주문 관련 팁 (RAG 응답 기준)
미성년자 본인 명의 취소 요청 시, 단순 변심 반품 규정(7일 이내)보다 우선하여 법정대리인 동의 여부를 먼저 확인하도록 안내합니다.

[정책 문서 3: 쇼핑몰 이용약관 및 운영정책.pdf]
4.5 환불 진행 상황 조회 방법
[마이페이지 > 주문내역 > 환불/취소 내역]에서 처리 단계(반품 접수 → 입고 확인 → 검품 승인 → 환불 처리 완료)를 실시간으로 확인할 수 있습니다.
검품 승인 이후 4.4항의 환불 소요 기간이 지나도 반영되지 않은 경우, 결제 수단과 반품 승인일을 확인한 뒤 고객센터로 문의해야 합니다.
부분 환불(일부 품목만 반품 등)의 경우 환불 금액이 전체 결제 금액과 다를 수 있으므로, 반품 접수 시 안내된 예상 환불 금액을 우선 확인합니다.
TIP
환불 조회 관련 팁 (RAG 응답 기준)
""환불 언제 되나요""라는 문의는 먼저 [마이페이지] 조회 경로를 안내하고, 4.4항의 결제 수단별 소요 기간 이내인지 확인한 뒤, 소요 기간을 초과한 경우에만 고객센터 개별 확인으로
연결합니다.",8.5727
6,주문,주문 취소,처리 방법이 궁금합니다. 주문번호 {{order_no}} 건 취소 신청을 도와주세요.,주문 취소를 원하시면 [마이페이지] > [주문/배송 조회] > [해당 주문 건 선택] > [주문 취소]에서 신청해 주세요.,"[""주문 취소를 원하시면 [마이페이지] > [주문/배송 조회] > [해당 주문 건 선택] > [주문 취소]에서 신청해 주세요.""]","[정책 문서 1: 쇼핑몰 이용약관 및 운영정책.pdf]
3. 주문 취소 정책 (Cancellation Policy)
주문 취소 가능 여부는 배송 진행 단계에 따라 엄격하게 구분됩니다.
입금대기 / 결제완료 — 즉시 취소 가능
: 마이페이지에서 고객이 직접 즉시 취소 처리할 수 있습니다.
상품 준비 중 — 취소 거절 가능
: 포장 및 출고 상태에 따라 취소가 제한되거나 거절될 수 있습니다.
배송 중 — 취소 불가
: 이미 출고되어 배송이 시작된 건은 취소가 불가하며, 상품 수령 후 반품 절차를 통해서만 환불이 가능합니다.

[정책 문서 2: 쇼핑몰 이용약관 및 운영정책.pdf]
4.5 환불 진행 상황 조회 방법
[마이페이지 > 주문내역 > 환불/취소 내역]에서 처리 단계(반품 접수 → 입고 확인 → 검품 승인 → 환불 처리 완료)를 실시간으로 확인할 수 있습니다.
검품 승인 이후 4.4항의 환불 소요 기간이 지나도 반영되지 않은 경우, 결제 수단과 반품 승인일을 확인한 뒤 고객센터로 문의해야 합니다.
부분 환불(일부 품목만 반품 등)의 경우 환불 금액이 전체 결제 금액과 다를 수 있으므로, 반품 접수 시 안내된 예상 환불 금액을 우선 확인합니다.
TIP
환불 조회 관련 팁 (RAG 응답 기준)
""환불 언제 되나요""라는 문의는 먼저 [마이페이지] 조회 경로를 안내하고, 4.4항의 결제 수단별 소요 기간 이내인지 확인한 뒤, 소요 기간을 초과한 경우에만 고객센터 개별 확인으로
연결합니다.

[정책 문서 3: 쇼핑몰 이용약관 및 운영정책.pdf]
1. 주문 정책 (Ordering Policy)

1.1 주문 접수 및 계약 성립 기준
주문 진행 절차: 원하는 상품의 상세 페이지에서 옵션과 수량을 선택한 후 [구매하기]를 누르거나 [장바구니]에 담아 결제를 진행합니다.
주문 성립 시점: 고객이 상품을 선택하여 결제를 완료하고, 시스템에서 [주문 완료] 메시지 또는 알림(이메일/알림톡)이 발송된 시점에 당사 간의 매매 계약이 성립됩니다.
재고 연동 및 품절 안내: 모든 주문은 실시간 재고 확보를 전제로 합니다. 단, 시스템 반영 시차로 인해 결제 완료 후 품절이 발생할 수 있으며, 이 경우 즉시 이메일/문자로 안
내 후 자동 취소 및 전액 환불 절차가 진행됩니다.
주문 제한 규정: 타인의 명의 도용, 매크로 등 불법 프로그램 이용, 재판매(리셀) 목적의 대량 주문으로 판단될 경우 회사는 사전 통보 없이 해당 주문을 임의 취소할 수 있습
니다.",8.9072
7,주문,주문 취소,자세한 안내 부탁드립니다. 주문번호 {{order_no}} 건을 취소하고 싶습니다.,주문 취소를 원하시면 [마이페이지] > [주문/배송 조회] > [해당 주문 건 선택] > [주문 취소]에서 신청해 주세요.,"[""주문 취소를 원하시면 [마이페이지] > [주문/배송 조회] > [해당 주문 건 선택] > [주문 취소]에서 신청해 주세요.""]","[정책 문서 1: 쇼핑몰 이용약관 및 운영정책.pdf]
3. 주문 취소 정책 (Cancellation Policy)
주문 취소 가능 여부는 배송 진행 단계에 따라 엄격하게 구분됩니다.
입금대기 / 결제완료 — 즉시 취소 가능
: 마이페이지에서 고객이 직접 즉시 취소 처리할 수 있습니다.
상품 준비 중 — 취소 거절 가능
: 포장 및 출고 상태에 따라 취소가 제한되거나 거절될 수 있습니다.
배송 중 — 취소 불가
: 이미 출고되어 배송이 시작된 건은 취소가 불가하며, 상품 수령 후 반품 절차를 통해서만 환불이 가능합니다.

[정책 문서 2: 쇼핑몰 이용약관 및 운영정책.pdf]
1. 주문 정책 (Ordering Policy)

1.1 주문 접수 및 계약 성립 기준
주문 진행 절차: 원하는 상품의 상세 페이지에서 옵션과 수량을 선택한 후 [구매하기]를 누르거나 [장바구니]에 담아 결제를 진행합니다.
주문 성립 시점: 고객이 상품을 선택하여 결제를 완료하고, 시스템에서 [주문 완료] 메시지 또는 알림(이메일/알림톡)이 발송된 시점에 당사 간의 매매 계약이 성립됩니다.
재고 연동 및 품절 안내: 모든 주문은 실시간 재고 확보를 전제로 합니다. 단, 시스템 반영 시차로 인해 결제 완료 후 품절이 발생할 수 있으며, 이 경우 즉시 이메일/문자로 안
내 후 자동 취소 및 전액 환불 절차가 진행됩니다.
주문 제한 규정: 타인의 명의 도용, 매크로 등 불법 프로그램 이용, 재판매(리셀) 목적의 대량 주문으로 판단될 경우 회사는 사전 통보 없이 해당 주문을 임의 취소할 수 있습
니다.

[정책 문서 3: 쇼핑몰 이용약관 및 운영정책.pdf]
3.1 취소 수수료 규정
일반 상품: 결제 완료 후 '상품 준비 중' 전 단계에서 취소하는 경우 별도의 취소 수수료는 발생하지 않습니다.
사전예약/공동구매 상품: 상품 상세페이지에 안내된 출고 임박 기한(예: 출고 3일 전) 이후 취소 시, 상품가의 일정 비율(예: 5%)이 취소 수수료로 차감될 수 있으며 상품별
로 상이하므로 상세페이지 고지 내용을 우선합니다.
PG사 결제 취소 수수료: 카드사/PG사 정책상 발생하는 결제 취소 통신 수수료는 원칙적으로 회사가 부담하며, 고객에게 별도 청구하지 않습니다.
TIP
취소 관련 팁 (RAG 응답 기준)
취소 문의는 단순히 ""가능/불가능""으로 끝내지 말고, 현재 주문 상태를 먼저 확인하도록 안내한 뒤 각 단계별 처리 방법을 안내해야 합니다. '상품 준비 중' 단계는 판매자(물류센터)
재량에 따라 결과가 달라질 수 있으므로 ""취소 거절될 수 있습니다""와 같이 단정하지 않는 표현을 사용합니다.",9.4412
8,주문,주문 취소,이용 중 궁금한 점이 있습니다. 주문번호 {{order_no}} 건을 취소하고 싶습니다.,주문 취소를 원하시면 [마이페이지] > [주문/배송 조회] > [해당 주문 건 선택] > [주문 취소]에서 신청해 주세요.,"[""주문 취소를 원하시면 [마이페이지] > [주문/배송 조회] > [해당 주문 건 선택] > [주문 취소]에서 신청해 주세요.""]","[정책 문서 1: 쇼핑몰 이용약관 및 운영정책.pdf]
3. 주문 취소 정책 (Cancellation Policy)
주문 취소 가능 여부는 배송 진행 단계에 따라 엄격하게 구분됩니다.
입금대기 / 결제완료 — 즉시 취소 가능
: 마이페이지에서 고객이 직접 즉시 취소 처리할 수 있습니다.
상품 준비 중 — 취소 거절 가능
: 포장 및 출고 상태에 따라 취소가 제한되거나 거절될 수 있습니다.
배송 중 — 취소 불가
: 이미 출고되어 배송이 시작된 건은 취소가 불가하며, 상품 수령 후 반품 절차를 통해서만 환불이 가능합니다.

[정책 문서 2: 쇼핑몰 이용약관 및 운영정책.pdf]
3.1 취소 수수료 규정
일반 상품: 결제 완료 후 '상품 준비 중' 전 단계에서 취소하는 경우 별도의 취소 수수료는 발생하지 않습니다.
사전예약/공동구매 상품: 상품 상세페이지에 안내된 출고 임박 기한(예: 출고 3일 전) 이후 취소 시, 상품가의 일정 비율(예: 5%)이 취소 수수료로 차감될 수 있으며 상품별
로 상이하므로 상세페이지 고지 내용을 우선합니다.
PG사 결제 취소 수수료: 카드사/PG사 정책상 발생하는 결제 취소 통신 수수료는 원칙적으로 회사가 부담하며, 고객에게 별도 청구하지 않습니다.
TIP
취소 관련 팁 (RAG 응답 기준)
취소 문의는 단순히 ""가능/불가능""으로 끝내지 말고, 현재 주문 상태를 먼저 확인하도록 안내한 뒤 각 단계별 처리 방법을 안내해야 합니다. '상품 준비 중' 단계는 판매자(물류센터)
재량에 따라 결과가 달라질 수 있으므로 ""취소 거절될 수 있습니다""와 같이 단정하지 않는 표현을 사용합니다.

[정책 문서 3: 쇼핑몰 이용약관 및 운영정책.pdf]
9. 미성년자 주문 정책 (Minor's Order Policy)
미성년자(만 19세 미만) 주문의 경우, 법정대리인(부모 등)의 동의 없이 체결된 계약은 「민법」에 따라 본인 또는 법정대리인이 취소할 수 있습니다.
취소 신청 시 법정대리인 관계를 확인할 수 있는 서류(가족관계증명서 등)를 요청할 수 있습니다.
이미 사용/소비되었거나 반품 제한 사유(4.2항)에 해당하는 상품은 미성년자 취소 규정에도 불구하고 반품이 제한될 수 있습니다.
TIP
미성년자 주문 관련 팁 (RAG 응답 기준)
미성년자 본인 명의 취소 요청 시, 단순 변심 반품 규정(7일 이내)보다 우선하여 법정대리인 동의 여부를 먼저 확인하도록 안내합니다.",9.749
9,주문,주문 취소,직접 처리하려고 합니다. 주문번호 {{order_no}} 건을 취소하는 방법을 알려주세요.,주문 취소를 원하시면 [마이페이지] > [주문/배송 조회] > [해당 주문 건 선택] > [주문 취소]에서 신청해 주세요.,"[""주문 취소를 원하시면 [마이페이지] > [주문/배송 조회] > [해당 주문 건 선택] > [주문 취소]에서 신청해 주세요.""]","[정책 문서 1: 쇼핑몰 이용약관 및 운영정책.pdf]
3. 주문 취소 정책 (Cancellation Policy)
주문 취소 가능 여부는 배송 진행 단계에 따라 엄격하게 구분됩니다.
입금대기 / 결제완료 — 즉시 취소 가능
: 마이페이지에서 고객이 직접 즉시 취소 처리할 수 있습니다.
상품 준비 중 — 취소 거절 가능
: 포장 및 출고 상태에 따라 취소가 제한되거나 거절될 수 있습니다.
배송 중 — 취소 불가
: 이미 출고되어 배송이 시작된 건은 취소가 불가하며, 상품 수령 후 반품 절차를 통해서만 환불이 가능합니다.

[정책 문서 2: 쇼핑몰 이용약관 및 운영정책.pdf]
1. 주문 정책 (Ordering Policy)

1.1 주문 접수 및 계약 성립 기준
주문 진행 절차: 원하는 상품의 상세 페이지에서 옵션과 수량을 선택한 후 [구매하기]를 누르거나 [장바구니]에 담아 결제를 진행합니다.
주문 성립 시점: 고객이 상품을 선택하여 결제를 완료하고, 시스템에서 [주문 완료] 메시지 또는 알림(이메일/알림톡)이 발송된 시점에 당사 간의 매매 계약이 성립됩니다.
재고 연동 및 품절 안내: 모든 주문은 실시간 재고 확보를 전제로 합니다. 단, 시스템 반영 시차로 인해 결제 완료 후 품절이 발생할 수 있으며, 이 경우 즉시 이메일/문자로 안
내 후 자동 취소 및 전액 환불 절차가 진행됩니다.
주문 제한 규정: 타인의 명의 도용, 매크로 등 불법 프로그램 이용, 재판매(리셀) 목적의 대량 주문으로 판단될 경우 회사는 사전 통보 없이 해당 주문을 임의 취소할 수 있습
니다.

[정책 문서 3: 쇼핑몰 이용약관 및 운영정책.pdf]
9. 미성년자 주문 정책 (Minor's Order Policy)
미성년자(만 19세 미만) 주문의 경우, 법정대리인(부모 등)의 동의 없이 체결된 계약은 「민법」에 따라 본인 또는 법정대리인이 취소할 수 있습니다.
취소 신청 시 법정대리인 관계를 확인할 수 있는 서류(가족관계증명서 등)를 요청할 수 있습니다.
이미 사용/소비되었거나 반품 제한 사유(4.2항)에 해당하는 상품은 미성년자 취소 규정에도 불구하고 반품이 제한될 수 있습니다.
TIP
미성년자 주문 관련 팁 (RAG 응답 기준)
미성년자 본인 명의 취소 요청 시, 단순 변심 반품 규정(7일 이내)보다 우선하여 법정대리인 동의 여부를 먼저 확인하도록 안내합니다.",8.9025
10,주문,주문 취소,정확한 기준을 알고 싶습니다. 주문번호 {{order_no}} 건을 취소하는 방법을 알려주세요.,주문 취소를 원하시면 [마이페이지] > [주문/배송 조회] > [해당 주문 건 선택] > [주문 취소]에서 신청해 주세요.,"[""주문 취소를 원하시면 [마이페이지] > [주문/배송 조회] > [해당 주문 건 선택] > [주문 취소]에서 신청해 주세요.""]","[정책 문서 1: 쇼핑몰 이용약관 및 운영정책.pdf]
3. 주문 취소 정책 (Cancellation Policy)
주문 취소 가능 여부는 배송 진행 단계에 따라 엄격하게 구분됩니다.
입금대기 / 결제완료 — 즉시 취소 가능
: 마이페이지에서 고객이 직접 즉시 취소 처리할 수 있습니다.
상품 준비 중 — 취소 거절 가능
: 포장 및 출고 상태에 따라 취소가 제한되거나 거절될 수 있습니다.
배송 중 — 취소 불가
: 이미 출고되어 배송이 시작된 건은 취소가 불가하며, 상품 수령 후 반품 절차를 통해서만 환불이 가능합니다.

[정책 문서 2: 쇼핑몰 이용약관 및 운영정책.pdf]
1. 주문 정책 (Ordering Policy)

1.1 주문 접수 및 계약 성립 기준
주문 진행 절차: 원하는 상품의 상세 페이지에서 옵션과 수량을 선택한 후 [구매하기]를 누르거나 [장바구니]에 담아 결제를 진행합니다.
주문 성립 시점: 고객이 상품을 선택하여 결제를 완료하고, 시스템에서 [주문 완료] 메시지 또는 알림(이메일/알림톡)이 발송된 시점에 당사 간의 매매 계약이 성립됩니다.
재고 연동 및 품절 안내: 모든 주문은 실시간 재고 확보를 전제로 합니다. 단, 시스템 반영 시차로 인해 결제 완료 후 품절이 발생할 수 있으며, 이 경우 즉시 이메일/문자로 안
내 후 자동 취소 및 전액 환불 절차가 진행됩니다.
주문 제한 규정: 타인의 명의 도용, 매크로 등 불법 프로그램 이용, 재판매(리셀) 목적의 대량 주문으로 판단될 경우 회사는 사전 통보 없이 해당 주문을 임의 취소할 수 있습
니다.

[정책 문서 3: 쇼핑몰 이용약관 및 운영정책.pdf]
9. 미성년자 주문 정책 (Minor's Order Policy)
미성년자(만 19세 미만) 주문의 경우, 법정대리인(부모 등)의 동의 없이 체결된 계약은 「민법」에 따라 본인 또는 법정대리인이 취소할 수 있습니다.
취소 신청 시 법정대리인 관계를 확인할 수 있는 서류(가족관계증명서 등)를 요청할 수 있습니다.
이미 사용/소비되었거나 반품 제한 사유(4.2항)에 해당하는 상품은 미성년자 취소 규정에도 불구하고 반품이 제한될 수 있습니다.
TIP
미성년자 주문 관련 팁 (RAG 응답 기준)
미성년자 본인 명의 취소 요청 시, 단순 변심 반품 규정(7일 이내)보다 우선하여 법정대리인 동의 여부를 먼저 확인하도록 안내합니다.",8.9197
11,주문,주문 취소,문의드립니다. 주문번호 {{order_no}} 건을 취소하고 싶습니다. 자세한 절차도 함께 안내해 주세요.,주문 취소를 원하시면 [마이페이지] > [주문/배송 조회] > [해당 주문 건 선택] > [주문 취소]에서 신청해 주세요.,"[""주문 취소를 원하시면 [마이페이지] > [주문/배송 조회] > [해당 주문 건 선택] > [주문 취소]에서 신청해 주세요.""]","[정책 문서 1: 쇼핑몰 이용약관 및 운영정책.pdf]
3. 주문 취소 정책 (Cancellation Policy)
주문 취소 가능 여부는 배송 진행 단계에 따라 엄격하게 구분됩니다.
입금대기 / 결제완료 — 즉시 취소 가능
: 마이페이지에서 고객이 직접 즉시 취소 처리할 수 있습니다.
상품 준비 중 — 취소 거절 가능
: 포장 및 출고 상태에 따라 취소가 제한되거나 거절될 수 있습니다.
배송 중 — 취소 불가
: 이미 출고되어 배송이 시작된 건은 취소가 불가하며, 상품 수령 후 반품 절차를 통해서만 환불이 가능합니다.

[정책 문서 2: 쇼핑몰 이용약관 및 운영정책.pdf]
1. 주문 정책 (Ordering Policy)

1.1 주문 접수 및 계약 성립 기준
주문 진행 절차: 원하는 상품의 상세 페이지에서 옵션과 수량을 선택한 후 [구매하기]를 누르거나 [장바구니]에 담아 결제를 진행합니다.
주문 성립 시점: 고객이 상품을 선택하여 결제를 완료하고, 시스템에서 [주문 완료] 메시지 또는 알림(이메일/알림톡)이 발송된 시점에 당사 간의 매매 계약이 성립됩니다.
재고 연동 및 품절 안내: 모든 주문은 실시간 재고 확보를 전제로 합니다. 단, 시스템 반영 시차로 인해 결제 완료 후 품절이 발생할 수 있으며, 이 경우 즉시 이메일/문자로 안
내 후 자동 취소 및 전액 환불 절차가 진행됩니다.
주문 제한 규정: 타인의 명의 도용, 매크로 등 불법 프로그램 이용, 재판매(리셀) 목적의 대량 주문으로 판단될 경우 회사는 사전 통보 없이 해당 주문을 임의 취소할 수 있습
니다.

[정책 문서 3: 쇼핑몰 이용약관 및 운영정책.pdf]
3.1 취소 수수료 규정
일반 상품: 결제 완료 후 '상품 준비 중' 전 단계에서 취소하는 경우 별도의 취소 수수료는 발생하지 않습니다.
사전예약/공동구매 상품: 상품 상세페이지에 안내된 출고 임박 기한(예: 출고 3일 전) 이후 취소 시, 상품가의 일정 비율(예: 5%)이 취소 수수료로 차감될 수 있으며 상품별
로 상이하므로 상세페이지 고지 내용을 우선합니다.
PG사 결제 취소 수수료: 카드사/PG사 정책상 발생하는 결제 취소 통신 수수료는 원칙적으로 회사가 부담하며, 고객에게 별도 청구하지 않습니다.
TIP
취소 관련 팁 (RAG 응답 기준)
취소 문의는 단순히 ""가능/불가능""으로 끝내지 말고, 현재 주문 상태를 먼저 확인하도록 안내한 뒤 각 단계별 처리 방법을 안내해야 합니다. '상품 준비 중' 단계는 판매자(물류센터)
재량에 따라 결과가 달라질 수 있으므로 ""취소 거절될 수 있습니다""와 같이 단정하지 않는 표현을 사용합니다.",9.4262
12,주문,주문 취소,문의드립니다. 주문번호 {{order_no}} 건 취소가 가능한가요? 자세한 절차도 함께 안내해 주세요.,주문 취소를 원하시면 [마이페이지] > [주문/배송 조회] > [해당 주문 건 선택] > [주문 취소]에서 신청해 주세요.,"[""주문 취소를 원하시면 [마이페이지] > [주문/배송 조회] > [해당 주문 건 선택] > [주문 취소]에서 신청해 주세요.""]","[정책 문서 1: 쇼핑몰 이용약관 및 운영정책.pdf]
3. 주문 취소 정책 (Cancellation Policy)
주문 취소 가능 여부는 배송 진행 단계에 따라 엄격하게 구분됩니다.
입금대기 / 결제완료 — 즉시 취소 가능
: 마이페이지에서 고객이 직접 즉시 취소 처리할 수 있습니다.
상품 준비 중 — 취소 거절 가능
: 포장 및 출고 상태에 따라 취소가 제한되거나 거절될 수 있습니다.
배송 중 — 취소 불가
: 이미 출고되어 배송이 시작된 건은 취소가 불가하며, 상품 수령 후 반품 절차를 통해서만 환불이 가능합니다.

[정책 문서 2: 쇼핑몰 이용약관 및 운영정책.pdf]
1. 주문 정책 (Ordering Policy)

1.1 주문 접수 및 계약 성립 기준
주문 진행 절차: 원하는 상품의 상세 페이지에서 옵션과 수량을 선택한 후 [구매하기]를 누르거나 [장바구니]에 담아 결제를 진행합니다.
주문 성립 시점: 고객이 상품을 선택하여 결제를 완료하고, 시스템에서 [주문 완료] 메시지 또는 알림(이메일/알림톡)이 발송된 시점에 당사 간의 매매 계약이 성립됩니다.
재고 연동 및 품절 안내: 모든 주문은 실시간 재고 확보를 전제로 합니다. 단, 시스템 반영 시차로 인해 결제 완료 후 품절이 발생할 수 있으며, 이 경우 즉시 이메일/문자로 안
내 후 자동 취소 및 전액 환불 절차가 진행됩니다.
주문 제한 규정: 타인의 명의 도용, 매크로 등 불법 프로그램 이용, 재판매(리셀) 목적의 대량 주문으로 판단될 경우 회사는 사전 통보 없이 해당 주문을 임의 취소할 수 있습
니다.

[정책 문서 3: 쇼핑몰 이용약관 및 운영정책.pdf]
9. 미성년자 주문 정책 (Minor's Order Policy)
미성년자(만 19세 미만) 주문의 경우, 법정대리인(부모 등)의 동의 없이 체결된 계약은 「민법」에 따라 본인 또는 법정대리인이 취소할 수 있습니다.
취소 신청 시 법정대리인 관계를 확인할 수 있는 서류(가족관계증명서 등)를 요청할 수 있습니다.
이미 사용/소비되었거나 반품 제한 사유(4.2항)에 해당하는 상품은 미성년자 취소 규정에도 불구하고 반품이 제한될 수 있습니다.
TIP
미성년자 주문 관련 팁 (RAG 응답 기준)
미성년자 본인 명의 취소 요청 시, 단순 변심 반품 규정(7일 이내)보다 우선하여 법정대리인 동의 여부를 먼저 확인하도록 안내합니다.",9.4987
13,주문,주문 취소,확인 부탁드립니다. 주문번호 {{order_no}} 건을 잘못 접수해 취소하려고 합니다. 자세한 절차도 함께 안내해 주세요.,주문 취소를 원하시면 [마이페이지] > [주문/배송 조회] > [해당 주문 건 선택] > [주문 취소]에서 신청해 주세요.,"[""주문 취소를 원하시면 [마이페이지] > [주문/배송 조회] > [해당 주문 건 선택] > [주문 취소]에서 신청해 주세요.""]","[정책 문서 1: 쇼핑몰 이용약관 및 운영정책.pdf]
1. 주문 정책 (Ordering Policy)

1.1 주문 접수 및 계약 성립 기준
주문 진행 절차: 원하는 상품의 상세 페이지에서 옵션과 수량을 선택한 후 [구매하기]를 누르거나 [장바구니]에 담아 결제를 진행합니다.
주문 성립 시점: 고객이 상품을 선택하여 결제를 완료하고, 시스템에서 [주문 완료] 메시지 또는 알림(이메일/알림톡)이 발송된 시점에 당사 간의 매매 계약이 성립됩니다.
재고 연동 및 품절 안내: 모든 주문은 실시간 재고 확보를 전제로 합니다. 단, 시스템 반영 시차로 인해 결제 완료 후 품절이 발생할 수 있으며, 이 경우 즉시 이메일/문자로 안
내 후 자동 취소 및 전액 환불 절차가 진행됩니다.
주문 제한 규정: 타인의 명의 도용, 매크로 등 불법 프로그램 이용, 재판매(리셀) 목적의 대량 주문으로 판단될 경우 회사는 사전 통보 없이 해당 주문을 임의 취소할 수 있습
니다.

[정책 문서 2: 쇼핑몰 이용약관 및 운영정책.pdf]
3. 주문 취소 정책 (Cancellation Policy)
주문 취소 가능 여부는 배송 진행 단계에 따라 엄격하게 구분됩니다.
입금대기 / 결제완료 — 즉시 취소 가능
: 마이페이지에서 고객이 직접 즉시 취소 처리할 수 있습니다.
상품 준비 중 — 취소 거절 가능
: 포장 및 출고 상태에 따라 취소가 제한되거나 거절될 수 있습니다.
배송 중 — 취소 불가
: 이미 출고되어 배송이 시작된 건은 취소가 불가하며, 상품 수령 후 반품 절차를 통해서만 환불이 가능합니다.

[정책 문서 3: 쇼핑몰 이용약관 및 운영정책.pdf]
TIP
결제 오류 관련 팁 (RAG 응답 기준)
""결제가 안 돼요""라는 문의는 먼저 실제 결제/주문 완료 여부부터 확인하도록 안내하고, 이중 결제가 의심되는 경우 임의로 환불을 약속하지 말고 승인 내역 확인 절차부터 안내합니
다.",8.1997
14,주문,주문 취소,도움이 필요합니다. 주문번호 {{order_no}} 건을 잘못 접수해 취소하려고 합니다. 자세한 절차도 함께 안내해 주세요.,주문 취소를 원하시면 [마이페이지] > [주문/배송 조회] > [해당 주문 건 선택] > [주문 취소]에서 신청해 주세요.,"[""주문 취소를 원하시면 [마이페이지] > [주문/배송 조회] > [해당 주문 건 선택] > [주문 취소]에서 신청해 주세요.""]","[정책 문서 1: 쇼핑몰 이용약관 및 운영정책.pdf]
1. 주문 정책 (Ordering Policy)

1.1 주문 접수 및 계약 성립 기준
주문 진행 절차: 원하는 상품의 상세 페이지에서 옵션과 수량을 선택한 후 [구매하기]를 누르거나 [장바구니]에 담아 결제를 진행합니다.
주문 성립 시점: 고객이 상품을 선택하여 결제를 완료하고, 시스템에서 [주문 완료] 메시지 또는 알림(이메일/알림톡)이 발송된 시점에 당사 간의 매매 계약이 성립됩니다.
재고 연동 및 품절 안내: 모든 주문은 실시간 재고 확보를 전제로 합니다. 단, 시스템 반영 시차로 인해 결제 완료 후 품절이 발생할 수 있으며, 이 경우 즉시 이메일/문자로 안
내 후 자동 취소 및 전액 환불 절차가 진행됩니다.
주문 제한 규정: 타인의 명의 도용, 매크로 등 불법 프로그램 이용, 재판매(리셀) 목적의 대량 주문으로 판단될 경우 회사는 사전 통보 없이 해당 주문을 임의 취소할 수 있습
니다.

[정책 문서 2: 쇼핑몰 이용약관 및 운영정책.pdf]
3. 주문 취소 정책 (Cancellation Policy)
주문 취소 가능 여부는 배송 진행 단계에 따라 엄격하게 구분됩니다.
입금대기 / 결제완료 — 즉시 취소 가능
: 마이페이지에서 고객이 직접 즉시 취소 처리할 수 있습니다.
상품 준비 중 — 취소 거절 가능
: 포장 및 출고 상태에 따라 취소가 제한되거나 거절될 수 있습니다.
배송 중 — 취소 불가
: 이미 출고되어 배송이 시작된 건은 취소가 불가하며, 상품 수령 후 반품 절차를 통해서만 환불이 가능합니다.

[정책 문서 3: 쇼핑몰 이용약관 및 운영정책.pdf]
TIP
결제 오류 관련 팁 (RAG 응답 기준)
""결제가 안 돼요""라는 문의는 먼저 실제 결제/주문 완료 여부부터 확인하도록 안내하고, 이중 결제가 의심되는 경우 임의로 환불을 약속하지 말고 승인 내역 확인 절차부터 안내합니
다.",8.2359
15,주문,주문 취소,처리 방법이 궁금합니다. 주문번호 {{order_no}} 건을 취소하는 방법을 알려주세요. 자세한 절차도 함께 안내해 주세요.,주문 취소를 원하시면 [마이페이지] > [주문/배송 조회] > [해당 주문 건 선택] > [주문 취소]에서 신청해 주세요.,"[""주문 취소를 원하시면 [마이페이지] > [주문/배송 조회] > [해당 주문 건 선택] > [주문 취소]에서 신청해 주세요.""]","[정책 문서 1: 쇼핑몰 이용약관 및 운영정책.pdf]
3. 주문 취소 정책 (Cancellation Policy)
주문 취소 가능 여부는 배송 진행 단계에 따라 엄격하게 구분됩니다.
입금대기 / 결제완료 — 즉시 취소 가능
: 마이페이지에서 고객이 직접 즉시 취소 처리할 수 있습니다.
상품 준비 중 — 취소 거절 가능
: 포장 및 출고 상태에 따라 취소가 제한되거나 거절될 수 있습니다.
배송 중 — 취소 불가
: 이미 출고되어 배송이 시작된 건은 취소가 불가하며, 상품 수령 후 반품 절차를 통해서만 환불이 가능합니다.

[정책 문서 2: 쇼핑몰 이용약관 및 운영정책.pdf]
1. 주문 정책 (Ordering Policy)

1.1 주문 접수 및 계약 성립 기준
주문 진행 절차: 원하는 상품의 상세 페이지에서 옵션과 수량을 선택한 후 [구매하기]를 누르거나 [장바구니]에 담아 결제를 진행합니다.
주문 성립 시점: 고객이 상품을 선택하여 결제를 완료하고, 시스템에서 [주문 완료] 메시지 또는 알림(이메일/알림톡)이 발송된 시점에 당사 간의 매매 계약이 성립됩니다.
재고 연동 및 품절 안내: 모든 주문은 실시간 재고 확보를 전제로 합니다. 단, 시스템 반영 시차로 인해 결제 완료 후 품절이 발생할 수 있으며, 이 경우 즉시 이메일/문자로 안
내 후 자동 취소 및 전액 환불 절차가 진행됩니다.
주문 제한 규정: 타인의 명의 도용, 매크로 등 불법 프로그램 이용, 재판매(리셀) 목적의 대량 주문으로 판단될 경우 회사는 사전 통보 없이 해당 주문을 임의 취소할 수 있습
니다.

[정책 문서 3: 쇼핑몰 이용약관 및 운영정책.pdf]
4.5 환불 진행 상황 조회 방법
[마이페이지 > 주문내역 > 환불/취소 내역]에서 처리 단계(반품 접수 → 입고 확인 → 검품 승인 → 환불 처리 완료)를 실시간으로 확인할 수 있습니다.
검품 승인 이후 4.4항의 환불 소요 기간이 지나도 반영되지 않은 경우, 결제 수단과 반품 승인일을 확인한 뒤 고객센터로 문의해야 합니다.
부분 환불(일부 품목만 반품 등)의 경우 환불 금액이 전체 결제 금액과 다를 수 있으므로, 반품 접수 시 안내된 예상 환불 금액을 우선 확인합니다.
TIP
환불 조회 관련 팁 (RAG 응답 기준)
""환불 언제 되나요""라는 문의는 먼저 [마이페이지] 조회 경로를 안내하고, 4.4항의 결제 수단별 소요 기간 이내인지 확인한 뒤, 소요 기간을 초과한 경우에만 고객센터 개별 확인으로
연결합니다.",9.4417
16,주문,주문 취소,가능 여부를 문의드립니다. 주문번호 {{order_no}} 건 취소가 가능한가요? 자세한 절차도 함께 안내해 주세요.,주문 취소를 원하시면 [마이페이지] > [주문/배송 조회] > [해당 주문 건 선택] > [주문 취소]에서 신청해 주세요.,"[""주문 취소를 원하시면 [마이페이지] > [주문/배송 조회] > [해당 주문 건 선택] > [주문 취소]에서 신청해 주세요.""]","[정책 문서 1: 쇼핑몰 이용약관 및 운영정책.pdf]
3. 주문 취소 정책 (Cancellation Policy)
주문 취소 가능 여부는 배송 진행 단계에 따라 엄격하게 구분됩니다.
입금대기 / 결제완료 — 즉시 취소 가능
: 마이페이지에서 고객이 직접 즉시 취소 처리할 수 있습니다.
상품 준비 중 — 취소 거절 가능
: 포장 및 출고 상태에 따라 취소가 제한되거나 거절될 수 있습니다.
배송 중 — 취소 불가
: 이미 출고되어 배송이 시작된 건은 취소가 불가하며, 상품 수령 후 반품 절차를 통해서만 환불이 가능합니다.

[정책 문서 2: 쇼핑몰 이용약관 및 운영정책.pdf]
3.1 취소 수수료 규정
일반 상품: 결제 완료 후 '상품 준비 중' 전 단계에서 취소하는 경우 별도의 취소 수수료는 발생하지 않습니다.
사전예약/공동구매 상품: 상품 상세페이지에 안내된 출고 임박 기한(예: 출고 3일 전) 이후 취소 시, 상품가의 일정 비율(예: 5%)이 취소 수수료로 차감될 수 있으며 상품별
로 상이하므로 상세페이지 고지 내용을 우선합니다.
PG사 결제 취소 수수료: 카드사/PG사 정책상 발생하는 결제 취소 통신 수수료는 원칙적으로 회사가 부담하며, 고객에게 별도 청구하지 않습니다.
TIP
취소 관련 팁 (RAG 응답 기준)
취소 문의는 단순히 ""가능/불가능""으로 끝내지 말고, 현재 주문 상태를 먼저 확인하도록 안내한 뒤 각 단계별 처리 방법을 안내해야 합니다. '상품 준비 중' 단계는 판매자(물류센터)
재량에 따라 결과가 달라질 수 있으므로 ""취소 거절될 수 있습니다""와 같이 단정하지 않는 표현을 사용합니다.

[정책 문서 3: 쇼핑몰 이용약관 및 운영정책.pdf]
1. 주문 정책 (Ordering Policy)

1.1 주문 접수 및 계약 성립 기준
주문 진행 절차: 원하는 상품의 상세 페이지에서 옵션과 수량을 선택한 후 [구매하기]를 누르거나 [장바구니]에 담아 결제를 진행합니다.
주문 성립 시점: 고객이 상품을 선택하여 결제를 완료하고, 시스템에서 [주문 완료] 메시지 또는 알림(이메일/알림톡)이 발송된 시점에 당사 간의 매매 계약이 성립됩니다.
재고 연동 및 품절 안내: 모든 주문은 실시간 재고 확보를 전제로 합니다. 단, 시스템 반영 시차로 인해 결제 완료 후 품절이 발생할 수 있으며, 이 경우 즉시 이메일/문자로 안
내 후 자동 취소 및 전액 환불 절차가 진행됩니다.
주문 제한 규정: 타인의 명의 도용, 매크로 등 불법 프로그램 이용, 재판매(리셀) 목적의 대량 주문으로 판단될 경우 회사는 사전 통보 없이 해당 주문을 임의 취소할 수 있습
니다.",10.0543
17,주문,주문 취소,자세한 안내 부탁드립니다. 주문번호 {{order_no}} 건 취소 신청을 도와주세요. 자세한 절차도 함께 안내해 주세요.,주문 취소를 원하시면 [마이페이지] > [주문/배송 조회] > [해당 주문 건 선택] > [주문 취소]에서 신청해 주세요.,"[""주문 취소를 원하시면 [마이페이지] > [주문/배송 조회] > [해당 주문 건 선택] > [주문 취소]에서 신청해 주세요.""]","[정책 문서 1: 쇼핑몰 이용약관 및 운영정책.pdf]
3. 주문 취소 정책 (Cancellation Policy)
주문 취소 가능 여부는 배송 진행 단계에 따라 엄격하게 구분됩니다.
입금대기 / 결제완료 — 즉시 취소 가능
: 마이페이지에서 고객이 직접 즉시 취소 처리할 수 있습니다.
상품 준비 중 — 취소 거절 가능
: 포장 및 출고 상태에 따라 취소가 제한되거나 거절될 수 있습니다.
배송 중 — 취소 불가
: 이미 출고되어 배송이 시작된 건은 취소가 불가하며, 상품 수령 후 반품 절차를 통해서만 환불이 가능합니다.

[정책 문서 2: 쇼핑몰 이용약관 및 운영정책.pdf]
3.1 취소 수수료 규정
일반 상품: 결제 완료 후 '상품 준비 중' 전 단계에서 취소하는 경우 별도의 취소 수수료는 발생하지 않습니다.
사전예약/공동구매 상품: 상품 상세페이지에 안내된 출고 임박 기한(예: 출고 3일 전) 이후 취소 시, 상품가의 일정 비율(예: 5%)이 취소 수수료로 차감될 수 있으며 상품별
로 상이하므로 상세페이지 고지 내용을 우선합니다.
PG사 결제 취소 수수료: 카드사/PG사 정책상 발생하는 결제 취소 통신 수수료는 원칙적으로 회사가 부담하며, 고객에게 별도 청구하지 않습니다.
TIP
취소 관련 팁 (RAG 응답 기준)
취소 문의는 단순히 ""가능/불가능""으로 끝내지 말고, 현재 주문 상태를 먼저 확인하도록 안내한 뒤 각 단계별 처리 방법을 안내해야 합니다. '상품 준비 중' 단계는 판매자(물류센터)
재량에 따라 결과가 달라질 수 있으므로 ""취소 거절될 수 있습니다""와 같이 단정하지 않는 표현을 사용합니다.

[정책 문서 3: 쇼핑몰 이용약관 및 운영정책.pdf]
1. 주문 정책 (Ordering Policy)

1.1 주문 접수 및 계약 성립 기준
주문 진행 절차: 원하는 상품의 상세 페이지에서 옵션과 수량을 선택한 후 [구매하기]를 누르거나 [장바구니]에 담아 결제를 진행합니다.
주문 성립 시점: 고객이 상품을 선택하여 결제를 완료하고, 시스템에서 [주문 완료] 메시지 또는 알림(이메일/알림톡)이 발송된 시점에 당사 간의 매매 계약이 성립됩니다.
재고 연동 및 품절 안내: 모든 주문은 실시간 재고 확보를 전제로 합니다. 단, 시스템 반영 시차로 인해 결제 완료 후 품절이 발생할 수 있으며, 이 경우 즉시 이메일/문자로 안
내 후 자동 취소 및 전액 환불 절차가 진행됩니다.
주문 제한 규정: 타인의 명의 도용, 매크로 등 불법 프로그램 이용, 재판매(리셀) 목적의 대량 주문으로 판단될 경우 회사는 사전 통보 없이 해당 주문을 임의 취소할 수 있습
니다.",9.7004
18,주문,주문 취소,이용 중 궁금한 점이 있습니다. 주문번호 {{order_no}} 건을 취소하고 싶습니다. 자세한 절차도 함께 안내해 주세요.,주문 취소를 원하시면 [마이페이지] > [주문/배송 조회] > [해당 주문 건 선택] > [주문 취소]에서 신청해 주세요.,"[""주문 취소를 원하시면 [마이페이지] > [주문/배송 조회] > [해당 주문 건 선택] > [주문 취소]에서 신청해 주세요.""]","[정책 문서 1: 쇼핑몰 이용약관 및 운영정책.pdf]
3. 주문 취소 정책 (Cancellation Policy)
주문 취소 가능 여부는 배송 진행 단계에 따라 엄격하게 구분됩니다.
입금대기 / 결제완료 — 즉시 취소 가능
: 마이페이지에서 고객이 직접 즉시 취소 처리할 수 있습니다.
상품 준비 중 — 취소 거절 가능
: 포장 및 출고 상태에 따라 취소가 제한되거나 거절될 수 있습니다.
배송 중 — 취소 불가
: 이미 출고되어 배송이 시작된 건은 취소가 불가하며, 상품 수령 후 반품 절차를 통해서만 환불이 가능합니다.

[정책 문서 2: 쇼핑몰 이용약관 및 운영정책.pdf]
1. 주문 정책 (Ordering Policy)

1.1 주문 접수 및 계약 성립 기준
주문 진행 절차: 원하는 상품의 상세 페이지에서 옵션과 수량을 선택한 후 [구매하기]를 누르거나 [장바구니]에 담아 결제를 진행합니다.
주문 성립 시점: 고객이 상품을 선택하여 결제를 완료하고, 시스템에서 [주문 완료] 메시지 또는 알림(이메일/알림톡)이 발송된 시점에 당사 간의 매매 계약이 성립됩니다.
재고 연동 및 품절 안내: 모든 주문은 실시간 재고 확보를 전제로 합니다. 단, 시스템 반영 시차로 인해 결제 완료 후 품절이 발생할 수 있으며, 이 경우 즉시 이메일/문자로 안
내 후 자동 취소 및 전액 환불 절차가 진행됩니다.
주문 제한 규정: 타인의 명의 도용, 매크로 등 불법 프로그램 이용, 재판매(리셀) 목적의 대량 주문으로 판단될 경우 회사는 사전 통보 없이 해당 주문을 임의 취소할 수 있습
니다.

[정책 문서 3: 쇼핑몰 이용약관 및 운영정책.pdf]
3.1 취소 수수료 규정
일반 상품: 결제 완료 후 '상품 준비 중' 전 단계에서 취소하는 경우 별도의 취소 수수료는 발생하지 않습니다.
사전예약/공동구매 상품: 상품 상세페이지에 안내된 출고 임박 기한(예: 출고 3일 전) 이후 취소 시, 상품가의 일정 비율(예: 5%)이 취소 수수료로 차감될 수 있으며 상품별
로 상이하므로 상세페이지 고지 내용을 우선합니다.
PG사 결제 취소 수수료: 카드사/PG사 정책상 발생하는 결제 취소 통신 수수료는 원칙적으로 회사가 부담하며, 고객에게 별도 청구하지 않습니다.
TIP
취소 관련 팁 (RAG 응답 기준)
취소 문의는 단순히 ""가능/불가능""으로 끝내지 말고, 현재 주문 상태를 먼저 확인하도록 안내한 뒤 각 단계별 처리 방법을 안내해야 합니다. '상품 준비 중' 단계는 판매자(물류센터)
재량에 따라 결과가 달라질 수 있으므로 ""취소 거절될 수 있습니다""와 같이 단정하지 않는 표현을 사용합니다.",9.4468
19,주문,주문 취소,직접 처리하려고 합니다. 주문번호 {{order_no}} 건을 취소하고 싶습니다. 자세한 절차도 함께 안내해 주세요.,주문 취소를 원하시면 [마이페이지] > [주문/배송 조회] > [해당 주문 건 선택] > [주문 취소]에서 신청해 주세요.,"[""주문 취소를 원하시면 [마이페이지] > [주문/배송 조회] > [해당 주문 건 선택] > [주문 취소]에서 신청해 주세요.""]","[정책 문서 1: 쇼핑몰 이용약관 및 운영정책.pdf]
3. 주문 취소 정책 (Cancellation Policy)
주문 취소 가능 여부는 배송 진행 단계에 따라 엄격하게 구분됩니다.
입금대기 / 결제완료 — 즉시 취소 가능
: 마이페이지에서 고객이 직접 즉시 취소 처리할 수 있습니다.
상품 준비 중 — 취소 거절 가능
: 포장 및 출고 상태에 따라 취소가 제한되거나 거절될 수 있습니다.
배송 중 — 취소 불가
: 이미 출고되어 배송이 시작된 건은 취소가 불가하며, 상품 수령 후 반품 절차를 통해서만 환불이 가능합니다.

[정책 문서 2: 쇼핑몰 이용약관 및 운영정책.pdf]
1. 주문 정책 (Ordering Policy)

1.1 주문 접수 및 계약 성립 기준
주문 진행 절차: 원하는 상품의 상세 페이지에서 옵션과 수량을 선택한 후 [구매하기]를 누르거나 [장바구니]에 담아 결제를 진행합니다.
주문 성립 시점: 고객이 상품을 선택하여 결제를 완료하고, 시스템에서 [주문 완료] 메시지 또는 알림(이메일/알림톡)이 발송된 시점에 당사 간의 매매 계약이 성립됩니다.
재고 연동 및 품절 안내: 모든 주문은 실시간 재고 확보를 전제로 합니다. 단, 시스템 반영 시차로 인해 결제 완료 후 품절이 발생할 수 있으며, 이 경우 즉시 이메일/문자로 안
내 후 자동 취소 및 전액 환불 절차가 진행됩니다.
주문 제한 규정: 타인의 명의 도용, 매크로 등 불법 프로그램 이용, 재판매(리셀) 목적의 대량 주문으로 판단될 경우 회사는 사전 통보 없이 해당 주문을 임의 취소할 수 있습
니다.

[정책 문서 3: 쇼핑몰 이용약관 및 운영정책.pdf]
9. 미성년자 주문 정책 (Minor's Order Policy)
미성년자(만 19세 미만) 주문의 경우, 법정대리인(부모 등)의 동의 없이 체결된 계약은 「민법」에 따라 본인 또는 법정대리인이 취소할 수 있습니다.
취소 신청 시 법정대리인 관계를 확인할 수 있는 서류(가족관계증명서 등)를 요청할 수 있습니다.
이미 사용/소비되었거나 반품 제한 사유(4.2항)에 해당하는 상품은 미성년자 취소 규정에도 불구하고 반품이 제한될 수 있습니다.
TIP
미성년자 주문 관련 팁 (RAG 응답 기준)
미성년자 본인 명의 취소 요청 시, 단순 변심 반품 규정(7일 이내)보다 우선하여 법정대리인 동의 여부를 먼저 확인하도록 안내합니다.",9.1224
20,주문,주문 취소,처리 과정을 알려주세요. 주문번호 {{order_no}} 건을 취소하고 싶습니다. 자세한 절차도 함께 안내해 주세요.,주문 취소를 원하시면 [마이페이지] > [주문/배송 조회] > [해당 주문 건 선택] > [주문 취소]에서 신청해 주세요.,"[""주문 취소를 원하시면 [마이페이지] > [주문/배송 조회] > [해당 주문 건 선택] > [주문 취소]에서 신청해 주세요.""]","[정책 문서 1: 쇼핑몰 이용약관 및 운영정책.pdf]
3. 주문 취소 정책 (Cancellation Policy)
주문 취소 가능 여부는 배송 진행 단계에 따라 엄격하게 구분됩니다.
입금대기 / 결제완료 — 즉시 취소 가능
: 마이페이지에서 고객이 직접 즉시 취소 처리할 수 있습니다.
상품 준비 중 — 취소 거절 가능
: 포장 및 출고 상태에 따라 취소가 제한되거나 거절될 수 있습니다.
배송 중 — 취소 불가
: 이미 출고되어 배송이 시작된 건은 취소가 불가하며, 상품 수령 후 반품 절차를 통해서만 환불이 가능합니다.

[정책 문서 2: 쇼핑몰 이용약관 및 운영정책.pdf]
3.1 취소 수수료 규정
일반 상품: 결제 완료 후 '상품 준비 중' 전 단계에서 취소하는 경우 별도의 취소 수수료는 발생하지 않습니다.
사전예약/공동구매 상품: 상품 상세페이지에 안내된 출고 임박 기한(예: 출고 3일 전) 이후 취소 시, 상품가의 일정 비율(예: 5%)이 취소 수수료로 차감될 수 있으며 상품별
로 상이하므로 상세페이지 고지 내용을 우선합니다.
PG사 결제 취소 수수료: 카드사/PG사 정책상 발생하는 결제 취소 통신 수수료는 원칙적으로 회사가 부담하며, 고객에게 별도 청구하지 않습니다.
TIP
취소 관련 팁 (RAG 응답 기준)
취소 문의는 단순히 ""가능/불가능""으로 끝내지 말고, 현재 주문 상태를 먼저 확인하도록 안내한 뒤 각 단계별 처리 방법을 안내해야 합니다. '상품 준비 중' 단계는 판매자(물류센터)
재량에 따라 결과가 달라질 수 있으므로 ""취소 거절될 수 있습니다""와 같이 단정하지 않는 표현을 사용합니다.

[정책 문서 3: 쇼핑몰 이용약관 및 운영정책.pdf]
4.5 환불 진행 상황 조회 방법
[마이페이지 > 주문내역 > 환불/취소 내역]에서 처리 단계(반품 접수 → 입고 확인 → 검품 승인 → 환불 처리 완료)를 실시간으로 확인할 수 있습니다.
검품 승인 이후 4.4항의 환불 소요 기간이 지나도 반영되지 않은 경우, 결제 수단과 반품 승인일을 확인한 뒤 고객센터로 문의해야 합니다.
부분 환불(일부 품목만 반품 등)의 경우 환불 금액이 전체 결제 금액과 다를 수 있으므로, 반품 접수 시 안내된 예상 환불 금액을 우선 확인합니다.
TIP
환불 조회 관련 팁 (RAG 응답 기준)
""환불 언제 되나요""라는 문의는 먼저 [마이페이지] 조회 경로를 안내하고, 4.4항의 결제 수단별 소요 기간 이내인지 확인한 뒤, 소요 기간을 초과한 경우에만 고객센터 개별 확인으로
연결합니다.",9.7486
21,주문,주문 취소,처리 과정을 알려주세요. 주문번호 {{order_no}} 건을 잘못 접수해 취소하려고 합니다. 자세한 절차도 함께 안내해 주세요.,주문 취소를 원하시면 [마이페이지] > [주문/배송 조회] > [해당 주문 건 선택] > [주문 취소]에서 신청해 주세요.,"[""주문 취소를 원하시면 [마이페이지] > [주문/배송 조회] > [해당 주문 건 선택] > [주문 취소]에서 신청해 주세요.""]","[정책 문서 1: 쇼핑몰 이용약관 및 운영정책.pdf]
3. 주문 취소 정책 (Cancellation Policy)
주문 취소 가능 여부는 배송 진행 단계에 따라 엄격하게 구분됩니다.
입금대기 / 결제완료 — 즉시 취소 가능
: 마이페이지에서 고객이 직접 즉시 취소 처리할 수 있습니다.
상품 준비 중 — 취소 거절 가능
: 포장 및 출고 상태에 따라 취소가 제한되거나 거절될 수 있습니다.
배송 중 — 취소 불가
: 이미 출고되어 배송이 시작된 건은 취소가 불가하며, 상품 수령 후 반품 절차를 통해서만 환불이 가능합니다.

[정책 문서 2: 쇼핑몰 이용약관 및 운영정책.pdf]
4.5 환불 진행 상황 조회 방법
[마이페이지 > 주문내역 > 환불/취소 내역]에서 처리 단계(반품 접수 → 입고 확인 → 검품 승인 → 환불 처리 완료)를 실시간으로 확인할 수 있습니다.
검품 승인 이후 4.4항의 환불 소요 기간이 지나도 반영되지 않은 경우, 결제 수단과 반품 승인일을 확인한 뒤 고객센터로 문의해야 합니다.
부분 환불(일부 품목만 반품 등)의 경우 환불 금액이 전체 결제 금액과 다를 수 있으므로, 반품 접수 시 안내된 예상 환불 금액을 우선 확인합니다.
TIP
환불 조회 관련 팁 (RAG 응답 기준)
""환불 언제 되나요""라는 문의는 먼저 [마이페이지] 조회 경로를 안내하고, 4.4항의 결제 수단별 소요 기간 이내인지 확인한 뒤, 소요 기간을 초과한 경우에만 고객센터 개별 확인으로
연결합니다.

[정책 문서 3: 쇼핑몰 이용약관 및 운영정책.pdf]
1. 주문 정책 (Ordering Policy)

1.1 주문 접수 및 계약 성립 기준
주문 진행 절차: 원하는 상품의 상세 페이지에서 옵션과 수량을 선택한 후 [구매하기]를 누르거나 [장바구니]에 담아 결제를 진행합니다.
주문 성립 시점: 고객이 상품을 선택하여 결제를 완료하고, 시스템에서 [주문 완료] 메시지 또는 알림(이메일/알림톡)이 발송된 시점에 당사 간의 매매 계약이 성립됩니다.
재고 연동 및 품절 안내: 모든 주문은 실시간 재고 확보를 전제로 합니다. 단, 시스템 반영 시차로 인해 결제 완료 후 품절이 발생할 수 있으며, 이 경우 즉시 이메일/문자로 안
내 후 자동 취소 및 전액 환불 절차가 진행됩니다.
주문 제한 규정: 타인의 명의 도용, 매크로 등 불법 프로그램 이용, 재판매(리셀) 목적의 대량 주문으로 판단될 경우 회사는 사전 통보 없이 해당 주문을 임의 취소할 수 있습
니다.",9.7
22,주문,주문 취소,온라인에서 처리하려고 합니다. 주문번호 {{order_no}} 건을 취소하고 싶습니다. 자세한 절차도 함께 안내해 주세요.,주문 취소를 원하시면 [마이페이지] > [주문/배송 조회] > [해당 주문 건 선택] > [주문 취소]에서 신청해 주세요.,"[""주문 취소를 원하시면 [마이페이지] > [주문/배송 조회] > [해당 주문 건 선택] > [주문 취소]에서 신청해 주세요.""]","[정책 문서 1: 쇼핑몰 이용약관 및 운영정책.pdf]
3. 주문 취소 정책 (Cancellation Policy)
주문 취소 가능 여부는 배송 진행 단계에 따라 엄격하게 구분됩니다.
입금대기 / 결제완료 — 즉시 취소 가능
: 마이페이지에서 고객이 직접 즉시 취소 처리할 수 있습니다.
상품 준비 중 — 취소 거절 가능
: 포장 및 출고 상태에 따라 취소가 제한되거나 거절될 수 있습니다.
배송 중 — 취소 불가
: 이미 출고되어 배송이 시작된 건은 취소가 불가하며, 상품 수령 후 반품 절차를 통해서만 환불이 가능합니다.

[정책 문서 2: 쇼핑몰 이용약관 및 운영정책.pdf]
1. 주문 정책 (Ordering Policy)

1.1 주문 접수 및 계약 성립 기준
주문 진행 절차: 원하는 상품의 상세 페이지에서 옵션과 수량을 선택한 후 [구매하기]를 누르거나 [장바구니]에 담아 결제를 진행합니다.
주문 성립 시점: 고객이 상품을 선택하여 결제를 완료하고, 시스템에서 [주문 완료] 메시지 또는 알림(이메일/알림톡)이 발송된 시점에 당사 간의 매매 계약이 성립됩니다.
재고 연동 및 품절 안내: 모든 주문은 실시간 재고 확보를 전제로 합니다. 단, 시스템 반영 시차로 인해 결제 완료 후 품절이 발생할 수 있으며, 이 경우 즉시 이메일/문자로 안
내 후 자동 취소 및 전액 환불 절차가 진행됩니다.
주문 제한 규정: 타인의 명의 도용, 매크로 등 불법 프로그램 이용, 재판매(리셀) 목적의 대량 주문으로 판단될 경우 회사는 사전 통보 없이 해당 주문을 임의 취소할 수 있습
니다.

[정책 문서 3: 쇼핑몰 이용약관 및 운영정책.pdf]
9. 미성년자 주문 정책 (Minor's Order Policy)
미성년자(만 19세 미만) 주문의 경우, 법정대리인(부모 등)의 동의 없이 체결된 계약은 「민법」에 따라 본인 또는 법정대리인이 취소할 수 있습니다.
취소 신청 시 법정대리인 관계를 확인할 수 있는 서류(가족관계증명서 등)를 요청할 수 있습니다.
이미 사용/소비되었거나 반품 제한 사유(4.2항)에 해당하는 상품은 미성년자 취소 규정에도 불구하고 반품이 제한될 수 있습니다.
TIP
미성년자 주문 관련 팁 (RAG 응답 기준)
미성년자 본인 명의 취소 요청 시, 단순 변심 반품 규정(7일 이내)보다 우선하여 법정대리인 동의 여부를 먼저 확인하도록 안내합니다.",9.2157
23,주문,주문 취소,주문번호 {{order_no}} 건을 취소하고 싶습니다. 가능한 처리 방법을 알려주세요.,주문 취소를 원하시면 [마이페이지] > [주문/배송 조회] > [해당 주문 건 선택] > [주문 취소]에서 신청해 주세요.,"[""주문 취소를 원하시면 [마이페이지] > [주문/배송 조회] > [해당 주문 건 선택] > [주문 취소]에서 신청해 주세요.""]","[정책 문서 1: 쇼핑몰 이용약관 및 운영정책.pdf]
3. 주문 취소 정책 (Cancellation Policy)
주문 취소 가능 여부는 배송 진행 단계에 따라 엄격하게 구분됩니다.
입금대기 / 결제완료 — 즉시 취소 가능
: 마이페이지에서 고객이 직접 즉시 취소 처리할 수 있습니다.
상품 준비 중 — 취소 거절 가능
: 포장 및 출고 상태에 따라 취소가 제한되거나 거절될 수 있습니다.
배송 중 — 취소 불가
: 이미 출고되어 배송이 시작된 건은 취소가 불가하며, 상품 수령 후 반품 절차를 통해서만 환불이 가능합니다.

[정책 문서 2: 쇼핑몰 이용약관 및 운영정책.pdf]
1. 주문 정책 (Ordering Policy)

1.1 주문 접수 및 계약 성립 기준
주문 진행 절차: 원하는 상품의 상세 페이지에서 옵션과 수량을 선택한 후 [구매하기]를 누르거나 [장바구니]에 담아 결제를 진행합니다.
주문 성립 시점: 고객이 상품을 선택하여 결제를 완료하고, 시스템에서 [주문 완료] 메시지 또는 알림(이메일/알림톡)이 발송된 시점에 당사 간의 매매 계약이 성립됩니다.
재고 연동 및 품절 안내: 모든 주문은 실시간 재고 확보를 전제로 합니다. 단, 시스템 반영 시차로 인해 결제 완료 후 품절이 발생할 수 있으며, 이 경우 즉시 이메일/문자로 안
내 후 자동 취소 및 전액 환불 절차가 진행됩니다.
주문 제한 규정: 타인의 명의 도용, 매크로 등 불법 프로그램 이용, 재판매(리셀) 목적의 대량 주문으로 판단될 경우 회사는 사전 통보 없이 해당 주문을 임의 취소할 수 있습
니다.

[정책 문서 3: 쇼핑몰 이용약관 및 운영정책.pdf]
9. 미성년자 주문 정책 (Minor's Order Policy)
미성년자(만 19세 미만) 주문의 경우, 법정대리인(부모 등)의 동의 없이 체결된 계약은 「민법」에 따라 본인 또는 법정대리인이 취소할 수 있습니다.
취소 신청 시 법정대리인 관계를 확인할 수 있는 서류(가족관계증명서 등)를 요청할 수 있습니다.
이미 사용/소비되었거나 반품 제한 사유(4.2항)에 해당하는 상품은 미성년자 취소 규정에도 불구하고 반품이 제한될 수 있습니다.
TIP
미성년자 주문 관련 팁 (RAG 응답 기준)
미성년자 본인 명의 취소 요청 시, 단순 변심 반품 규정(7일 이내)보다 우선하여 법정대리인 동의 여부를 먼저 확인하도록 안내합니다.",9.1673
24,주문,주문 변경,안녕하세요. 주문번호 {{order_no}} 건의 상품을 변경하고 싶습니다. 가능한 처리 방법을 알려주세요.,"주문 완료 후에는 상품, 옵션 및 수량을 변경할 수 없습니다. 변경이 필요하면 기존 주문을 취소한 후 다시 주문해 주세요.","[""주문 완료 후에는 상품, 옵션 및 수량을 변경할 수 없습니다. 변경이 필요하면 기존 주문을 취소한 후 다시 주문해 주세요.""]","[정책 문서 1: 쇼핑몰 이용약관 및 운영정책.pdf]
1.2 주문 정보 변경 (배송지 및 옵션)
변경 가능 단계: 주문 상태가 '입금 대기' 또는 '결제 완료' 단계일 경우에만 [마이페이지 > 주문내역]에서 직접 변경하거나 고객센터를 통해 변경 신청이 가능합니다.
변경 불가 단계: 주문 상태가 '상품 준비 중' 또는 '배송 중'으로 전환된 이후에는 물류센터 포장 및 송장 출력 작업이 완료되어 배송지 및 옵션 변경이 불가합니다. 이 경우 상
품 수령 후 반품/교환 절차를 따라야 합니다.

[정책 문서 2: 쇼핑몰 이용약관 및 운영정책.pdf]
1.3 주문 상품 구성(품목·옵션·수량) 변경 불가 안내
배송지·수령인 정보와 달리, 이미 결제 완료된 주문의 
상품 품목, 옵션(색상/사이즈 등), 수량
은 주문 상태와 무관하게 변경이 불가합니다.
변경이 필요한 경우 기존 주문을 취소한 후 원하는 구성으로 다시 주문해야 하며, 이미 '상품 준비 중' 이후 단계라면 취소 불가 규정(3항)이 함께 적용됩니다.
수량을 늘리고 싶은 경우도 기존 주문 수정이 아닌 신규 주문으로 진행해야 합니다.
TIP
주문 관련 팁 (RAG 응답 기준)
고객이 주문 후 배송지 변경을 요청할 때, 주문 상태가 '결제 완료' 이하인지 먼저 확인해야 합니다. 이미 '상품 준비 중'으로 변경된 경우 물류 시스템 특성상 자동 수정이 불가능합니
다.

2. 결제 정책 (Payment Policy)

[정책 문서 3: 쇼핑몰 이용약관 및 운영정책.pdf]
5. 교환 정책 (Exchange Policy)
동일 상품 옵션 교환: 동일 상품의 색상 또는 사이즈 변경은 재고가 있는 경우 7일 이내 교환이 가능하며, 왕복 배송비는 고객 부담입니다.
타 상품으로의 교환: 다른 상품으로의 직접 교환은 불가하므로, 기존 주문을 [반품/환불] 처리한 후 원하시는 상품으로 재주문하셔야 합니다.
불량 및 오배송 교환: 동일 상품으로 무상 맞교환을 원칙으로 하며, 단종 또는 품절 시에는 전액 환불 처리됩니다.

6. 배송 정책 (Shipping Policy)",8.4276
25,주문,주문 변경,문의드립니다. 주문번호 {{order_no}} 건에서 일부 상품을 제외하고 싶습니다. 가능한 처리 방법을 알려주세요.,"주문 완료 후에는 상품, 옵션 및 수량을 변경할 수 없습니다. 변경이 필요하면 기존 주문을 취소한 후 다시 주문해 주세요.","[""주문 완료 후에는 상품, 옵션 및 수량을 변경할 수 없습니다. 변경이 필요하면 기존 주문을 취소한 후 다시 주문해 주세요.""]","[정책 문서 1: 쇼핑몰 이용약관 및 운영정책.pdf]
1. 주문 정책 (Ordering Policy)

1.1 주문 접수 및 계약 성립 기준
주문 진행 절차: 원하는 상품의 상세 페이지에서 옵션과 수량을 선택한 후 [구매하기]를 누르거나 [장바구니]에 담아 결제를 진행합니다.
주문 성립 시점: 고객이 상품을 선택하여 결제를 완료하고, 시스템에서 [주문 완료] 메시지 또는 알림(이메일/알림톡)이 발송된 시점에 당사 간의 매매 계약이 성립됩니다.
재고 연동 및 품절 안내: 모든 주문은 실시간 재고 확보를 전제로 합니다. 단, 시스템 반영 시차로 인해 결제 완료 후 품절이 발생할 수 있으며, 이 경우 즉시 이메일/문자로 안
내 후 자동 취소 및 전액 환불 절차가 진행됩니다.
주문 제한 규정: 타인의 명의 도용, 매크로 등 불법 프로그램 이용, 재판매(리셀) 목적의 대량 주문으로 판단될 경우 회사는 사전 통보 없이 해당 주문을 임의 취소할 수 있습
니다.

[정책 문서 2: 쇼핑몰 이용약관 및 운영정책.pdf]
3. 주문 취소 정책 (Cancellation Policy)
주문 취소 가능 여부는 배송 진행 단계에 따라 엄격하게 구분됩니다.
입금대기 / 결제완료 — 즉시 취소 가능
: 마이페이지에서 고객이 직접 즉시 취소 처리할 수 있습니다.
상품 준비 중 — 취소 거절 가능
: 포장 및 출고 상태에 따라 취소가 제한되거나 거절될 수 있습니다.
배송 중 — 취소 불가
: 이미 출고되어 배송이 시작된 건은 취소가 불가하며, 상품 수령 후 반품 절차를 통해서만 환불이 가능합니다.

[정책 문서 3: 쇼핑몰 이용약관 및 운영정책.pdf]
1.3 주문 상품 구성(품목·옵션·수량) 변경 불가 안내
배송지·수령인 정보와 달리, 이미 결제 완료된 주문의 
상품 품목, 옵션(색상/사이즈 등), 수량
은 주문 상태와 무관하게 변경이 불가합니다.
변경이 필요한 경우 기존 주문을 취소한 후 원하는 구성으로 다시 주문해야 하며, 이미 '상품 준비 중' 이후 단계라면 취소 불가 규정(3항)이 함께 적용됩니다.
수량을 늘리고 싶은 경우도 기존 주문 수정이 아닌 신규 주문으로 진행해야 합니다.
TIP
주문 관련 팁 (RAG 응답 기준)
고객이 주문 후 배송지 변경을 요청할 때, 주문 상태가 '결제 완료' 이하인지 먼저 확인해야 합니다. 이미 '상품 준비 중'으로 변경된 경우 물류 시스템 특성상 자동 수정이 불가능합니
다.

2. 결제 정책 (Payment Policy)",9.3798
26,주문,주문 변경,확인 부탁드립니다. 주문번호 {{order_no}} 건의 옵션을 수정할 수 있나요? 가능한 처리 방법을 알려주세요.,"주문 완료 후에는 상품, 옵션 및 수량을 변경할 수 없습니다. 변경이 필요하면 기존 주문을 취소한 후 다시 주문해 주세요.","[""주문 완료 후에는 상품, 옵션 및 수량을 변경할 수 없습니다. 변경이 필요하면 기존 주문을 취소한 후 다시 주문해 주세요.""]","[정책 문서 1: 쇼핑몰 이용약관 및 운영정책.pdf]
1.2 주문 정보 변경 (배송지 및 옵션)
변경 가능 단계: 주문 상태가 '입금 대기' 또는 '결제 완료' 단계일 경우에만 [마이페이지 > 주문내역]에서 직접 변경하거나 고객센터를 통해 변경 신청이 가능합니다.
변경 불가 단계: 주문 상태가 '상품 준비 중' 또는 '배송 중'으로 전환된 이후에는 물류센터 포장 및 송장 출력 작업이 완료되어 배송지 및 옵션 변경이 불가합니다. 이 경우 상
품 수령 후 반품/교환 절차를 따라야 합니다.

[정책 문서 2: 쇼핑몰 이용약관 및 운영정책.pdf]
1.3 주문 상품 구성(품목·옵션·수량) 변경 불가 안내
배송지·수령인 정보와 달리, 이미 결제 완료된 주문의 
상품 품목, 옵션(색상/사이즈 등), 수량
은 주문 상태와 무관하게 변경이 불가합니다.
변경이 필요한 경우 기존 주문을 취소한 후 원하는 구성으로 다시 주문해야 하며, 이미 '상품 준비 중' 이후 단계라면 취소 불가 규정(3항)이 함께 적용됩니다.
수량을 늘리고 싶은 경우도 기존 주문 수정이 아닌 신규 주문으로 진행해야 합니다.
TIP
주문 관련 팁 (RAG 응답 기준)
고객이 주문 후 배송지 변경을 요청할 때, 주문 상태가 '결제 완료' 이하인지 먼저 확인해야 합니다. 이미 '상품 준비 중'으로 변경된 경우 물류 시스템 특성상 자동 수정이 불가능합니
다.

2. 결제 정책 (Payment Policy)

[정책 문서 3: 쇼핑몰 이용약관 및 운영정책.pdf]
1. 주문 정책 (Ordering Policy)

1.1 주문 접수 및 계약 성립 기준
주문 진행 절차: 원하는 상품의 상세 페이지에서 옵션과 수량을 선택한 후 [구매하기]를 누르거나 [장바구니]에 담아 결제를 진행합니다.
주문 성립 시점: 고객이 상품을 선택하여 결제를 완료하고, 시스템에서 [주문 완료] 메시지 또는 알림(이메일/알림톡)이 발송된 시점에 당사 간의 매매 계약이 성립됩니다.
재고 연동 및 품절 안내: 모든 주문은 실시간 재고 확보를 전제로 합니다. 단, 시스템 반영 시차로 인해 결제 완료 후 품절이 발생할 수 있으며, 이 경우 즉시 이메일/문자로 안
내 후 자동 취소 및 전액 환불 절차가 진행됩니다.
주문 제한 규정: 타인의 명의 도용, 매크로 등 불법 프로그램 이용, 재판매(리셀) 목적의 대량 주문으로 판단될 경우 회사는 사전 통보 없이 해당 주문을 임의 취소할 수 있습
니다.",8.7971
27,주문,주문 변경,도움이 필요합니다. 주문번호 {{order_no}} 건의 상품을 변경하고 싶습니다. 가능한 처리 방법을 알려주세요.,"주문 완료 후에는 상품, 옵션 및 수량을 변경할 수 없습니다. 변경이 필요하면 기존 주문을 취소한 후 다시 주문해 주세요.","[""주문 완료 후에는 상품, 옵션 및 수량을 변경할 수 없습니다. 변경이 필요하면 기존 주문을 취소한 후 다시 주문해 주세요.""]","[정책 문서 1: 쇼핑몰 이용약관 및 운영정책.pdf]
1.2 주문 정보 변경 (배송지 및 옵션)
변경 가능 단계: 주문 상태가 '입금 대기' 또는 '결제 완료' 단계일 경우에만 [마이페이지 > 주문내역]에서 직접 변경하거나 고객센터를 통해 변경 신청이 가능합니다.
변경 불가 단계: 주문 상태가 '상품 준비 중' 또는 '배송 중'으로 전환된 이후에는 물류센터 포장 및 송장 출력 작업이 완료되어 배송지 및 옵션 변경이 불가합니다. 이 경우 상
품 수령 후 반품/교환 절차를 따라야 합니다.

[정책 문서 2: 쇼핑몰 이용약관 및 운영정책.pdf]
1.3 주문 상품 구성(품목·옵션·수량) 변경 불가 안내
배송지·수령인 정보와 달리, 이미 결제 완료된 주문의 
상품 품목, 옵션(색상/사이즈 등), 수량
은 주문 상태와 무관하게 변경이 불가합니다.
변경이 필요한 경우 기존 주문을 취소한 후 원하는 구성으로 다시 주문해야 하며, 이미 '상품 준비 중' 이후 단계라면 취소 불가 규정(3항)이 함께 적용됩니다.
수량을 늘리고 싶은 경우도 기존 주문 수정이 아닌 신규 주문으로 진행해야 합니다.
TIP
주문 관련 팁 (RAG 응답 기준)
고객이 주문 후 배송지 변경을 요청할 때, 주문 상태가 '결제 완료' 이하인지 먼저 확인해야 합니다. 이미 '상품 준비 중'으로 변경된 경우 물류 시스템 특성상 자동 수정이 불가능합니
다.

2. 결제 정책 (Payment Policy)

[정책 문서 3: 쇼핑몰 이용약관 및 운영정책.pdf]
5. 교환 정책 (Exchange Policy)
동일 상품 옵션 교환: 동일 상품의 색상 또는 사이즈 변경은 재고가 있는 경우 7일 이내 교환이 가능하며, 왕복 배송비는 고객 부담입니다.
타 상품으로의 교환: 다른 상품으로의 직접 교환은 불가하므로, 기존 주문을 [반품/환불] 처리한 후 원하시는 상품으로 재주문하셔야 합니다.
불량 및 오배송 교환: 동일 상품으로 무상 맞교환을 원칙으로 하며, 단종 또는 품절 시에는 전액 환불 처리됩니다.

6. 배송 정책 (Shipping Policy)",8.4627
28,주문,주문 변경,도움이 필요합니다. 주문번호 {{order_no}} 건의 수량을 바꾸고 싶습니다. 가능한 처리 방법을 알려주세요.,"주문 완료 후에는 상품, 옵션 및 수량을 변경할 수 없습니다. 변경이 필요하면 기존 주문을 취소한 후 다시 주문해 주세요.","[""주문 완료 후에는 상품, 옵션 및 수량을 변경할 수 없습니다. 변경이 필요하면 기존 주문을 취소한 후 다시 주문해 주세요.""]","[정책 문서 1: 쇼핑몰 이용약관 및 운영정책.pdf]
1.3 주문 상품 구성(품목·옵션·수량) 변경 불가 안내
배송지·수령인 정보와 달리, 이미 결제 완료된 주문의 
상품 품목, 옵션(색상/사이즈 등), 수량
은 주문 상태와 무관하게 변경이 불가합니다.
변경이 필요한 경우 기존 주문을 취소한 후 원하는 구성으로 다시 주문해야 하며, 이미 '상품 준비 중' 이후 단계라면 취소 불가 규정(3항)이 함께 적용됩니다.
수량을 늘리고 싶은 경우도 기존 주문 수정이 아닌 신규 주문으로 진행해야 합니다.
TIP
주문 관련 팁 (RAG 응답 기준)
고객이 주문 후 배송지 변경을 요청할 때, 주문 상태가 '결제 완료' 이하인지 먼저 확인해야 합니다. 이미 '상품 준비 중'으로 변경된 경우 물류 시스템 특성상 자동 수정이 불가능합니
다.

2. 결제 정책 (Payment Policy)

[정책 문서 2: 쇼핑몰 이용약관 및 운영정책.pdf]
1.2 주문 정보 변경 (배송지 및 옵션)
변경 가능 단계: 주문 상태가 '입금 대기' 또는 '결제 완료' 단계일 경우에만 [마이페이지 > 주문내역]에서 직접 변경하거나 고객센터를 통해 변경 신청이 가능합니다.
변경 불가 단계: 주문 상태가 '상품 준비 중' 또는 '배송 중'으로 전환된 이후에는 물류센터 포장 및 송장 출력 작업이 완료되어 배송지 및 옵션 변경이 불가합니다. 이 경우 상
품 수령 후 반품/교환 절차를 따라야 합니다.

[정책 문서 3: 쇼핑몰 이용약관 및 운영정책.pdf]
1. 주문 정책 (Ordering Policy)

1.1 주문 접수 및 계약 성립 기준
주문 진행 절차: 원하는 상품의 상세 페이지에서 옵션과 수량을 선택한 후 [구매하기]를 누르거나 [장바구니]에 담아 결제를 진행합니다.
주문 성립 시점: 고객이 상품을 선택하여 결제를 완료하고, 시스템에서 [주문 완료] 메시지 또는 알림(이메일/알림톡)이 발송된 시점에 당사 간의 매매 계약이 성립됩니다.
재고 연동 및 품절 안내: 모든 주문은 실시간 재고 확보를 전제로 합니다. 단, 시스템 반영 시차로 인해 결제 완료 후 품절이 발생할 수 있으며, 이 경우 즉시 이메일/문자로 안
내 후 자동 취소 및 전액 환불 절차가 진행됩니다.
주문 제한 규정: 타인의 명의 도용, 매크로 등 불법 프로그램 이용, 재판매(리셀) 목적의 대량 주문으로 판단될 경우 회사는 사전 통보 없이 해당 주문을 임의 취소할 수 있습
니다.",9.0766
29,주문,주문 변경,절차를 안내받고 싶습니다. 주문번호 {{order_no}} 건의 옵션을 수정할 수 있나요? 가능한 처리 방법을 알려주세요.,"주문 완료 후에는 상품, 옵션 및 수량을 변경할 수 없습니다. 변경이 필요하면 기존 주문을 취소한 후 다시 주문해 주세요.","[""주문 완료 후에는 상품, 옵션 및 수량을 변경할 수 없습니다. 변경이 필요하면 기존 주문을 취소한 후 다시 주문해 주세요.""]","[정책 문서 1: 쇼핑몰 이용약관 및 운영정책.pdf]
1.2 주문 정보 변경 (배송지 및 옵션)
변경 가능 단계: 주문 상태가 '입금 대기' 또는 '결제 완료' 단계일 경우에만 [마이페이지 > 주문내역]에서 직접 변경하거나 고객센터를 통해 변경 신청이 가능합니다.
변경 불가 단계: 주문 상태가 '상품 준비 중' 또는 '배송 중'으로 전환된 이후에는 물류센터 포장 및 송장 출력 작업이 완료되어 배송지 및 옵션 변경이 불가합니다. 이 경우 상
품 수령 후 반품/교환 절차를 따라야 합니다.

[정책 문서 2: 쇼핑몰 이용약관 및 운영정책.pdf]
1.3 주문 상품 구성(품목·옵션·수량) 변경 불가 안내
배송지·수령인 정보와 달리, 이미 결제 완료된 주문의 
상품 품목, 옵션(색상/사이즈 등), 수량
은 주문 상태와 무관하게 변경이 불가합니다.
변경이 필요한 경우 기존 주문을 취소한 후 원하는 구성으로 다시 주문해야 하며, 이미 '상품 준비 중' 이후 단계라면 취소 불가 규정(3항)이 함께 적용됩니다.
수량을 늘리고 싶은 경우도 기존 주문 수정이 아닌 신규 주문으로 진행해야 합니다.
TIP
주문 관련 팁 (RAG 응답 기준)
고객이 주문 후 배송지 변경을 요청할 때, 주문 상태가 '결제 완료' 이하인지 먼저 확인해야 합니다. 이미 '상품 준비 중'으로 변경된 경우 물류 시스템 특성상 자동 수정이 불가능합니
다.

2. 결제 정책 (Payment Policy)

[정책 문서 3: 쇼핑몰 이용약관 및 운영정책.pdf]
1. 주문 정책 (Ordering Policy)

1.1 주문 접수 및 계약 성립 기준
주문 진행 절차: 원하는 상품의 상세 페이지에서 옵션과 수량을 선택한 후 [구매하기]를 누르거나 [장바구니]에 담아 결제를 진행합니다.
주문 성립 시점: 고객이 상품을 선택하여 결제를 완료하고, 시스템에서 [주문 완료] 메시지 또는 알림(이메일/알림톡)이 발송된 시점에 당사 간의 매매 계약이 성립됩니다.
재고 연동 및 품절 안내: 모든 주문은 실시간 재고 확보를 전제로 합니다. 단, 시스템 반영 시차로 인해 결제 완료 후 품절이 발생할 수 있으며, 이 경우 즉시 이메일/문자로 안
내 후 자동 취소 및 전액 환불 절차가 진행됩니다.
주문 제한 규정: 타인의 명의 도용, 매크로 등 불법 프로그램 이용, 재판매(리셀) 목적의 대량 주문으로 판단될 경우 회사는 사전 통보 없이 해당 주문을 임의 취소할 수 있습
니다.",9.3696
30,주문,주문 변경,가능 여부를 문의드립니다. 주문번호 {{order_no}} 건에 상품을 추가할 수 있나요? 가능한 처리 방법을 알려주세요.,"주문 완료 후에는 상품, 옵션 및 수량을 변경할 수 없습니다. 변경이 필요하면 기존 주문을 취소한 후 다시 주문해 주세요.","[""주문 완료 후에는 상품, 옵션 및 수량을 변경할 수 없습니다. 변경이 필요하면 기존 주문을 취소한 후 다시 주문해 주세요.""]","[정책 문서 1: 쇼핑몰 이용약관 및 운영정책.pdf]
1. 주문 정책 (Ordering Policy)

1.1 주문 접수 및 계약 성립 기준
주문 진행 절차: 원하는 상품의 상세 페이지에서 옵션과 수량을 선택한 후 [구매하기]를 누르거나 [장바구니]에 담아 결제를 진행합니다.
주문 성립 시점: 고객이 상품을 선택하여 결제를 완료하고, 시스템에서 [주문 완료] 메시지 또는 알림(이메일/알림톡)이 발송된 시점에 당사 간의 매매 계약이 성립됩니다.
재고 연동 및 품절 안내: 모든 주문은 실시간 재고 확보를 전제로 합니다. 단, 시스템 반영 시차로 인해 결제 완료 후 품절이 발생할 수 있으며, 이 경우 즉시 이메일/문자로 안
내 후 자동 취소 및 전액 환불 절차가 진행됩니다.
주문 제한 규정: 타인의 명의 도용, 매크로 등 불법 프로그램 이용, 재판매(리셀) 목적의 대량 주문으로 판단될 경우 회사는 사전 통보 없이 해당 주문을 임의 취소할 수 있습
니다.

[정책 문서 2: 쇼핑몰 이용약관 및 운영정책.pdf]
3. 주문 취소 정책 (Cancellation Policy)
주문 취소 가능 여부는 배송 진행 단계에 따라 엄격하게 구분됩니다.
입금대기 / 결제완료 — 즉시 취소 가능
: 마이페이지에서 고객이 직접 즉시 취소 처리할 수 있습니다.
상품 준비 중 — 취소 거절 가능
: 포장 및 출고 상태에 따라 취소가 제한되거나 거절될 수 있습니다.
배송 중 — 취소 불가
: 이미 출고되어 배송이 시작된 건은 취소가 불가하며, 상품 수령 후 반품 절차를 통해서만 환불이 가능합니다.

[정책 문서 3: 쇼핑몰 이용약관 및 운영정책.pdf]
1.3 주문 상품 구성(품목·옵션·수량) 변경 불가 안내
배송지·수령인 정보와 달리, 이미 결제 완료된 주문의 
상품 품목, 옵션(색상/사이즈 등), 수량
은 주문 상태와 무관하게 변경이 불가합니다.
변경이 필요한 경우 기존 주문을 취소한 후 원하는 구성으로 다시 주문해야 하며, 이미 '상품 준비 중' 이후 단계라면 취소 불가 규정(3항)이 함께 적용됩니다.
수량을 늘리고 싶은 경우도 기존 주문 수정이 아닌 신규 주문으로 진행해야 합니다.
TIP
주문 관련 팁 (RAG 응답 기준)
고객이 주문 후 배송지 변경을 요청할 때, 주문 상태가 '결제 완료' 이하인지 먼저 확인해야 합니다. 이미 '상품 준비 중'으로 변경된 경우 물류 시스템 특성상 자동 수정이 불가능합니
다.

2. 결제 정책 (Payment Policy)",8.773
31,주문,주문 변경,처리 전에 확인하고 싶습니다. 주문번호 {{order_no}} 건의 변경 가능 여부를 확인해 주세요. 가능한 처리 방법을 알려주세요.,"주문 완료 후에는 상품, 옵션 및 수량을 변경할 수 없습니다. 변경이 필요하면 기존 주문을 취소한 후 다시 주문해 주세요.","[""주문 완료 후에는 상품, 옵션 및 수량을 변경할 수 없습니다. 변경이 필요하면 기존 주문을 취소한 후 다시 주문해 주세요.""]","[정책 문서 1: 쇼핑몰 이용약관 및 운영정책.pdf]
1.2 주문 정보 변경 (배송지 및 옵션)
변경 가능 단계: 주문 상태가 '입금 대기' 또는 '결제 완료' 단계일 경우에만 [마이페이지 > 주문내역]에서 직접 변경하거나 고객센터를 통해 변경 신청이 가능합니다.
변경 불가 단계: 주문 상태가 '상품 준비 중' 또는 '배송 중'으로 전환된 이후에는 물류센터 포장 및 송장 출력 작업이 완료되어 배송지 및 옵션 변경이 불가합니다. 이 경우 상
품 수령 후 반품/교환 절차를 따라야 합니다.

[정책 문서 2: 쇼핑몰 이용약관 및 운영정책.pdf]
1.3 주문 상품 구성(품목·옵션·수량) 변경 불가 안내
배송지·수령인 정보와 달리, 이미 결제 완료된 주문의 
상품 품목, 옵션(색상/사이즈 등), 수량
은 주문 상태와 무관하게 변경이 불가합니다.
변경이 필요한 경우 기존 주문을 취소한 후 원하는 구성으로 다시 주문해야 하며, 이미 '상품 준비 중' 이후 단계라면 취소 불가 규정(3항)이 함께 적용됩니다.
수량을 늘리고 싶은 경우도 기존 주문 수정이 아닌 신규 주문으로 진행해야 합니다.
TIP
주문 관련 팁 (RAG 응답 기준)
고객이 주문 후 배송지 변경을 요청할 때, 주문 상태가 '결제 완료' 이하인지 먼저 확인해야 합니다. 이미 '상품 준비 중'으로 변경된 경우 물류 시스템 특성상 자동 수정이 불가능합니
다.

2. 결제 정책 (Payment Policy)

[정책 문서 3: 쇼핑몰 이용약관 및 운영정책.pdf]
TIP
결제 오류 관련 팁 (RAG 응답 기준)
""결제가 안 돼요""라는 문의는 먼저 실제 결제/주문 완료 여부부터 확인하도록 안내하고, 이중 결제가 의심되는 경우 임의로 환불을 약속하지 말고 승인 내역 확인 절차부터 안내합니
다.",7.8905
32,주문,주문 변경,처리 과정을 알려주세요. 주문번호 {{order_no}} 건에서 일부 상품을 제외하고 싶습니다. 가능한 처리 방법을 알려주세요.,"주문 완료 후에는 상품, 옵션 및 수량을 변경할 수 없습니다. 변경이 필요하면 기존 주문을 취소한 후 다시 주문해 주세요.","[""주문 완료 후에는 상품, 옵션 및 수량을 변경할 수 없습니다. 변경이 필요하면 기존 주문을 취소한 후 다시 주문해 주세요.""]","[정책 문서 1: 쇼핑몰 이용약관 및 운영정책.pdf]
1. 주문 정책 (Ordering Policy)

1.1 주문 접수 및 계약 성립 기준
주문 진행 절차: 원하는 상품의 상세 페이지에서 옵션과 수량을 선택한 후 [구매하기]를 누르거나 [장바구니]에 담아 결제를 진행합니다.
주문 성립 시점: 고객이 상품을 선택하여 결제를 완료하고, 시스템에서 [주문 완료] 메시지 또는 알림(이메일/알림톡)이 발송된 시점에 당사 간의 매매 계약이 성립됩니다.
재고 연동 및 품절 안내: 모든 주문은 실시간 재고 확보를 전제로 합니다. 단, 시스템 반영 시차로 인해 결제 완료 후 품절이 발생할 수 있으며, 이 경우 즉시 이메일/문자로 안
내 후 자동 취소 및 전액 환불 절차가 진행됩니다.
주문 제한 규정: 타인의 명의 도용, 매크로 등 불법 프로그램 이용, 재판매(리셀) 목적의 대량 주문으로 판단될 경우 회사는 사전 통보 없이 해당 주문을 임의 취소할 수 있습
니다.

[정책 문서 2: 쇼핑몰 이용약관 및 운영정책.pdf]
3. 주문 취소 정책 (Cancellation Policy)
주문 취소 가능 여부는 배송 진행 단계에 따라 엄격하게 구분됩니다.
입금대기 / 결제완료 — 즉시 취소 가능
: 마이페이지에서 고객이 직접 즉시 취소 처리할 수 있습니다.
상품 준비 중 — 취소 거절 가능
: 포장 및 출고 상태에 따라 취소가 제한되거나 거절될 수 있습니다.
배송 중 — 취소 불가
: 이미 출고되어 배송이 시작된 건은 취소가 불가하며, 상품 수령 후 반품 절차를 통해서만 환불이 가능합니다.

[정책 문서 3: 쇼핑몰 이용약관 및 운영정책.pdf]
1.2 주문 정보 변경 (배송지 및 옵션)
변경 가능 단계: 주문 상태가 '입금 대기' 또는 '결제 완료' 단계일 경우에만 [마이페이지 > 주문내역]에서 직접 변경하거나 고객센터를 통해 변경 신청이 가능합니다.
변경 불가 단계: 주문 상태가 '상품 준비 중' 또는 '배송 중'으로 전환된 이후에는 물류센터 포장 및 송장 출력 작업이 완료되어 배송지 및 옵션 변경이 불가합니다. 이 경우 상
품 수령 후 반품/교환 절차를 따라야 합니다.",8.8131
33,주문,주문 변경,현재 상황을 확인하고 싶습니다. 주문번호 {{order_no}} 건의 수량을 바꾸고 싶습니다. 가능한 처리 방법을 알려주세요.,"주문 완료 후에는 상품, 옵션 및 수량을 변경할 수 없습니다. 변경이 필요하면 기존 주문을 취소한 후 다시 주문해 주세요.","[""주문 완료 후에는 상품, 옵션 및 수량을 변경할 수 없습니다. 변경이 필요하면 기존 주문을 취소한 후 다시 주문해 주세요.""]","[정책 문서 1: 쇼핑몰 이용약관 및 운영정책.pdf]
1.2 주문 정보 변경 (배송지 및 옵션)
변경 가능 단계: 주문 상태가 '입금 대기' 또는 '결제 완료' 단계일 경우에만 [마이페이지 > 주문내역]에서 직접 변경하거나 고객센터를 통해 변경 신청이 가능합니다.
변경 불가 단계: 주문 상태가 '상품 준비 중' 또는 '배송 중'으로 전환된 이후에는 물류센터 포장 및 송장 출력 작업이 완료되어 배송지 및 옵션 변경이 불가합니다. 이 경우 상
품 수령 후 반품/교환 절차를 따라야 합니다.

[정책 문서 2: 쇼핑몰 이용약관 및 운영정책.pdf]
1.3 주문 상품 구성(품목·옵션·수량) 변경 불가 안내
배송지·수령인 정보와 달리, 이미 결제 완료된 주문의 
상품 품목, 옵션(색상/사이즈 등), 수량
은 주문 상태와 무관하게 변경이 불가합니다.
변경이 필요한 경우 기존 주문을 취소한 후 원하는 구성으로 다시 주문해야 하며, 이미 '상품 준비 중' 이후 단계라면 취소 불가 규정(3항)이 함께 적용됩니다.
수량을 늘리고 싶은 경우도 기존 주문 수정이 아닌 신규 주문으로 진행해야 합니다.
TIP
주문 관련 팁 (RAG 응답 기준)
고객이 주문 후 배송지 변경을 요청할 때, 주문 상태가 '결제 완료' 이하인지 먼저 확인해야 합니다. 이미 '상품 준비 중'으로 변경된 경우 물류 시스템 특성상 자동 수정이 불가능합니
다.

2. 결제 정책 (Payment Policy)

[정책 문서 3: 쇼핑몰 이용약관 및 운영정책.pdf]
4.5 환불 진행 상황 조회 방법
[마이페이지 > 주문내역 > 환불/취소 내역]에서 처리 단계(반품 접수 → 입고 확인 → 검품 승인 → 환불 처리 완료)를 실시간으로 확인할 수 있습니다.
검품 승인 이후 4.4항의 환불 소요 기간이 지나도 반영되지 않은 경우, 결제 수단과 반품 승인일을 확인한 뒤 고객센터로 문의해야 합니다.
부분 환불(일부 품목만 반품 등)의 경우 환불 금액이 전체 결제 금액과 다를 수 있으므로, 반품 접수 시 안내된 예상 환불 금액을 우선 확인합니다.
TIP
환불 조회 관련 팁 (RAG 응답 기준)
""환불 언제 되나요""라는 문의는 먼저 [마이페이지] 조회 경로를 안내하고, 4.4항의 결제 수단별 소요 기간 이내인지 확인한 뒤, 소요 기간을 초과한 경우에만 고객센터 개별 확인으로
연결합니다.",9.1574
34,주문,주문 변경,온라인에서 처리하려고 합니다. 주문번호 {{order_no}} 건의 상품을 변경하고 싶습니다. 가능한 처리 방법을 알려주세요.,"주문 완료 후에는 상품, 옵션 및 수량을 변경할 수 없습니다. 변경이 필요하면 기존 주문을 취소한 후 다시 주문해 주세요.","[""주문 완료 후에는 상품, 옵션 및 수량을 변경할 수 없습니다. 변경이 필요하면 기존 주문을 취소한 후 다시 주문해 주세요.""]","[정책 문서 1: 쇼핑몰 이용약관 및 운영정책.pdf]
1.2 주문 정보 변경 (배송지 및 옵션)
변경 가능 단계: 주문 상태가 '입금 대기' 또는 '결제 완료' 단계일 경우에만 [마이페이지 > 주문내역]에서 직접 변경하거나 고객센터를 통해 변경 신청이 가능합니다.
변경 불가 단계: 주문 상태가 '상품 준비 중' 또는 '배송 중'으로 전환된 이후에는 물류센터 포장 및 송장 출력 작업이 완료되어 배송지 및 옵션 변경이 불가합니다. 이 경우 상
품 수령 후 반품/교환 절차를 따라야 합니다.

[정책 문서 2: 쇼핑몰 이용약관 및 운영정책.pdf]
1.3 주문 상품 구성(품목·옵션·수량) 변경 불가 안내
배송지·수령인 정보와 달리, 이미 결제 완료된 주문의 
상품 품목, 옵션(색상/사이즈 등), 수량
은 주문 상태와 무관하게 변경이 불가합니다.
변경이 필요한 경우 기존 주문을 취소한 후 원하는 구성으로 다시 주문해야 하며, 이미 '상품 준비 중' 이후 단계라면 취소 불가 규정(3항)이 함께 적용됩니다.
수량을 늘리고 싶은 경우도 기존 주문 수정이 아닌 신규 주문으로 진행해야 합니다.
TIP
주문 관련 팁 (RAG 응답 기준)
고객이 주문 후 배송지 변경을 요청할 때, 주문 상태가 '결제 완료' 이하인지 먼저 확인해야 합니다. 이미 '상품 준비 중'으로 변경된 경우 물류 시스템 특성상 자동 수정이 불가능합니
다.

2. 결제 정책 (Payment Policy)

[정책 문서 3: 전자상거래_표준약관.pdf]
2. 선불카드, 직불카드, 신용카드 등의 각종 카드 결제

3. 온라인무통장입금

4. 전자화폐에 의한 결제

5. 수령 시 대금지급

6. 마일리지 등 “몰”이 지급한 포인트에 의한 결제
7. “몰”과 계약을 맺었거나 “몰”이 인정한 상품권에 의한 결제 

8. 기타 전자적 지급 방법에 의한 대금 지급 등

제12조(수신확인통지 ․ 구매신청 변경 및 취소)

① “몰”은 이용자의 구매신청이 있는 경우 이용자에게 수신확인통지를 합니다.

② 수신확인통지를 받은 이용자는 의사표시의 불일치 등이 있는 경우에는 수신확인
통지를 받은 후 즉시 구매신청 변경 및 취소를 요청할 수 있고 “몰”은 배송 전
에 이용자의 요청이 있는 경우에는 지체 없이 그 요청에 따라 처리하여야 합니
다. 다만 이미 대금을 지불한 경우에는 제15조의 청약철회 등에 관한 규정에 따
릅니다.

제13조(재화 등의 공급)",9.2241
35,주문,주문 변경,주문번호 {{order_no}} 건에 상품을 추가할 수 있나요? 제가 직접 확인할 수 있는 방법도 알려주세요.,"주문 완료 후에는 상품, 옵션 및 수량을 변경할 수 없습니다. 변경이 필요하면 기존 주문을 취소한 후 다시 주문해 주세요.","[""주문 완료 후에는 상품, 옵션 및 수량을 변경할 수 없습니다. 변경이 필요하면 기존 주문을 취소한 후 다시 주문해 주세요.""]","[정책 문서 1: 쇼핑몰 이용약관 및 운영정책.pdf]
1. 주문 정책 (Ordering Policy)

1.1 주문 접수 및 계약 성립 기준
주문 진행 절차: 원하는 상품의 상세 페이지에서 옵션과 수량을 선택한 후 [구매하기]를 누르거나 [장바구니]에 담아 결제를 진행합니다.
주문 성립 시점: 고객이 상품을 선택하여 결제를 완료하고, 시스템에서 [주문 완료] 메시지 또는 알림(이메일/알림톡)이 발송된 시점에 당사 간의 매매 계약이 성립됩니다.
재고 연동 및 품절 안내: 모든 주문은 실시간 재고 확보를 전제로 합니다. 단, 시스템 반영 시차로 인해 결제 완료 후 품절이 발생할 수 있으며, 이 경우 즉시 이메일/문자로 안
내 후 자동 취소 및 전액 환불 절차가 진행됩니다.
주문 제한 규정: 타인의 명의 도용, 매크로 등 불법 프로그램 이용, 재판매(리셀) 목적의 대량 주문으로 판단될 경우 회사는 사전 통보 없이 해당 주문을 임의 취소할 수 있습
니다.

[정책 문서 2: 쇼핑몰 이용약관 및 운영정책.pdf]
1.3 주문 상품 구성(품목·옵션·수량) 변경 불가 안내
배송지·수령인 정보와 달리, 이미 결제 완료된 주문의 
상품 품목, 옵션(색상/사이즈 등), 수량
은 주문 상태와 무관하게 변경이 불가합니다.
변경이 필요한 경우 기존 주문을 취소한 후 원하는 구성으로 다시 주문해야 하며, 이미 '상품 준비 중' 이후 단계라면 취소 불가 규정(3항)이 함께 적용됩니다.
수량을 늘리고 싶은 경우도 기존 주문 수정이 아닌 신규 주문으로 진행해야 합니다.
TIP
주문 관련 팁 (RAG 응답 기준)
고객이 주문 후 배송지 변경을 요청할 때, 주문 상태가 '결제 완료' 이하인지 먼저 확인해야 합니다. 이미 '상품 준비 중'으로 변경된 경우 물류 시스템 특성상 자동 수정이 불가능합니
다.

2. 결제 정책 (Payment Policy)

[정책 문서 3: 쇼핑몰 이용약관 및 운영정책.pdf]
1.2 주문 정보 변경 (배송지 및 옵션)
변경 가능 단계: 주문 상태가 '입금 대기' 또는 '결제 완료' 단계일 경우에만 [마이페이지 > 주문내역]에서 직접 변경하거나 고객센터를 통해 변경 신청이 가능합니다.
변경 불가 단계: 주문 상태가 '상품 준비 중' 또는 '배송 중'으로 전환된 이후에는 물류센터 포장 및 송장 출력 작업이 완료되어 배송지 및 옵션 변경이 불가합니다. 이 경우 상
품 수령 후 반품/교환 절차를 따라야 합니다.",8.8614
36,주문,주문 변경,주문번호 {{order_no}} 건에서 일부 상품을 제외하고 싶습니다. 제가 직접 확인할 수 있는 방법도 알려주세요.,"주문 완료 후에는 상품, 옵션 및 수량을 변경할 수 없습니다. 변경이 필요하면 기존 주문을 취소한 후 다시 주문해 주세요.","[""주문 완료 후에는 상품, 옵션 및 수량을 변경할 수 없습니다. 변경이 필요하면 기존 주문을 취소한 후 다시 주문해 주세요.""]","[정책 문서 1: 쇼핑몰 이용약관 및 운영정책.pdf]
1. 주문 정책 (Ordering Policy)

1.1 주문 접수 및 계약 성립 기준
주문 진행 절차: 원하는 상품의 상세 페이지에서 옵션과 수량을 선택한 후 [구매하기]를 누르거나 [장바구니]에 담아 결제를 진행합니다.
주문 성립 시점: 고객이 상품을 선택하여 결제를 완료하고, 시스템에서 [주문 완료] 메시지 또는 알림(이메일/알림톡)이 발송된 시점에 당사 간의 매매 계약이 성립됩니다.
재고 연동 및 품절 안내: 모든 주문은 실시간 재고 확보를 전제로 합니다. 단, 시스템 반영 시차로 인해 결제 완료 후 품절이 발생할 수 있으며, 이 경우 즉시 이메일/문자로 안
내 후 자동 취소 및 전액 환불 절차가 진행됩니다.
주문 제한 규정: 타인의 명의 도용, 매크로 등 불법 프로그램 이용, 재판매(리셀) 목적의 대량 주문으로 판단될 경우 회사는 사전 통보 없이 해당 주문을 임의 취소할 수 있습
니다.

[정책 문서 2: 쇼핑몰 이용약관 및 운영정책.pdf]
9. 미성년자 주문 정책 (Minor's Order Policy)
미성년자(만 19세 미만) 주문의 경우, 법정대리인(부모 등)의 동의 없이 체결된 계약은 「민법」에 따라 본인 또는 법정대리인이 취소할 수 있습니다.
취소 신청 시 법정대리인 관계를 확인할 수 있는 서류(가족관계증명서 등)를 요청할 수 있습니다.
이미 사용/소비되었거나 반품 제한 사유(4.2항)에 해당하는 상품은 미성년자 취소 규정에도 불구하고 반품이 제한될 수 있습니다.
TIP
미성년자 주문 관련 팁 (RAG 응답 기준)
미성년자 본인 명의 취소 요청 시, 단순 변심 반품 규정(7일 이내)보다 우선하여 법정대리인 동의 여부를 먼저 확인하도록 안내합니다.

[정책 문서 3: 쇼핑몰 이용약관 및 운영정책.pdf]
1.2 주문 정보 변경 (배송지 및 옵션)
변경 가능 단계: 주문 상태가 '입금 대기' 또는 '결제 완료' 단계일 경우에만 [마이페이지 > 주문내역]에서 직접 변경하거나 고객센터를 통해 변경 신청이 가능합니다.
변경 불가 단계: 주문 상태가 '상품 준비 중' 또는 '배송 중'으로 전환된 이후에는 물류센터 포장 및 송장 출력 작업이 완료되어 배송지 및 옵션 변경이 불가합니다. 이 경우 상
품 수령 후 반품/교환 절차를 따라야 합니다.",9.1717
37,주문,주문 변경,확인 부탁드립니다. 주문번호 {{order_no}} 건에 상품을 추가할 수 있나요? 제가 직접 확인할 수 있는 방법도 알려주세요.,"주문 완료 후에는 상품, 옵션 및 수량을 변경할 수 없습니다. 변경이 필요하면 기존 주문을 취소한 후 다시 주문해 주세요.","[""주문 완료 후에는 상품, 옵션 및 수량을 변경할 수 없습니다. 변경이 필요하면 기존 주문을 취소한 후 다시 주문해 주세요.""]","[정책 문서 1: 쇼핑몰 이용약관 및 운영정책.pdf]
1. 주문 정책 (Ordering Policy)

1.1 주문 접수 및 계약 성립 기준
주문 진행 절차: 원하는 상품의 상세 페이지에서 옵션과 수량을 선택한 후 [구매하기]를 누르거나 [장바구니]에 담아 결제를 진행합니다.
주문 성립 시점: 고객이 상품을 선택하여 결제를 완료하고, 시스템에서 [주문 완료] 메시지 또는 알림(이메일/알림톡)이 발송된 시점에 당사 간의 매매 계약이 성립됩니다.
재고 연동 및 품절 안내: 모든 주문은 실시간 재고 확보를 전제로 합니다. 단, 시스템 반영 시차로 인해 결제 완료 후 품절이 발생할 수 있으며, 이 경우 즉시 이메일/문자로 안
내 후 자동 취소 및 전액 환불 절차가 진행됩니다.
주문 제한 규정: 타인의 명의 도용, 매크로 등 불법 프로그램 이용, 재판매(리셀) 목적의 대량 주문으로 판단될 경우 회사는 사전 통보 없이 해당 주문을 임의 취소할 수 있습
니다.

[정책 문서 2: 쇼핑몰 이용약관 및 운영정책.pdf]
1.3 주문 상품 구성(품목·옵션·수량) 변경 불가 안내
배송지·수령인 정보와 달리, 이미 결제 완료된 주문의 
상품 품목, 옵션(색상/사이즈 등), 수량
은 주문 상태와 무관하게 변경이 불가합니다.
변경이 필요한 경우 기존 주문을 취소한 후 원하는 구성으로 다시 주문해야 하며, 이미 '상품 준비 중' 이후 단계라면 취소 불가 규정(3항)이 함께 적용됩니다.
수량을 늘리고 싶은 경우도 기존 주문 수정이 아닌 신규 주문으로 진행해야 합니다.
TIP
주문 관련 팁 (RAG 응답 기준)
고객이 주문 후 배송지 변경을 요청할 때, 주문 상태가 '결제 완료' 이하인지 먼저 확인해야 합니다. 이미 '상품 준비 중'으로 변경된 경우 물류 시스템 특성상 자동 수정이 불가능합니
다.

2. 결제 정책 (Payment Policy)

[정책 문서 3: 쇼핑몰 이용약관 및 운영정책.pdf]
1.2 주문 정보 변경 (배송지 및 옵션)
변경 가능 단계: 주문 상태가 '입금 대기' 또는 '결제 완료' 단계일 경우에만 [마이페이지 > 주문내역]에서 직접 변경하거나 고객센터를 통해 변경 신청이 가능합니다.
변경 불가 단계: 주문 상태가 '상품 준비 중' 또는 '배송 중'으로 전환된 이후에는 물류센터 포장 및 송장 출력 작업이 완료되어 배송지 및 옵션 변경이 불가합니다. 이 경우 상
품 수령 후 반품/교환 절차를 따라야 합니다.",9.3324
38,주문,주문 변경,처리 방법이 궁금합니다. 주문번호 {{order_no}} 건의 변경 가능 여부를 확인해 주세요. 제가 직접 확인할 수 있는 방법도 알려주세요.,"주문 완료 후에는 상품, 옵션 및 수량을 변경할 수 없습니다. 변경이 필요하면 기존 주문을 취소한 후 다시 주문해 주세요.","[""주문 완료 후에는 상품, 옵션 및 수량을 변경할 수 없습니다. 변경이 필요하면 기존 주문을 취소한 후 다시 주문해 주세요.""]","[정책 문서 1: 쇼핑몰 이용약관 및 운영정책.pdf]
1.2 주문 정보 변경 (배송지 및 옵션)
변경 가능 단계: 주문 상태가 '입금 대기' 또는 '결제 완료' 단계일 경우에만 [마이페이지 > 주문내역]에서 직접 변경하거나 고객센터를 통해 변경 신청이 가능합니다.
변경 불가 단계: 주문 상태가 '상품 준비 중' 또는 '배송 중'으로 전환된 이후에는 물류센터 포장 및 송장 출력 작업이 완료되어 배송지 및 옵션 변경이 불가합니다. 이 경우 상
품 수령 후 반품/교환 절차를 따라야 합니다.

[정책 문서 2: 쇼핑몰 이용약관 및 운영정책.pdf]
4.5 환불 진행 상황 조회 방법
[마이페이지 > 주문내역 > 환불/취소 내역]에서 처리 단계(반품 접수 → 입고 확인 → 검품 승인 → 환불 처리 완료)를 실시간으로 확인할 수 있습니다.
검품 승인 이후 4.4항의 환불 소요 기간이 지나도 반영되지 않은 경우, 결제 수단과 반품 승인일을 확인한 뒤 고객센터로 문의해야 합니다.
부분 환불(일부 품목만 반품 등)의 경우 환불 금액이 전체 결제 금액과 다를 수 있으므로, 반품 접수 시 안내된 예상 환불 금액을 우선 확인합니다.
TIP
환불 조회 관련 팁 (RAG 응답 기준)
""환불 언제 되나요""라는 문의는 먼저 [마이페이지] 조회 경로를 안내하고, 4.4항의 결제 수단별 소요 기간 이내인지 확인한 뒤, 소요 기간을 초과한 경우에만 고객센터 개별 확인으로
연결합니다.

[정책 문서 3: 쇼핑몰 이용약관 및 운영정책.pdf]
1.3 주문 상품 구성(품목·옵션·수량) 변경 불가 안내
배송지·수령인 정보와 달리, 이미 결제 완료된 주문의 
상품 품목, 옵션(색상/사이즈 등), 수량
은 주문 상태와 무관하게 변경이 불가합니다.
변경이 필요한 경우 기존 주문을 취소한 후 원하는 구성으로 다시 주문해야 하며, 이미 '상품 준비 중' 이후 단계라면 취소 불가 규정(3항)이 함께 적용됩니다.
수량을 늘리고 싶은 경우도 기존 주문 수정이 아닌 신규 주문으로 진행해야 합니다.
TIP
주문 관련 팁 (RAG 응답 기준)
고객이 주문 후 배송지 변경을 요청할 때, 주문 상태가 '결제 완료' 이하인지 먼저 확인해야 합니다. 이미 '상품 준비 중'으로 변경된 경우 물류 시스템 특성상 자동 수정이 불가능합니
다.

2. 결제 정책 (Payment Policy)",8.7681
39,주문,주문 변경,가능 여부를 문의드립니다. 주문번호 {{order_no}} 건의 수량을 바꾸고 싶습니다. 제가 직접 확인할 수 있는 방법도 알려주세요.,"주문 완료 후에는 상품, 옵션 및 수량을 변경할 수 없습니다. 변경이 필요하면 기존 주문을 취소한 후 다시 주문해 주세요.","[""주문 완료 후에는 상품, 옵션 및 수량을 변경할 수 없습니다. 변경이 필요하면 기존 주문을 취소한 후 다시 주문해 주세요.""]","[정책 문서 1: 쇼핑몰 이용약관 및 운영정책.pdf]
1.2 주문 정보 변경 (배송지 및 옵션)
변경 가능 단계: 주문 상태가 '입금 대기' 또는 '결제 완료' 단계일 경우에만 [마이페이지 > 주문내역]에서 직접 변경하거나 고객센터를 통해 변경 신청이 가능합니다.
변경 불가 단계: 주문 상태가 '상품 준비 중' 또는 '배송 중'으로 전환된 이후에는 물류센터 포장 및 송장 출력 작업이 완료되어 배송지 및 옵션 변경이 불가합니다. 이 경우 상
품 수령 후 반품/교환 절차를 따라야 합니다.

[정책 문서 2: 쇼핑몰 이용약관 및 운영정책.pdf]
1.3 주문 상품 구성(품목·옵션·수량) 변경 불가 안내
배송지·수령인 정보와 달리, 이미 결제 완료된 주문의 
상품 품목, 옵션(색상/사이즈 등), 수량
은 주문 상태와 무관하게 변경이 불가합니다.
변경이 필요한 경우 기존 주문을 취소한 후 원하는 구성으로 다시 주문해야 하며, 이미 '상품 준비 중' 이후 단계라면 취소 불가 규정(3항)이 함께 적용됩니다.
수량을 늘리고 싶은 경우도 기존 주문 수정이 아닌 신규 주문으로 진행해야 합니다.
TIP
주문 관련 팁 (RAG 응답 기준)
고객이 주문 후 배송지 변경을 요청할 때, 주문 상태가 '결제 완료' 이하인지 먼저 확인해야 합니다. 이미 '상품 준비 중'으로 변경된 경우 물류 시스템 특성상 자동 수정이 불가능합니
다.

2. 결제 정책 (Payment Policy)

[정책 문서 3: 쇼핑몰 이용약관 및 운영정책.pdf]
3. 주문 취소 정책 (Cancellation Policy)
주문 취소 가능 여부는 배송 진행 단계에 따라 엄격하게 구분됩니다.
입금대기 / 결제완료 — 즉시 취소 가능
: 마이페이지에서 고객이 직접 즉시 취소 처리할 수 있습니다.
상품 준비 중 — 취소 거절 가능
: 포장 및 출고 상태에 따라 취소가 제한되거나 거절될 수 있습니다.
배송 중 — 취소 불가
: 이미 출고되어 배송이 시작된 건은 취소가 불가하며, 상품 수령 후 반품 절차를 통해서만 환불이 가능합니다.",8.329
40,주문,주문 변경,처리 과정을 알려주세요. 주문번호 {{order_no}} 건의 수량을 바꾸고 싶습니다. 제가 직접 확인할 수 있는 방법도 알려주세요.,"주문 완료 후에는 상품, 옵션 및 수량을 변경할 수 없습니다. 변경이 필요하면 기존 주문을 취소한 후 다시 주문해 주세요.","[""주문 완료 후에는 상품, 옵션 및 수량을 변경할 수 없습니다. 변경이 필요하면 기존 주문을 취소한 후 다시 주문해 주세요.""]","[정책 문서 1: 쇼핑몰 이용약관 및 운영정책.pdf]
1.2 주문 정보 변경 (배송지 및 옵션)
변경 가능 단계: 주문 상태가 '입금 대기' 또는 '결제 완료' 단계일 경우에만 [마이페이지 > 주문내역]에서 직접 변경하거나 고객센터를 통해 변경 신청이 가능합니다.
변경 불가 단계: 주문 상태가 '상품 준비 중' 또는 '배송 중'으로 전환된 이후에는 물류센터 포장 및 송장 출력 작업이 완료되어 배송지 및 옵션 변경이 불가합니다. 이 경우 상
품 수령 후 반품/교환 절차를 따라야 합니다.

[정책 문서 2: 쇼핑몰 이용약관 및 운영정책.pdf]
4.5 환불 진행 상황 조회 방법
[마이페이지 > 주문내역 > 환불/취소 내역]에서 처리 단계(반품 접수 → 입고 확인 → 검품 승인 → 환불 처리 완료)를 실시간으로 확인할 수 있습니다.
검품 승인 이후 4.4항의 환불 소요 기간이 지나도 반영되지 않은 경우, 결제 수단과 반품 승인일을 확인한 뒤 고객센터로 문의해야 합니다.
부분 환불(일부 품목만 반품 등)의 경우 환불 금액이 전체 결제 금액과 다를 수 있으므로, 반품 접수 시 안내된 예상 환불 금액을 우선 확인합니다.
TIP
환불 조회 관련 팁 (RAG 응답 기준)
""환불 언제 되나요""라는 문의는 먼저 [마이페이지] 조회 경로를 안내하고, 4.4항의 결제 수단별 소요 기간 이내인지 확인한 뒤, 소요 기간을 초과한 경우에만 고객센터 개별 확인으로
연결합니다.

[정책 문서 3: 쇼핑몰 이용약관 및 운영정책.pdf]
1.3 주문 상품 구성(품목·옵션·수량) 변경 불가 안내
배송지·수령인 정보와 달리, 이미 결제 완료된 주문의 
상품 품목, 옵션(색상/사이즈 등), 수량
은 주문 상태와 무관하게 변경이 불가합니다.
변경이 필요한 경우 기존 주문을 취소한 후 원하는 구성으로 다시 주문해야 하며, 이미 '상품 준비 중' 이후 단계라면 취소 불가 규정(3항)이 함께 적용됩니다.
수량을 늘리고 싶은 경우도 기존 주문 수정이 아닌 신규 주문으로 진행해야 합니다.
TIP
주문 관련 팁 (RAG 응답 기준)
고객이 주문 후 배송지 변경을 요청할 때, 주문 상태가 '결제 완료' 이하인지 먼저 확인해야 합니다. 이미 '상품 준비 중'으로 변경된 경우 물류 시스템 특성상 자동 수정이 불가능합니
다.

2. 결제 정책 (Payment Policy)",9.2131
41,주문,주문 변경,현재 상황을 확인하고 싶습니다. 주문번호 {{order_no}} 건에서 일부 상품을 제외하고 싶습니다. 제가 직접 확인할 수 있는 방법도 알려주세요.,"주문 완료 후에는 상품, 옵션 및 수량을 변경할 수 없습니다. 변경이 필요하면 기존 주문을 취소한 후 다시 주문해 주세요.","[""주문 완료 후에는 상품, 옵션 및 수량을 변경할 수 없습니다. 변경이 필요하면 기존 주문을 취소한 후 다시 주문해 주세요.""]","[정책 문서 1: 쇼핑몰 이용약관 및 운영정책.pdf]
4.5 환불 진행 상황 조회 방법
[마이페이지 > 주문내역 > 환불/취소 내역]에서 처리 단계(반품 접수 → 입고 확인 → 검품 승인 → 환불 처리 완료)를 실시간으로 확인할 수 있습니다.
검품 승인 이후 4.4항의 환불 소요 기간이 지나도 반영되지 않은 경우, 결제 수단과 반품 승인일을 확인한 뒤 고객센터로 문의해야 합니다.
부분 환불(일부 품목만 반품 등)의 경우 환불 금액이 전체 결제 금액과 다를 수 있으므로, 반품 접수 시 안내된 예상 환불 금액을 우선 확인합니다.
TIP
환불 조회 관련 팁 (RAG 응답 기준)
""환불 언제 되나요""라는 문의는 먼저 [마이페이지] 조회 경로를 안내하고, 4.4항의 결제 수단별 소요 기간 이내인지 확인한 뒤, 소요 기간을 초과한 경우에만 고객센터 개별 확인으로
연결합니다.

[정책 문서 2: 쇼핑몰 이용약관 및 운영정책.pdf]
1.2 주문 정보 변경 (배송지 및 옵션)
변경 가능 단계: 주문 상태가 '입금 대기' 또는 '결제 완료' 단계일 경우에만 [마이페이지 > 주문내역]에서 직접 변경하거나 고객센터를 통해 변경 신청이 가능합니다.
변경 불가 단계: 주문 상태가 '상품 준비 중' 또는 '배송 중'으로 전환된 이후에는 물류센터 포장 및 송장 출력 작업이 완료되어 배송지 및 옵션 변경이 불가합니다. 이 경우 상
품 수령 후 반품/교환 절차를 따라야 합니다.

[정책 문서 3: 쇼핑몰 이용약관 및 운영정책.pdf]
1.3 주문 상품 구성(품목·옵션·수량) 변경 불가 안내
배송지·수령인 정보와 달리, 이미 결제 완료된 주문의 
상품 품목, 옵션(색상/사이즈 등), 수량
은 주문 상태와 무관하게 변경이 불가합니다.
변경이 필요한 경우 기존 주문을 취소한 후 원하는 구성으로 다시 주문해야 하며, 이미 '상품 준비 중' 이후 단계라면 취소 불가 규정(3항)이 함께 적용됩니다.
수량을 늘리고 싶은 경우도 기존 주문 수정이 아닌 신규 주문으로 진행해야 합니다.
TIP
주문 관련 팁 (RAG 응답 기준)
고객이 주문 후 배송지 변경을 요청할 때, 주문 상태가 '결제 완료' 이하인지 먼저 확인해야 합니다. 이미 '상품 준비 중'으로 변경된 경우 물류 시스템 특성상 자동 수정이 불가능합니
다.

2. 결제 정책 (Payment Policy)",9.32
42,주문,주문 변경,온라인에서 처리하려고 합니다. 주문번호 {{order_no}} 건의 옵션을 수정할 수 있나요? 제가 직접 확인할 수 있는 방법도 알려주세요.,"주문 완료 후에는 상품, 옵션 및 수량을 변경할 수 없습니다. 변경이 필요하면 기존 주문을 취소한 후 다시 주문해 주세요.","[""주문 완료 후에는 상품, 옵션 및 수량을 변경할 수 없습니다. 변경이 필요하면 기존 주문을 취소한 후 다시 주문해 주세요.""]","[정책 문서 1: 쇼핑몰 이용약관 및 운영정책.pdf]
1.2 주문 정보 변경 (배송지 및 옵션)
변경 가능 단계: 주문 상태가 '입금 대기' 또는 '결제 완료' 단계일 경우에만 [마이페이지 > 주문내역]에서 직접 변경하거나 고객센터를 통해 변경 신청이 가능합니다.
변경 불가 단계: 주문 상태가 '상품 준비 중' 또는 '배송 중'으로 전환된 이후에는 물류센터 포장 및 송장 출력 작업이 완료되어 배송지 및 옵션 변경이 불가합니다. 이 경우 상
품 수령 후 반품/교환 절차를 따라야 합니다.

[정책 문서 2: 쇼핑몰 이용약관 및 운영정책.pdf]
1.3 주문 상품 구성(품목·옵션·수량) 변경 불가 안내
배송지·수령인 정보와 달리, 이미 결제 완료된 주문의 
상품 품목, 옵션(색상/사이즈 등), 수량
은 주문 상태와 무관하게 변경이 불가합니다.
변경이 필요한 경우 기존 주문을 취소한 후 원하는 구성으로 다시 주문해야 하며, 이미 '상품 준비 중' 이후 단계라면 취소 불가 규정(3항)이 함께 적용됩니다.
수량을 늘리고 싶은 경우도 기존 주문 수정이 아닌 신규 주문으로 진행해야 합니다.
TIP
주문 관련 팁 (RAG 응답 기준)
고객이 주문 후 배송지 변경을 요청할 때, 주문 상태가 '결제 완료' 이하인지 먼저 확인해야 합니다. 이미 '상품 준비 중'으로 변경된 경우 물류 시스템 특성상 자동 수정이 불가능합니
다.

2. 결제 정책 (Payment Policy)

[정책 문서 3: 쇼핑몰 이용약관 및 운영정책.pdf]
1. 주문 정책 (Ordering Policy)

1.1 주문 접수 및 계약 성립 기준
주문 진행 절차: 원하는 상품의 상세 페이지에서 옵션과 수량을 선택한 후 [구매하기]를 누르거나 [장바구니]에 담아 결제를 진행합니다.
주문 성립 시점: 고객이 상품을 선택하여 결제를 완료하고, 시스템에서 [주문 완료] 메시지 또는 알림(이메일/알림톡)이 발송된 시점에 당사 간의 매매 계약이 성립됩니다.
재고 연동 및 품절 안내: 모든 주문은 실시간 재고 확보를 전제로 합니다. 단, 시스템 반영 시차로 인해 결제 완료 후 품절이 발생할 수 있으며, 이 경우 즉시 이메일/문자로 안
내 후 자동 취소 및 전액 환불 절차가 진행됩니다.
주문 제한 규정: 타인의 명의 도용, 매크로 등 불법 프로그램 이용, 재판매(리셀) 목적의 대량 주문으로 판단될 경우 회사는 사전 통보 없이 해당 주문을 임의 취소할 수 있습
니다.",8.8099
43,주문,주문 변경,온라인에서 처리하려고 합니다. 주문번호 {{order_no}} 건의 변경 가능 여부를 확인해 주세요. 제가 직접 확인할 수 있는 방법도 알려주세요.,"주문 완료 후에는 상품, 옵션 및 수량을 변경할 수 없습니다. 변경이 필요하면 기존 주문을 취소한 후 다시 주문해 주세요.","[""주문 완료 후에는 상품, 옵션 및 수량을 변경할 수 없습니다. 변경이 필요하면 기존 주문을 취소한 후 다시 주문해 주세요.""]","[정책 문서 1: 쇼핑몰 이용약관 및 운영정책.pdf]
1.2 주문 정보 변경 (배송지 및 옵션)
변경 가능 단계: 주문 상태가 '입금 대기' 또는 '결제 완료' 단계일 경우에만 [마이페이지 > 주문내역]에서 직접 변경하거나 고객센터를 통해 변경 신청이 가능합니다.
변경 불가 단계: 주문 상태가 '상품 준비 중' 또는 '배송 중'으로 전환된 이후에는 물류센터 포장 및 송장 출력 작업이 완료되어 배송지 및 옵션 변경이 불가합니다. 이 경우 상
품 수령 후 반품/교환 절차를 따라야 합니다.

[정책 문서 2: 쇼핑몰 이용약관 및 운영정책.pdf]
1.3 주문 상품 구성(품목·옵션·수량) 변경 불가 안내
배송지·수령인 정보와 달리, 이미 결제 완료된 주문의 
상품 품목, 옵션(색상/사이즈 등), 수량
은 주문 상태와 무관하게 변경이 불가합니다.
변경이 필요한 경우 기존 주문을 취소한 후 원하는 구성으로 다시 주문해야 하며, 이미 '상품 준비 중' 이후 단계라면 취소 불가 규정(3항)이 함께 적용됩니다.
수량을 늘리고 싶은 경우도 기존 주문 수정이 아닌 신규 주문으로 진행해야 합니다.
TIP
주문 관련 팁 (RAG 응답 기준)
고객이 주문 후 배송지 변경을 요청할 때, 주문 상태가 '결제 완료' 이하인지 먼저 확인해야 합니다. 이미 '상품 준비 중'으로 변경된 경우 물류 시스템 특성상 자동 수정이 불가능합니
다.

2. 결제 정책 (Payment Policy)

[정책 문서 3: 쇼핑몰 이용약관 및 운영정책.pdf]
3. 주문 취소 정책 (Cancellation Policy)
주문 취소 가능 여부는 배송 진행 단계에 따라 엄격하게 구분됩니다.
입금대기 / 결제완료 — 즉시 취소 가능
: 마이페이지에서 고객이 직접 즉시 취소 처리할 수 있습니다.
상품 준비 중 — 취소 거절 가능
: 포장 및 출고 상태에 따라 취소가 제한되거나 거절될 수 있습니다.
배송 중 — 취소 불가
: 이미 출고되어 배송이 시작된 건은 취소가 불가하며, 상품 수령 후 반품 절차를 통해서만 환불이 가능합니다.",8.3946
44,주문,주문 변경,주문번호 {{order_no}} 건의 수량을 바꾸고 싶습니다. 필요한 정보가 있다면 함께 알려주세요.,"주문 완료 후에는 상품, 옵션 및 수량을 변경할 수 없습니다. 변경이 필요하면 기존 주문을 취소한 후 다시 주문해 주세요.","[""주문 완료 후에는 상품, 옵션 및 수량을 변경할 수 없습니다. 변경이 필요하면 기존 주문을 취소한 후 다시 주문해 주세요.""]","[정책 문서 1: 쇼핑몰 이용약관 및 운영정책.pdf]
1.3 주문 상품 구성(품목·옵션·수량) 변경 불가 안내
배송지·수령인 정보와 달리, 이미 결제 완료된 주문의 
상품 품목, 옵션(색상/사이즈 등), 수량
은 주문 상태와 무관하게 변경이 불가합니다.
변경이 필요한 경우 기존 주문을 취소한 후 원하는 구성으로 다시 주문해야 하며, 이미 '상품 준비 중' 이후 단계라면 취소 불가 규정(3항)이 함께 적용됩니다.
수량을 늘리고 싶은 경우도 기존 주문 수정이 아닌 신규 주문으로 진행해야 합니다.
TIP
주문 관련 팁 (RAG 응답 기준)
고객이 주문 후 배송지 변경을 요청할 때, 주문 상태가 '결제 완료' 이하인지 먼저 확인해야 합니다. 이미 '상품 준비 중'으로 변경된 경우 물류 시스템 특성상 자동 수정이 불가능합니
다.

2. 결제 정책 (Payment Policy)

[정책 문서 2: 쇼핑몰 이용약관 및 운영정책.pdf]
1.2 주문 정보 변경 (배송지 및 옵션)
변경 가능 단계: 주문 상태가 '입금 대기' 또는 '결제 완료' 단계일 경우에만 [마이페이지 > 주문내역]에서 직접 변경하거나 고객센터를 통해 변경 신청이 가능합니다.
변경 불가 단계: 주문 상태가 '상품 준비 중' 또는 '배송 중'으로 전환된 이후에는 물류센터 포장 및 송장 출력 작업이 완료되어 배송지 및 옵션 변경이 불가합니다. 이 경우 상
품 수령 후 반품/교환 절차를 따라야 합니다.

[정책 문서 3: 쇼핑몰 이용약관 및 운영정책.pdf]
금액·기간 등 수치 정보는 원문 그대로 정확히 인용하고, 임의로 추정하지 않습니다.
법정대리인 동의, 분쟁조정 등 법적 절차가 필요한 문의는 최종 처리 결과를 단정하지 말고 ""확인 후 안내드리겠습니다"" 형태로 고객센터 상담 연결을 병행 안내합니
다.",8.5227
45,주문,주문 변경,안녕하세요. 주문번호 {{order_no}} 건에 상품을 추가할 수 있나요? 필요한 정보가 있다면 함께 알려주세요.,"주문 완료 후에는 상품, 옵션 및 수량을 변경할 수 없습니다. 변경이 필요하면 기존 주문을 취소한 후 다시 주문해 주세요.","[""주문 완료 후에는 상품, 옵션 및 수량을 변경할 수 없습니다. 변경이 필요하면 기존 주문을 취소한 후 다시 주문해 주세요.""]","[정책 문서 1: 쇼핑몰 이용약관 및 운영정책.pdf]
1. 주문 정책 (Ordering Policy)

1.1 주문 접수 및 계약 성립 기준
주문 진행 절차: 원하는 상품의 상세 페이지에서 옵션과 수량을 선택한 후 [구매하기]를 누르거나 [장바구니]에 담아 결제를 진행합니다.
주문 성립 시점: 고객이 상품을 선택하여 결제를 완료하고, 시스템에서 [주문 완료] 메시지 또는 알림(이메일/알림톡)이 발송된 시점에 당사 간의 매매 계약이 성립됩니다.
재고 연동 및 품절 안내: 모든 주문은 실시간 재고 확보를 전제로 합니다. 단, 시스템 반영 시차로 인해 결제 완료 후 품절이 발생할 수 있으며, 이 경우 즉시 이메일/문자로 안
내 후 자동 취소 및 전액 환불 절차가 진행됩니다.
주문 제한 규정: 타인의 명의 도용, 매크로 등 불법 프로그램 이용, 재판매(리셀) 목적의 대량 주문으로 판단될 경우 회사는 사전 통보 없이 해당 주문을 임의 취소할 수 있습
니다.

[정책 문서 2: 쇼핑몰 이용약관 및 운영정책.pdf]
1.3 주문 상품 구성(품목·옵션·수량) 변경 불가 안내
배송지·수령인 정보와 달리, 이미 결제 완료된 주문의 
상품 품목, 옵션(색상/사이즈 등), 수량
은 주문 상태와 무관하게 변경이 불가합니다.
변경이 필요한 경우 기존 주문을 취소한 후 원하는 구성으로 다시 주문해야 하며, 이미 '상품 준비 중' 이후 단계라면 취소 불가 규정(3항)이 함께 적용됩니다.
수량을 늘리고 싶은 경우도 기존 주문 수정이 아닌 신규 주문으로 진행해야 합니다.
TIP
주문 관련 팁 (RAG 응답 기준)
고객이 주문 후 배송지 변경을 요청할 때, 주문 상태가 '결제 완료' 이하인지 먼저 확인해야 합니다. 이미 '상품 준비 중'으로 변경된 경우 물류 시스템 특성상 자동 수정이 불가능합니
다.

2. 결제 정책 (Payment Policy)

[정책 문서 3: 쇼핑몰 이용약관 및 운영정책.pdf]
1.2 주문 정보 변경 (배송지 및 옵션)
변경 가능 단계: 주문 상태가 '입금 대기' 또는 '결제 완료' 단계일 경우에만 [마이페이지 > 주문내역]에서 직접 변경하거나 고객센터를 통해 변경 신청이 가능합니다.
변경 불가 단계: 주문 상태가 '상품 준비 중' 또는 '배송 중'으로 전환된 이후에는 물류센터 포장 및 송장 출력 작업이 완료되어 배송지 및 옵션 변경이 불가합니다. 이 경우 상
품 수령 후 반품/교환 절차를 따라야 합니다.",9.059
46,주문,주문 변경,확인 부탁드립니다. 주문번호 {{order_no}} 건의 수량을 바꾸고 싶습니다. 필요한 정보가 있다면 함께 알려주세요.,"주문 완료 후에는 상품, 옵션 및 수량을 변경할 수 없습니다. 변경이 필요하면 기존 주문을 취소한 후 다시 주문해 주세요.","[""주문 완료 후에는 상품, 옵션 및 수량을 변경할 수 없습니다. 변경이 필요하면 기존 주문을 취소한 후 다시 주문해 주세요.""]","[정책 문서 1: 쇼핑몰 이용약관 및 운영정책.pdf]
1.3 주문 상품 구성(품목·옵션·수량) 변경 불가 안내
배송지·수령인 정보와 달리, 이미 결제 완료된 주문의 
상품 품목, 옵션(색상/사이즈 등), 수량
은 주문 상태와 무관하게 변경이 불가합니다.
변경이 필요한 경우 기존 주문을 취소한 후 원하는 구성으로 다시 주문해야 하며, 이미 '상품 준비 중' 이후 단계라면 취소 불가 규정(3항)이 함께 적용됩니다.
수량을 늘리고 싶은 경우도 기존 주문 수정이 아닌 신규 주문으로 진행해야 합니다.
TIP
주문 관련 팁 (RAG 응답 기준)
고객이 주문 후 배송지 변경을 요청할 때, 주문 상태가 '결제 완료' 이하인지 먼저 확인해야 합니다. 이미 '상품 준비 중'으로 변경된 경우 물류 시스템 특성상 자동 수정이 불가능합니
다.

2. 결제 정책 (Payment Policy)

[정책 문서 2: 쇼핑몰 이용약관 및 운영정책.pdf]
1.2 주문 정보 변경 (배송지 및 옵션)
변경 가능 단계: 주문 상태가 '입금 대기' 또는 '결제 완료' 단계일 경우에만 [마이페이지 > 주문내역]에서 직접 변경하거나 고객센터를 통해 변경 신청이 가능합니다.
변경 불가 단계: 주문 상태가 '상품 준비 중' 또는 '배송 중'으로 전환된 이후에는 물류센터 포장 및 송장 출력 작업이 완료되어 배송지 및 옵션 변경이 불가합니다. 이 경우 상
품 수령 후 반품/교환 절차를 따라야 합니다.

[정책 문서 3: 쇼핑몰 이용약관 및 운영정책.pdf]
1. 주문 정책 (Ordering Policy)

1.1 주문 접수 및 계약 성립 기준
주문 진행 절차: 원하는 상품의 상세 페이지에서 옵션과 수량을 선택한 후 [구매하기]를 누르거나 [장바구니]에 담아 결제를 진행합니다.
주문 성립 시점: 고객이 상품을 선택하여 결제를 완료하고, 시스템에서 [주문 완료] 메시지 또는 알림(이메일/알림톡)이 발송된 시점에 당사 간의 매매 계약이 성립됩니다.
재고 연동 및 품절 안내: 모든 주문은 실시간 재고 확보를 전제로 합니다. 단, 시스템 반영 시차로 인해 결제 완료 후 품절이 발생할 수 있으며, 이 경우 즉시 이메일/문자로 안
내 후 자동 취소 및 전액 환불 절차가 진행됩니다.
주문 제한 규정: 타인의 명의 도용, 매크로 등 불법 프로그램 이용, 재판매(리셀) 목적의 대량 주문으로 판단될 경우 회사는 사전 통보 없이 해당 주문을 임의 취소할 수 있습
니다.",8.8422
47,주문,주문 변경,확인 부탁드립니다. 주문번호 {{order_no}} 건의 변경 가능 여부를 확인해 주세요. 필요한 정보가 있다면 함께 알려주세요.,"주문 완료 후에는 상품, 옵션 및 수량을 변경할 수 없습니다. 변경이 필요하면 기존 주문을 취소한 후 다시 주문해 주세요.","[""주문 완료 후에는 상품, 옵션 및 수량을 변경할 수 없습니다. 변경이 필요하면 기존 주문을 취소한 후 다시 주문해 주세요.""]","[정책 문서 1: 쇼핑몰 이용약관 및 운영정책.pdf]
1.2 주문 정보 변경 (배송지 및 옵션)
변경 가능 단계: 주문 상태가 '입금 대기' 또는 '결제 완료' 단계일 경우에만 [마이페이지 > 주문내역]에서 직접 변경하거나 고객센터를 통해 변경 신청이 가능합니다.
변경 불가 단계: 주문 상태가 '상품 준비 중' 또는 '배송 중'으로 전환된 이후에는 물류센터 포장 및 송장 출력 작업이 완료되어 배송지 및 옵션 변경이 불가합니다. 이 경우 상
품 수령 후 반품/교환 절차를 따라야 합니다.

[정책 문서 2: 쇼핑몰 이용약관 및 운영정책.pdf]
1.3 주문 상품 구성(품목·옵션·수량) 변경 불가 안내
배송지·수령인 정보와 달리, 이미 결제 완료된 주문의 
상품 품목, 옵션(색상/사이즈 등), 수량
은 주문 상태와 무관하게 변경이 불가합니다.
변경이 필요한 경우 기존 주문을 취소한 후 원하는 구성으로 다시 주문해야 하며, 이미 '상품 준비 중' 이후 단계라면 취소 불가 규정(3항)이 함께 적용됩니다.
수량을 늘리고 싶은 경우도 기존 주문 수정이 아닌 신규 주문으로 진행해야 합니다.
TIP
주문 관련 팁 (RAG 응답 기준)
고객이 주문 후 배송지 변경을 요청할 때, 주문 상태가 '결제 완료' 이하인지 먼저 확인해야 합니다. 이미 '상품 준비 중'으로 변경된 경우 물류 시스템 특성상 자동 수정이 불가능합니
다.

2. 결제 정책 (Payment Policy)

[정책 문서 3: 쇼핑몰 이용약관 및 운영정책.pdf]
1. 주문 정책 (Ordering Policy)

1.1 주문 접수 및 계약 성립 기준
주문 진행 절차: 원하는 상품의 상세 페이지에서 옵션과 수량을 선택한 후 [구매하기]를 누르거나 [장바구니]에 담아 결제를 진행합니다.
주문 성립 시점: 고객이 상품을 선택하여 결제를 완료하고, 시스템에서 [주문 완료] 메시지 또는 알림(이메일/알림톡)이 발송된 시점에 당사 간의 매매 계약이 성립됩니다.
재고 연동 및 품절 안내: 모든 주문은 실시간 재고 확보를 전제로 합니다. 단, 시스템 반영 시차로 인해 결제 완료 후 품절이 발생할 수 있으며, 이 경우 즉시 이메일/문자로 안
내 후 자동 취소 및 전액 환불 절차가 진행됩니다.
주문 제한 규정: 타인의 명의 도용, 매크로 등 불법 프로그램 이용, 재판매(리셀) 목적의 대량 주문으로 판단될 경우 회사는 사전 통보 없이 해당 주문을 임의 취소할 수 있습
니다.",8.9157
48,주문,주문 변경,방법을 알고 싶습니다. 주문번호 {{order_no}} 건의 상품을 변경하고 싶습니다. 필요한 정보가 있다면 함께 알려주세요.,"주문 완료 후에는 상품, 옵션 및 수량을 변경할 수 없습니다. 변경이 필요하면 기존 주문을 취소한 후 다시 주문해 주세요.","[""주문 완료 후에는 상품, 옵션 및 수량을 변경할 수 없습니다. 변경이 필요하면 기존 주문을 취소한 후 다시 주문해 주세요.""]","[정책 문서 1: 쇼핑몰 이용약관 및 운영정책.pdf]
1.2 주문 정보 변경 (배송지 및 옵션)
변경 가능 단계: 주문 상태가 '입금 대기' 또는 '결제 완료' 단계일 경우에만 [마이페이지 > 주문내역]에서 직접 변경하거나 고객센터를 통해 변경 신청이 가능합니다.
변경 불가 단계: 주문 상태가 '상품 준비 중' 또는 '배송 중'으로 전환된 이후에는 물류센터 포장 및 송장 출력 작업이 완료되어 배송지 및 옵션 변경이 불가합니다. 이 경우 상
품 수령 후 반품/교환 절차를 따라야 합니다.

[정책 문서 2: 쇼핑몰 이용약관 및 운영정책.pdf]
1.3 주문 상품 구성(품목·옵션·수량) 변경 불가 안내
배송지·수령인 정보와 달리, 이미 결제 완료된 주문의 
상품 품목, 옵션(색상/사이즈 등), 수량
은 주문 상태와 무관하게 변경이 불가합니다.
변경이 필요한 경우 기존 주문을 취소한 후 원하는 구성으로 다시 주문해야 하며, 이미 '상품 준비 중' 이후 단계라면 취소 불가 규정(3항)이 함께 적용됩니다.
수량을 늘리고 싶은 경우도 기존 주문 수정이 아닌 신규 주문으로 진행해야 합니다.
TIP
주문 관련 팁 (RAG 응답 기준)
고객이 주문 후 배송지 변경을 요청할 때, 주문 상태가 '결제 완료' 이하인지 먼저 확인해야 합니다. 이미 '상품 준비 중'으로 변경된 경우 물류 시스템 특성상 자동 수정이 불가능합니
다.

2. 결제 정책 (Payment Policy)

[정책 문서 3: 쇼핑몰 이용약관 및 운영정책.pdf]
1. 주문 정책 (Ordering Policy)

1.1 주문 접수 및 계약 성립 기준
주문 진행 절차: 원하는 상품의 상세 페이지에서 옵션과 수량을 선택한 후 [구매하기]를 누르거나 [장바구니]에 담아 결제를 진행합니다.
주문 성립 시점: 고객이 상품을 선택하여 결제를 완료하고, 시스템에서 [주문 완료] 메시지 또는 알림(이메일/알림톡)이 발송된 시점에 당사 간의 매매 계약이 성립됩니다.
재고 연동 및 품절 안내: 모든 주문은 실시간 재고 확보를 전제로 합니다. 단, 시스템 반영 시차로 인해 결제 완료 후 품절이 발생할 수 있으며, 이 경우 즉시 이메일/문자로 안
내 후 자동 취소 및 전액 환불 절차가 진행됩니다.
주문 제한 규정: 타인의 명의 도용, 매크로 등 불법 프로그램 이용, 재판매(리셀) 목적의 대량 주문으로 판단될 경우 회사는 사전 통보 없이 해당 주문을 임의 취소할 수 있습
니다.",9.3575
49,주문,주문 변경,절차를 안내받고 싶습니다. 주문번호 {{order_no}} 건에서 일부 상품을 제외하고 싶습니다. 필요한 정보가 있다면 함께 알려주세요.,"주문 완료 후에는 상품, 옵션 및 수량을 변경할 수 없습니다. 변경이 필요하면 기존 주문을 취소한 후 다시 주문해 주세요.","[""주문 완료 후에는 상품, 옵션 및 수량을 변경할 수 없습니다. 변경이 필요하면 기존 주문을 취소한 후 다시 주문해 주세요.""]","[정책 문서 1: 쇼핑몰 이용약관 및 운영정책.pdf]
1. 주문 정책 (Ordering Policy)

1.1 주문 접수 및 계약 성립 기준
주문 진행 절차: 원하는 상품의 상세 페이지에서 옵션과 수량을 선택한 후 [구매하기]를 누르거나 [장바구니]에 담아 결제를 진행합니다.
주문 성립 시점: 고객이 상품을 선택하여 결제를 완료하고, 시스템에서 [주문 완료] 메시지 또는 알림(이메일/알림톡)이 발송된 시점에 당사 간의 매매 계약이 성립됩니다.
재고 연동 및 품절 안내: 모든 주문은 실시간 재고 확보를 전제로 합니다. 단, 시스템 반영 시차로 인해 결제 완료 후 품절이 발생할 수 있으며, 이 경우 즉시 이메일/문자로 안
내 후 자동 취소 및 전액 환불 절차가 진행됩니다.
주문 제한 규정: 타인의 명의 도용, 매크로 등 불법 프로그램 이용, 재판매(리셀) 목적의 대량 주문으로 판단될 경우 회사는 사전 통보 없이 해당 주문을 임의 취소할 수 있습
니다.

[정책 문서 2: 쇼핑몰 이용약관 및 운영정책.pdf]
1.3 주문 상품 구성(품목·옵션·수량) 변경 불가 안내
배송지·수령인 정보와 달리, 이미 결제 완료된 주문의 
상품 품목, 옵션(색상/사이즈 등), 수량
은 주문 상태와 무관하게 변경이 불가합니다.
변경이 필요한 경우 기존 주문을 취소한 후 원하는 구성으로 다시 주문해야 하며, 이미 '상품 준비 중' 이후 단계라면 취소 불가 규정(3항)이 함께 적용됩니다.
수량을 늘리고 싶은 경우도 기존 주문 수정이 아닌 신규 주문으로 진행해야 합니다.
TIP
주문 관련 팁 (RAG 응답 기준)
고객이 주문 후 배송지 변경을 요청할 때, 주문 상태가 '결제 완료' 이하인지 먼저 확인해야 합니다. 이미 '상품 준비 중'으로 변경된 경우 물류 시스템 특성상 자동 수정이 불가능합니
다.

2. 결제 정책 (Payment Policy)

[정책 문서 3: 쇼핑몰 이용약관 및 운영정책.pdf]
1.2 주문 정보 변경 (배송지 및 옵션)
변경 가능 단계: 주문 상태가 '입금 대기' 또는 '결제 완료' 단계일 경우에만 [마이페이지 > 주문내역]에서 직접 변경하거나 고객센터를 통해 변경 신청이 가능합니다.
변경 불가 단계: 주문 상태가 '상품 준비 중' 또는 '배송 중'으로 전환된 이후에는 물류센터 포장 및 송장 출력 작업이 완료되어 배송지 및 옵션 변경이 불가합니다. 이 경우 상
품 수령 후 반품/교환 절차를 따라야 합니다.",9.1362
50,주문,주문 변경,관련 내용을 확인하고 싶습니다. 주문번호 {{order_no}} 건에 상품을 추가할 수 있나요? 필요한 정보가 있다면 함께 알려주세요.,"주문 완료 후에는 상품, 옵션 및 수량을 변경할 수 없습니다. 변경이 필요하면 기존 주문을 취소한 후 다시 주문해 주세요.","[""주문 완료 후에는 상품, 옵션 및 수량을 변경할 수 없습니다. 변경이 필요하면 기존 주문을 취소한 후 다시 주문해 주세요.""]","[정책 문서 1: 쇼핑몰 이용약관 및 운영정책.pdf]
1. 주문 정책 (Ordering Policy)

1.1 주문 접수 및 계약 성립 기준
주문 진행 절차: 원하는 상품의 상세 페이지에서 옵션과 수량을 선택한 후 [구매하기]를 누르거나 [장바구니]에 담아 결제를 진행합니다.
주문 성립 시점: 고객이 상품을 선택하여 결제를 완료하고, 시스템에서 [주문 완료] 메시지 또는 알림(이메일/알림톡)이 발송된 시점에 당사 간의 매매 계약이 성립됩니다.
재고 연동 및 품절 안내: 모든 주문은 실시간 재고 확보를 전제로 합니다. 단, 시스템 반영 시차로 인해 결제 완료 후 품절이 발생할 수 있으며, 이 경우 즉시 이메일/문자로 안
내 후 자동 취소 및 전액 환불 절차가 진행됩니다.
주문 제한 규정: 타인의 명의 도용, 매크로 등 불법 프로그램 이용, 재판매(리셀) 목적의 대량 주문으로 판단될 경우 회사는 사전 통보 없이 해당 주문을 임의 취소할 수 있습
니다.

[정책 문서 2: 쇼핑몰 이용약관 및 운영정책.pdf]
1.3 주문 상품 구성(품목·옵션·수량) 변경 불가 안내
배송지·수령인 정보와 달리, 이미 결제 완료된 주문의 
상품 품목, 옵션(색상/사이즈 등), 수량
은 주문 상태와 무관하게 변경이 불가합니다.
변경이 필요한 경우 기존 주문을 취소한 후 원하는 구성으로 다시 주문해야 하며, 이미 '상품 준비 중' 이후 단계라면 취소 불가 규정(3항)이 함께 적용됩니다.
수량을 늘리고 싶은 경우도 기존 주문 수정이 아닌 신규 주문으로 진행해야 합니다.
TIP
주문 관련 팁 (RAG 응답 기준)
고객이 주문 후 배송지 변경을 요청할 때, 주문 상태가 '결제 완료' 이하인지 먼저 확인해야 합니다. 이미 '상품 준비 중'으로 변경된 경우 물류 시스템 특성상 자동 수정이 불가능합니
다.

2. 결제 정책 (Payment Policy)

[정책 문서 3: 쇼핑몰 이용약관 및 운영정책.pdf]
금액·기간 등 수치 정보는 원문 그대로 정확히 인용하고, 임의로 추정하지 않습니다.
법정대리인 동의, 분쟁조정 등 법적 절차가 필요한 문의는 최종 처리 결과를 단정하지 말고 ""확인 후 안내드리겠습니다"" 형태로 고객센터 상담 연결을 병행 안내합니
다.",8.7369
51,주문,주문 변경,관련 내용을 확인하고 싶습니다. 주문번호 {{order_no}} 건의 변경 가능 여부를 확인해 주세요. 필요한 정보가 있다면 함께 알려주세요.,"주문 완료 후에는 상품, 옵션 및 수량을 변경할 수 없습니다. 변경이 필요하면 기존 주문을 취소한 후 다시 주문해 주세요.","[""주문 완료 후에는 상품, 옵션 및 수량을 변경할 수 없습니다. 변경이 필요하면 기존 주문을 취소한 후 다시 주문해 주세요.""]","[정책 문서 1: 쇼핑몰 이용약관 및 운영정책.pdf]
1.2 주문 정보 변경 (배송지 및 옵션)
변경 가능 단계: 주문 상태가 '입금 대기' 또는 '결제 완료' 단계일 경우에만 [마이페이지 > 주문내역]에서 직접 변경하거나 고객센터를 통해 변경 신청이 가능합니다.
변경 불가 단계: 주문 상태가 '상품 준비 중' 또는 '배송 중'으로 전환된 이후에는 물류센터 포장 및 송장 출력 작업이 완료되어 배송지 및 옵션 변경이 불가합니다. 이 경우 상
품 수령 후 반품/교환 절차를 따라야 합니다.

[정책 문서 2: 쇼핑몰 이용약관 및 운영정책.pdf]
1.3 주문 상품 구성(품목·옵션·수량) 변경 불가 안내
배송지·수령인 정보와 달리, 이미 결제 완료된 주문의 
상품 품목, 옵션(색상/사이즈 등), 수량
은 주문 상태와 무관하게 변경이 불가합니다.
변경이 필요한 경우 기존 주문을 취소한 후 원하는 구성으로 다시 주문해야 하며, 이미 '상품 준비 중' 이후 단계라면 취소 불가 규정(3항)이 함께 적용됩니다.
수량을 늘리고 싶은 경우도 기존 주문 수정이 아닌 신규 주문으로 진행해야 합니다.
TIP
주문 관련 팁 (RAG 응답 기준)
고객이 주문 후 배송지 변경을 요청할 때, 주문 상태가 '결제 완료' 이하인지 먼저 확인해야 합니다. 이미 '상품 준비 중'으로 변경된 경우 물류 시스템 특성상 자동 수정이 불가능합니
다.

2. 결제 정책 (Payment Policy)

[정책 문서 3: 쇼핑몰 이용약관 및 운영정책.pdf]
1. 주문 정책 (Ordering Policy)

1.1 주문 접수 및 계약 성립 기준
주문 진행 절차: 원하는 상품의 상세 페이지에서 옵션과 수량을 선택한 후 [구매하기]를 누르거나 [장바구니]에 담아 결제를 진행합니다.
주문 성립 시점: 고객이 상품을 선택하여 결제를 완료하고, 시스템에서 [주문 완료] 메시지 또는 알림(이메일/알림톡)이 발송된 시점에 당사 간의 매매 계약이 성립됩니다.
재고 연동 및 품절 안내: 모든 주문은 실시간 재고 확보를 전제로 합니다. 단, 시스템 반영 시차로 인해 결제 완료 후 품절이 발생할 수 있으며, 이 경우 즉시 이메일/문자로 안
내 후 자동 취소 및 전액 환불 절차가 진행됩니다.
주문 제한 규정: 타인의 명의 도용, 매크로 등 불법 프로그램 이용, 재판매(리셀) 목적의 대량 주문으로 판단될 경우 회사는 사전 통보 없이 해당 주문을 임의 취소할 수 있습
니다.",8.8392
52,주문,주문 변경,자세한 안내 부탁드립니다. 주문번호 {{order_no}} 건의 상품을 변경하고 싶습니다. 필요한 정보가 있다면 함께 알려주세요.,"주문 완료 후에는 상품, 옵션 및 수량을 변경할 수 없습니다. 변경이 필요하면 기존 주문을 취소한 후 다시 주문해 주세요.","[""주문 완료 후에는 상품, 옵션 및 수량을 변경할 수 없습니다. 변경이 필요하면 기존 주문을 취소한 후 다시 주문해 주세요.""]","[정책 문서 1: 쇼핑몰 이용약관 및 운영정책.pdf]
1.2 주문 정보 변경 (배송지 및 옵션)
변경 가능 단계: 주문 상태가 '입금 대기' 또는 '결제 완료' 단계일 경우에만 [마이페이지 > 주문내역]에서 직접 변경하거나 고객센터를 통해 변경 신청이 가능합니다.
변경 불가 단계: 주문 상태가 '상품 준비 중' 또는 '배송 중'으로 전환된 이후에는 물류센터 포장 및 송장 출력 작업이 완료되어 배송지 및 옵션 변경이 불가합니다. 이 경우 상
품 수령 후 반품/교환 절차를 따라야 합니다.

[정책 문서 2: 쇼핑몰 이용약관 및 운영정책.pdf]
1.3 주문 상품 구성(품목·옵션·수량) 변경 불가 안내
배송지·수령인 정보와 달리, 이미 결제 완료된 주문의 
상품 품목, 옵션(색상/사이즈 등), 수량
은 주문 상태와 무관하게 변경이 불가합니다.
변경이 필요한 경우 기존 주문을 취소한 후 원하는 구성으로 다시 주문해야 하며, 이미 '상품 준비 중' 이후 단계라면 취소 불가 규정(3항)이 함께 적용됩니다.
수량을 늘리고 싶은 경우도 기존 주문 수정이 아닌 신규 주문으로 진행해야 합니다.
TIP
주문 관련 팁 (RAG 응답 기준)
고객이 주문 후 배송지 변경을 요청할 때, 주문 상태가 '결제 완료' 이하인지 먼저 확인해야 합니다. 이미 '상품 준비 중'으로 변경된 경우 물류 시스템 특성상 자동 수정이 불가능합니
다.

2. 결제 정책 (Payment Policy)

[정책 문서 3: 쇼핑몰 이용약관 및 운영정책.pdf]
5. 교환 정책 (Exchange Policy)
동일 상품 옵션 교환: 동일 상품의 색상 또는 사이즈 변경은 재고가 있는 경우 7일 이내 교환이 가능하며, 왕복 배송비는 고객 부담입니다.
타 상품으로의 교환: 다른 상품으로의 직접 교환은 불가하므로, 기존 주문을 [반품/환불] 처리한 후 원하시는 상품으로 재주문하셔야 합니다.
불량 및 오배송 교환: 동일 상품으로 무상 맞교환을 원칙으로 하며, 단종 또는 품절 시에는 전액 환불 처리됩니다.

6. 배송 정책 (Shipping Policy)",8.4501
53,주문,주문 변경,자세한 안내 부탁드립니다. 주문번호 {{order_no}} 건의 수량을 바꾸고 싶습니다. 필요한 정보가 있다면 함께 알려주세요.,"주문 완료 후에는 상품, 옵션 및 수량을 변경할 수 없습니다. 변경이 필요하면 기존 주문을 취소한 후 다시 주문해 주세요.","[""주문 완료 후에는 상품, 옵션 및 수량을 변경할 수 없습니다. 변경이 필요하면 기존 주문을 취소한 후 다시 주문해 주세요.""]","[정책 문서 1: 쇼핑몰 이용약관 및 운영정책.pdf]
1.3 주문 상품 구성(품목·옵션·수량) 변경 불가 안내
배송지·수령인 정보와 달리, 이미 결제 완료된 주문의 
상품 품목, 옵션(색상/사이즈 등), 수량
은 주문 상태와 무관하게 변경이 불가합니다.
변경이 필요한 경우 기존 주문을 취소한 후 원하는 구성으로 다시 주문해야 하며, 이미 '상품 준비 중' 이후 단계라면 취소 불가 규정(3항)이 함께 적용됩니다.
수량을 늘리고 싶은 경우도 기존 주문 수정이 아닌 신규 주문으로 진행해야 합니다.
TIP
주문 관련 팁 (RAG 응답 기준)
고객이 주문 후 배송지 변경을 요청할 때, 주문 상태가 '결제 완료' 이하인지 먼저 확인해야 합니다. 이미 '상품 준비 중'으로 변경된 경우 물류 시스템 특성상 자동 수정이 불가능합니
다.

2. 결제 정책 (Payment Policy)

[정책 문서 2: 쇼핑몰 이용약관 및 운영정책.pdf]
1.2 주문 정보 변경 (배송지 및 옵션)
변경 가능 단계: 주문 상태가 '입금 대기' 또는 '결제 완료' 단계일 경우에만 [마이페이지 > 주문내역]에서 직접 변경하거나 고객센터를 통해 변경 신청이 가능합니다.
변경 불가 단계: 주문 상태가 '상품 준비 중' 또는 '배송 중'으로 전환된 이후에는 물류센터 포장 및 송장 출력 작업이 완료되어 배송지 및 옵션 변경이 불가합니다. 이 경우 상
품 수령 후 반품/교환 절차를 따라야 합니다.

[정책 문서 3: 쇼핑몰 이용약관 및 운영정책.pdf]
금액·기간 등 수치 정보는 원문 그대로 정확히 인용하고, 임의로 추정하지 않습니다.
법정대리인 동의, 분쟁조정 등 법적 절차가 필요한 문의는 최종 처리 결과를 단정하지 말고 ""확인 후 안내드리겠습니다"" 형태로 고객센터 상담 연결을 병행 안내합니
다.",8.6281
54,주문,주문 변경,이용 중 궁금한 점이 있습니다. 주문번호 {{order_no}} 건의 수량을 바꾸고 싶습니다. 필요한 정보가 있다면 함께 알려주세요.,"주문 완료 후에는 상품, 옵션 및 수량을 변경할 수 없습니다. 변경이 필요하면 기존 주문을 취소한 후 다시 주문해 주세요.","[""주문 완료 후에는 상품, 옵션 및 수량을 변경할 수 없습니다. 변경이 필요하면 기존 주문을 취소한 후 다시 주문해 주세요.""]","[정책 문서 1: 쇼핑몰 이용약관 및 운영정책.pdf]
1.3 주문 상품 구성(품목·옵션·수량) 변경 불가 안내
배송지·수령인 정보와 달리, 이미 결제 완료된 주문의 
상품 품목, 옵션(색상/사이즈 등), 수량
은 주문 상태와 무관하게 변경이 불가합니다.
변경이 필요한 경우 기존 주문을 취소한 후 원하는 구성으로 다시 주문해야 하며, 이미 '상품 준비 중' 이후 단계라면 취소 불가 규정(3항)이 함께 적용됩니다.
수량을 늘리고 싶은 경우도 기존 주문 수정이 아닌 신규 주문으로 진행해야 합니다.
TIP
주문 관련 팁 (RAG 응답 기준)
고객이 주문 후 배송지 변경을 요청할 때, 주문 상태가 '결제 완료' 이하인지 먼저 확인해야 합니다. 이미 '상품 준비 중'으로 변경된 경우 물류 시스템 특성상 자동 수정이 불가능합니
다.

2. 결제 정책 (Payment Policy)

[정책 문서 2: 쇼핑몰 이용약관 및 운영정책.pdf]
1.2 주문 정보 변경 (배송지 및 옵션)
변경 가능 단계: 주문 상태가 '입금 대기' 또는 '결제 완료' 단계일 경우에만 [마이페이지 > 주문내역]에서 직접 변경하거나 고객센터를 통해 변경 신청이 가능합니다.
변경 불가 단계: 주문 상태가 '상품 준비 중' 또는 '배송 중'으로 전환된 이후에는 물류센터 포장 및 송장 출력 작업이 완료되어 배송지 및 옵션 변경이 불가합니다. 이 경우 상
품 수령 후 반품/교환 절차를 따라야 합니다.

[정책 문서 3: 쇼핑몰 이용약관 및 운영정책.pdf]
금액·기간 등 수치 정보는 원문 그대로 정확히 인용하고, 임의로 추정하지 않습니다.
법정대리인 동의, 분쟁조정 등 법적 절차가 필요한 문의는 최종 처리 결과를 단정하지 말고 ""확인 후 안내드리겠습니다"" 형태로 고객센터 상담 연결을 병행 안내합니
다.",7.9999
55,주문,주문 변경,온라인에서 처리하려고 합니다. 주문번호 {{order_no}} 건의 옵션을 수정할 수 있나요? 필요한 정보가 있다면 함께 알려주세요.,"주문 완료 후에는 상품, 옵션 및 수량을 변경할 수 없습니다. 변경이 필요하면 기존 주문을 취소한 후 다시 주문해 주세요.","[""주문 완료 후에는 상품, 옵션 및 수량을 변경할 수 없습니다. 변경이 필요하면 기존 주문을 취소한 후 다시 주문해 주세요.""]","[정책 문서 1: 쇼핑몰 이용약관 및 운영정책.pdf]
1.2 주문 정보 변경 (배송지 및 옵션)
변경 가능 단계: 주문 상태가 '입금 대기' 또는 '결제 완료' 단계일 경우에만 [마이페이지 > 주문내역]에서 직접 변경하거나 고객센터를 통해 변경 신청이 가능합니다.
변경 불가 단계: 주문 상태가 '상품 준비 중' 또는 '배송 중'으로 전환된 이후에는 물류센터 포장 및 송장 출력 작업이 완료되어 배송지 및 옵션 변경이 불가합니다. 이 경우 상
품 수령 후 반품/교환 절차를 따라야 합니다.

[정책 문서 2: 쇼핑몰 이용약관 및 운영정책.pdf]
1.3 주문 상품 구성(품목·옵션·수량) 변경 불가 안내
배송지·수령인 정보와 달리, 이미 결제 완료된 주문의 
상품 품목, 옵션(색상/사이즈 등), 수량
은 주문 상태와 무관하게 변경이 불가합니다.
변경이 필요한 경우 기존 주문을 취소한 후 원하는 구성으로 다시 주문해야 하며, 이미 '상품 준비 중' 이후 단계라면 취소 불가 규정(3항)이 함께 적용됩니다.
수량을 늘리고 싶은 경우도 기존 주문 수정이 아닌 신규 주문으로 진행해야 합니다.
TIP
주문 관련 팁 (RAG 응답 기준)
고객이 주문 후 배송지 변경을 요청할 때, 주문 상태가 '결제 완료' 이하인지 먼저 확인해야 합니다. 이미 '상품 준비 중'으로 변경된 경우 물류 시스템 특성상 자동 수정이 불가능합니
다.

2. 결제 정책 (Payment Policy)

[정책 문서 3: 쇼핑몰 이용약관 및 운영정책.pdf]
5. 교환 정책 (Exchange Policy)
동일 상품 옵션 교환: 동일 상품의 색상 또는 사이즈 변경은 재고가 있는 경우 7일 이내 교환이 가능하며, 왕복 배송비는 고객 부담입니다.
타 상품으로의 교환: 다른 상품으로의 직접 교환은 불가하므로, 기존 주문을 [반품/환불] 처리한 후 원하시는 상품으로 재주문하셔야 합니다.
불량 및 오배송 교환: 동일 상품으로 무상 맞교환을 원칙으로 하며, 단종 또는 품절 시에는 전액 환불 처리됩니다.

6. 배송 정책 (Shipping Policy)",8.4026
56,주문,주문 변경,온라인에서 처리하려고 합니다. 주문번호 {{order_no}} 건의 수량을 바꾸고 싶습니다. 필요한 정보가 있다면 함께 알려주세요.,"주문 완료 후에는 상품, 옵션 및 수량을 변경할 수 없습니다. 변경이 필요하면 기존 주문을 취소한 후 다시 주문해 주세요.","[""주문 완료 후에는 상품, 옵션 및 수량을 변경할 수 없습니다. 변경이 필요하면 기존 주문을 취소한 후 다시 주문해 주세요.""]","[정책 문서 1: 쇼핑몰 이용약관 및 운영정책.pdf]
1.3 주문 상품 구성(품목·옵션·수량) 변경 불가 안내
배송지·수령인 정보와 달리, 이미 결제 완료된 주문의 
상품 품목, 옵션(색상/사이즈 등), 수량
은 주문 상태와 무관하게 변경이 불가합니다.
변경이 필요한 경우 기존 주문을 취소한 후 원하는 구성으로 다시 주문해야 하며, 이미 '상품 준비 중' 이후 단계라면 취소 불가 규정(3항)이 함께 적용됩니다.
수량을 늘리고 싶은 경우도 기존 주문 수정이 아닌 신규 주문으로 진행해야 합니다.
TIP
주문 관련 팁 (RAG 응답 기준)
고객이 주문 후 배송지 변경을 요청할 때, 주문 상태가 '결제 완료' 이하인지 먼저 확인해야 합니다. 이미 '상품 준비 중'으로 변경된 경우 물류 시스템 특성상 자동 수정이 불가능합니
다.

2. 결제 정책 (Payment Policy)

[정책 문서 2: 쇼핑몰 이용약관 및 운영정책.pdf]
1.2 주문 정보 변경 (배송지 및 옵션)
변경 가능 단계: 주문 상태가 '입금 대기' 또는 '결제 완료' 단계일 경우에만 [마이페이지 > 주문내역]에서 직접 변경하거나 고객센터를 통해 변경 신청이 가능합니다.
변경 불가 단계: 주문 상태가 '상품 준비 중' 또는 '배송 중'으로 전환된 이후에는 물류센터 포장 및 송장 출력 작업이 완료되어 배송지 및 옵션 변경이 불가합니다. 이 경우 상
품 수령 후 반품/교환 절차를 따라야 합니다.

[정책 문서 3: 쇼핑몰 이용약관 및 운영정책.pdf]
1. 주문 정책 (Ordering Policy)

1.1 주문 접수 및 계약 성립 기준
주문 진행 절차: 원하는 상품의 상세 페이지에서 옵션과 수량을 선택한 후 [구매하기]를 누르거나 [장바구니]에 담아 결제를 진행합니다.
주문 성립 시점: 고객이 상품을 선택하여 결제를 완료하고, 시스템에서 [주문 완료] 메시지 또는 알림(이메일/알림톡)이 발송된 시점에 당사 간의 매매 계약이 성립됩니다.
재고 연동 및 품절 안내: 모든 주문은 실시간 재고 확보를 전제로 합니다. 단, 시스템 반영 시차로 인해 결제 완료 후 품절이 발생할 수 있으며, 이 경우 즉시 이메일/문자로 안
내 후 자동 취소 및 전액 환불 절차가 진행됩니다.
주문 제한 규정: 타인의 명의 도용, 매크로 등 불법 프로그램 이용, 재판매(리셀) 목적의 대량 주문으로 판단될 경우 회사는 사전 통보 없이 해당 주문을 임의 취소할 수 있습
니다.",9.2981
57,주문,주문 변경,추가 안내가 필요합니다. 주문번호 {{order_no}} 건에 상품을 추가할 수 있나요? 필요한 정보가 있다면 함께 알려주세요.,"주문 완료 후에는 상품, 옵션 및 수량을 변경할 수 없습니다. 변경이 필요하면 기존 주문을 취소한 후 다시 주문해 주세요.","[""주문 완료 후에는 상품, 옵션 및 수량을 변경할 수 없습니다. 변경이 필요하면 기존 주문을 취소한 후 다시 주문해 주세요.""]","[정책 문서 1: 쇼핑몰 이용약관 및 운영정책.pdf]
1. 주문 정책 (Ordering Policy)

1.1 주문 접수 및 계약 성립 기준
주문 진행 절차: 원하는 상품의 상세 페이지에서 옵션과 수량을 선택한 후 [구매하기]를 누르거나 [장바구니]에 담아 결제를 진행합니다.
주문 성립 시점: 고객이 상품을 선택하여 결제를 완료하고, 시스템에서 [주문 완료] 메시지 또는 알림(이메일/알림톡)이 발송된 시점에 당사 간의 매매 계약이 성립됩니다.
재고 연동 및 품절 안내: 모든 주문은 실시간 재고 확보를 전제로 합니다. 단, 시스템 반영 시차로 인해 결제 완료 후 품절이 발생할 수 있으며, 이 경우 즉시 이메일/문자로 안
내 후 자동 취소 및 전액 환불 절차가 진행됩니다.
주문 제한 규정: 타인의 명의 도용, 매크로 등 불법 프로그램 이용, 재판매(리셀) 목적의 대량 주문으로 판단될 경우 회사는 사전 통보 없이 해당 주문을 임의 취소할 수 있습
니다.

[정책 문서 2: 쇼핑몰 이용약관 및 운영정책.pdf]
1.3 주문 상품 구성(품목·옵션·수량) 변경 불가 안내
배송지·수령인 정보와 달리, 이미 결제 완료된 주문의 
상품 품목, 옵션(색상/사이즈 등), 수량
은 주문 상태와 무관하게 변경이 불가합니다.
변경이 필요한 경우 기존 주문을 취소한 후 원하는 구성으로 다시 주문해야 하며, 이미 '상품 준비 중' 이후 단계라면 취소 불가 규정(3항)이 함께 적용됩니다.
수량을 늘리고 싶은 경우도 기존 주문 수정이 아닌 신규 주문으로 진행해야 합니다.
TIP
주문 관련 팁 (RAG 응답 기준)
고객이 주문 후 배송지 변경을 요청할 때, 주문 상태가 '결제 완료' 이하인지 먼저 확인해야 합니다. 이미 '상품 준비 중'으로 변경된 경우 물류 시스템 특성상 자동 수정이 불가능합니
다.

2. 결제 정책 (Payment Policy)

[정책 문서 3: 쇼핑몰 이용약관 및 운영정책.pdf]
1.2 주문 정보 변경 (배송지 및 옵션)
변경 가능 단계: 주문 상태가 '입금 대기' 또는 '결제 완료' 단계일 경우에만 [마이페이지 > 주문내역]에서 직접 변경하거나 고객센터를 통해 변경 신청이 가능합니다.
변경 불가 단계: 주문 상태가 '상품 준비 중' 또는 '배송 중'으로 전환된 이후에는 물류센터 포장 및 송장 출력 작업이 완료되어 배송지 및 옵션 변경이 불가합니다. 이 경우 상
품 수령 후 반품/교환 절차를 따라야 합니다.",9.1944
58,주문,주문 변경,안녕하세요. 주문번호 {{order_no}} 건의 옵션을 수정할 수 있나요? 처리 전에 확인할 사항도 알려주세요.,"주문 완료 후에는 상품, 옵션 및 수량을 변경할 수 없습니다. 변경이 필요하면 기존 주문을 취소한 후 다시 주문해 주세요.","[""주문 완료 후에는 상품, 옵션 및 수량을 변경할 수 없습니다. 변경이 필요하면 기존 주문을 취소한 후 다시 주문해 주세요.""]","[정책 문서 1: 쇼핑몰 이용약관 및 운영정책.pdf]
1.2 주문 정보 변경 (배송지 및 옵션)
변경 가능 단계: 주문 상태가 '입금 대기' 또는 '결제 완료' 단계일 경우에만 [마이페이지 > 주문내역]에서 직접 변경하거나 고객센터를 통해 변경 신청이 가능합니다.
변경 불가 단계: 주문 상태가 '상품 준비 중' 또는 '배송 중'으로 전환된 이후에는 물류센터 포장 및 송장 출력 작업이 완료되어 배송지 및 옵션 변경이 불가합니다. 이 경우 상
품 수령 후 반품/교환 절차를 따라야 합니다.

[정책 문서 2: 쇼핑몰 이용약관 및 운영정책.pdf]
1.3 주문 상품 구성(품목·옵션·수량) 변경 불가 안내
배송지·수령인 정보와 달리, 이미 결제 완료된 주문의 
상품 품목, 옵션(색상/사이즈 등), 수량
은 주문 상태와 무관하게 변경이 불가합니다.
변경이 필요한 경우 기존 주문을 취소한 후 원하는 구성으로 다시 주문해야 하며, 이미 '상품 준비 중' 이후 단계라면 취소 불가 규정(3항)이 함께 적용됩니다.
수량을 늘리고 싶은 경우도 기존 주문 수정이 아닌 신규 주문으로 진행해야 합니다.
TIP
주문 관련 팁 (RAG 응답 기준)
고객이 주문 후 배송지 변경을 요청할 때, 주문 상태가 '결제 완료' 이하인지 먼저 확인해야 합니다. 이미 '상품 준비 중'으로 변경된 경우 물류 시스템 특성상 자동 수정이 불가능합니
다.

2. 결제 정책 (Payment Policy)

[정책 문서 3: 쇼핑몰 이용약관 및 운영정책.pdf]
5. 교환 정책 (Exchange Policy)
동일 상품 옵션 교환: 동일 상품의 색상 또는 사이즈 변경은 재고가 있는 경우 7일 이내 교환이 가능하며, 왕복 배송비는 고객 부담입니다.
타 상품으로의 교환: 다른 상품으로의 직접 교환은 불가하므로, 기존 주문을 [반품/환불] 처리한 후 원하시는 상품으로 재주문하셔야 합니다.
불량 및 오배송 교환: 동일 상품으로 무상 맞교환을 원칙으로 하며, 단종 또는 품절 시에는 전액 환불 처리됩니다.

6. 배송 정책 (Shipping Policy)",8.5123
59,주문,주문 변경,확인 부탁드립니다. 주문번호 {{order_no}} 건에서 일부 상품을 제외하고 싶습니다. 처리 전에 확인할 사항도 알려주세요.,"주문 완료 후에는 상품, 옵션 및 수량을 변경할 수 없습니다. 변경이 필요하면 기존 주문을 취소한 후 다시 주문해 주세요.","[""주문 완료 후에는 상품, 옵션 및 수량을 변경할 수 없습니다. 변경이 필요하면 기존 주문을 취소한 후 다시 주문해 주세요.""]","[정책 문서 1: 쇼핑몰 이용약관 및 운영정책.pdf]
1. 주문 정책 (Ordering Policy)

1.1 주문 접수 및 계약 성립 기준
주문 진행 절차: 원하는 상품의 상세 페이지에서 옵션과 수량을 선택한 후 [구매하기]를 누르거나 [장바구니]에 담아 결제를 진행합니다.
주문 성립 시점: 고객이 상품을 선택하여 결제를 완료하고, 시스템에서 [주문 완료] 메시지 또는 알림(이메일/알림톡)이 발송된 시점에 당사 간의 매매 계약이 성립됩니다.
재고 연동 및 품절 안내: 모든 주문은 실시간 재고 확보를 전제로 합니다. 단, 시스템 반영 시차로 인해 결제 완료 후 품절이 발생할 수 있으며, 이 경우 즉시 이메일/문자로 안
내 후 자동 취소 및 전액 환불 절차가 진행됩니다.
주문 제한 규정: 타인의 명의 도용, 매크로 등 불법 프로그램 이용, 재판매(리셀) 목적의 대량 주문으로 판단될 경우 회사는 사전 통보 없이 해당 주문을 임의 취소할 수 있습
니다.

[정책 문서 2: 쇼핑몰 이용약관 및 운영정책.pdf]
TIP
결제 오류 관련 팁 (RAG 응답 기준)
""결제가 안 돼요""라는 문의는 먼저 실제 결제/주문 완료 여부부터 확인하도록 안내하고, 이중 결제가 의심되는 경우 임의로 환불을 약속하지 말고 승인 내역 확인 절차부터 안내합니
다.

[정책 문서 3: 쇼핑몰 이용약관 및 운영정책.pdf]
1.3 주문 상품 구성(품목·옵션·수량) 변경 불가 안내
배송지·수령인 정보와 달리, 이미 결제 완료된 주문의 
상품 품목, 옵션(색상/사이즈 등), 수량
은 주문 상태와 무관하게 변경이 불가합니다.
변경이 필요한 경우 기존 주문을 취소한 후 원하는 구성으로 다시 주문해야 하며, 이미 '상품 준비 중' 이후 단계라면 취소 불가 규정(3항)이 함께 적용됩니다.
수량을 늘리고 싶은 경우도 기존 주문 수정이 아닌 신규 주문으로 진행해야 합니다.
TIP
주문 관련 팁 (RAG 응답 기준)
고객이 주문 후 배송지 변경을 요청할 때, 주문 상태가 '결제 완료' 이하인지 먼저 확인해야 합니다. 이미 '상품 준비 중'으로 변경된 경우 물류 시스템 특성상 자동 수정이 불가능합니
다.

2. 결제 정책 (Payment Policy)",8.5043
60,주문,주문 변경,방법을 알고 싶습니다. 주문번호 {{order_no}} 건의 수량을 바꾸고 싶습니다. 처리 전에 확인할 사항도 알려주세요.,"주문 완료 후에는 상품, 옵션 및 수량을 변경할 수 없습니다. 변경이 필요하면 기존 주문을 취소한 후 다시 주문해 주세요.","[""주문 완료 후에는 상품, 옵션 및 수량을 변경할 수 없습니다. 변경이 필요하면 기존 주문을 취소한 후 다시 주문해 주세요.""]","[정책 문서 1: 쇼핑몰 이용약관 및 운영정책.pdf]
1.3 주문 상품 구성(품목·옵션·수량) 변경 불가 안내
배송지·수령인 정보와 달리, 이미 결제 완료된 주문의 
상품 품목, 옵션(색상/사이즈 등), 수량
은 주문 상태와 무관하게 변경이 불가합니다.
변경이 필요한 경우 기존 주문을 취소한 후 원하는 구성으로 다시 주문해야 하며, 이미 '상품 준비 중' 이후 단계라면 취소 불가 규정(3항)이 함께 적용됩니다.
수량을 늘리고 싶은 경우도 기존 주문 수정이 아닌 신규 주문으로 진행해야 합니다.
TIP
주문 관련 팁 (RAG 응답 기준)
고객이 주문 후 배송지 변경을 요청할 때, 주문 상태가 '결제 완료' 이하인지 먼저 확인해야 합니다. 이미 '상품 준비 중'으로 변경된 경우 물류 시스템 특성상 자동 수정이 불가능합니
다.

2. 결제 정책 (Payment Policy)

[정책 문서 2: 쇼핑몰 이용약관 및 운영정책.pdf]
1.2 주문 정보 변경 (배송지 및 옵션)
변경 가능 단계: 주문 상태가 '입금 대기' 또는 '결제 완료' 단계일 경우에만 [마이페이지 > 주문내역]에서 직접 변경하거나 고객센터를 통해 변경 신청이 가능합니다.
변경 불가 단계: 주문 상태가 '상품 준비 중' 또는 '배송 중'으로 전환된 이후에는 물류센터 포장 및 송장 출력 작업이 완료되어 배송지 및 옵션 변경이 불가합니다. 이 경우 상
품 수령 후 반품/교환 절차를 따라야 합니다.

[정책 문서 3: 쇼핑몰 이용약관 및 운영정책.pdf]
1. 주문 정책 (Ordering Policy)

1.1 주문 접수 및 계약 성립 기준
주문 진행 절차: 원하는 상품의 상세 페이지에서 옵션과 수량을 선택한 후 [구매하기]를 누르거나 [장바구니]에 담아 결제를 진행합니다.
주문 성립 시점: 고객이 상품을 선택하여 결제를 완료하고, 시스템에서 [주문 완료] 메시지 또는 알림(이메일/알림톡)이 발송된 시점에 당사 간의 매매 계약이 성립됩니다.
재고 연동 및 품절 안내: 모든 주문은 실시간 재고 확보를 전제로 합니다. 단, 시스템 반영 시차로 인해 결제 완료 후 품절이 발생할 수 있으며, 이 경우 즉시 이메일/문자로 안
내 후 자동 취소 및 전액 환불 절차가 진행됩니다.
주문 제한 규정: 타인의 명의 도용, 매크로 등 불법 프로그램 이용, 재판매(리셀) 목적의 대량 주문으로 판단될 경우 회사는 사전 통보 없이 해당 주문을 임의 취소할 수 있습
니다.",9.509
61,주문,주문 변경,방법을 알고 싶습니다. 주문번호 {{order_no}} 건의 변경 가능 여부를 확인해 주세요. 처리 전에 확인할 사항도 알려주세요.,"주문 완료 후에는 상품, 옵션 및 수량을 변경할 수 없습니다. 변경이 필요하면 기존 주문을 취소한 후 다시 주문해 주세요.","[""주문 완료 후에는 상품, 옵션 및 수량을 변경할 수 없습니다. 변경이 필요하면 기존 주문을 취소한 후 다시 주문해 주세요.""]","[정책 문서 1: 쇼핑몰 이용약관 및 운영정책.pdf]
1.2 주문 정보 변경 (배송지 및 옵션)
변경 가능 단계: 주문 상태가 '입금 대기' 또는 '결제 완료' 단계일 경우에만 [마이페이지 > 주문내역]에서 직접 변경하거나 고객센터를 통해 변경 신청이 가능합니다.
변경 불가 단계: 주문 상태가 '상품 준비 중' 또는 '배송 중'으로 전환된 이후에는 물류센터 포장 및 송장 출력 작업이 완료되어 배송지 및 옵션 변경이 불가합니다. 이 경우 상
품 수령 후 반품/교환 절차를 따라야 합니다.

[정책 문서 2: 쇼핑몰 이용약관 및 운영정책.pdf]
1.3 주문 상품 구성(품목·옵션·수량) 변경 불가 안내
배송지·수령인 정보와 달리, 이미 결제 완료된 주문의 
상품 품목, 옵션(색상/사이즈 등), 수량
은 주문 상태와 무관하게 변경이 불가합니다.
변경이 필요한 경우 기존 주문을 취소한 후 원하는 구성으로 다시 주문해야 하며, 이미 '상품 준비 중' 이후 단계라면 취소 불가 규정(3항)이 함께 적용됩니다.
수량을 늘리고 싶은 경우도 기존 주문 수정이 아닌 신규 주문으로 진행해야 합니다.
TIP
주문 관련 팁 (RAG 응답 기준)
고객이 주문 후 배송지 변경을 요청할 때, 주문 상태가 '결제 완료' 이하인지 먼저 확인해야 합니다. 이미 '상품 준비 중'으로 변경된 경우 물류 시스템 특성상 자동 수정이 불가능합니
다.

2. 결제 정책 (Payment Policy)

[정책 문서 3: 쇼핑몰 이용약관 및 운영정책.pdf]
1. 주문 정책 (Ordering Policy)

1.1 주문 접수 및 계약 성립 기준
주문 진행 절차: 원하는 상품의 상세 페이지에서 옵션과 수량을 선택한 후 [구매하기]를 누르거나 [장바구니]에 담아 결제를 진행합니다.
주문 성립 시점: 고객이 상품을 선택하여 결제를 완료하고, 시스템에서 [주문 완료] 메시지 또는 알림(이메일/알림톡)이 발송된 시점에 당사 간의 매매 계약이 성립됩니다.
재고 연동 및 품절 안내: 모든 주문은 실시간 재고 확보를 전제로 합니다. 단, 시스템 반영 시차로 인해 결제 완료 후 품절이 발생할 수 있으며, 이 경우 즉시 이메일/문자로 안
내 후 자동 취소 및 전액 환불 절차가 진행됩니다.
주문 제한 규정: 타인의 명의 도용, 매크로 등 불법 프로그램 이용, 재판매(리셀) 목적의 대량 주문으로 판단될 경우 회사는 사전 통보 없이 해당 주문을 임의 취소할 수 있습
니다.",9.2456
62,주문,주문 변경,관련 내용을 확인하고 싶습니다. 주문번호 {{order_no}} 건에서 일부 상품을 제외하고 싶습니다. 처리 전에 확인할 사항도 알려주세요.,"주문 완료 후에는 상품, 옵션 및 수량을 변경할 수 없습니다. 변경이 필요하면 기존 주문을 취소한 후 다시 주문해 주세요.","[""주문 완료 후에는 상품, 옵션 및 수량을 변경할 수 없습니다. 변경이 필요하면 기존 주문을 취소한 후 다시 주문해 주세요.""]","[정책 문서 1: 쇼핑몰 이용약관 및 운영정책.pdf]
1. 주문 정책 (Ordering Policy)

1.1 주문 접수 및 계약 성립 기준
주문 진행 절차: 원하는 상품의 상세 페이지에서 옵션과 수량을 선택한 후 [구매하기]를 누르거나 [장바구니]에 담아 결제를 진행합니다.
주문 성립 시점: 고객이 상품을 선택하여 결제를 완료하고, 시스템에서 [주문 완료] 메시지 또는 알림(이메일/알림톡)이 발송된 시점에 당사 간의 매매 계약이 성립됩니다.
재고 연동 및 품절 안내: 모든 주문은 실시간 재고 확보를 전제로 합니다. 단, 시스템 반영 시차로 인해 결제 완료 후 품절이 발생할 수 있으며, 이 경우 즉시 이메일/문자로 안
내 후 자동 취소 및 전액 환불 절차가 진행됩니다.
주문 제한 규정: 타인의 명의 도용, 매크로 등 불법 프로그램 이용, 재판매(리셀) 목적의 대량 주문으로 판단될 경우 회사는 사전 통보 없이 해당 주문을 임의 취소할 수 있습
니다.

[정책 문서 2: 쇼핑몰 이용약관 및 운영정책.pdf]
금액·기간 등 수치 정보는 원문 그대로 정확히 인용하고, 임의로 추정하지 않습니다.
법정대리인 동의, 분쟁조정 등 법적 절차가 필요한 문의는 최종 처리 결과를 단정하지 말고 ""확인 후 안내드리겠습니다"" 형태로 고객센터 상담 연결을 병행 안내합니
다.

[정책 문서 3: 쇼핑몰 이용약관 및 운영정책.pdf]
TIP
결제 오류 관련 팁 (RAG 응답 기준)
""결제가 안 돼요""라는 문의는 먼저 실제 결제/주문 완료 여부부터 확인하도록 안내하고, 이중 결제가 의심되는 경우 임의로 환불을 약속하지 말고 승인 내역 확인 절차부터 안내합니
다.",7.637
63,주문,주문 변경,처리 방법이 궁금합니다. 주문번호 {{order_no}} 건의 옵션을 수정할 수 있나요? 처리 전에 확인할 사항도 알려주세요.,"주문 완료 후에는 상품, 옵션 및 수량을 변경할 수 없습니다. 변경이 필요하면 기존 주문을 취소한 후 다시 주문해 주세요.","[""주문 완료 후에는 상품, 옵션 및 수량을 변경할 수 없습니다. 변경이 필요하면 기존 주문을 취소한 후 다시 주문해 주세요.""]","[정책 문서 1: 쇼핑몰 이용약관 및 운영정책.pdf]
1.2 주문 정보 변경 (배송지 및 옵션)
변경 가능 단계: 주문 상태가 '입금 대기' 또는 '결제 완료' 단계일 경우에만 [마이페이지 > 주문내역]에서 직접 변경하거나 고객센터를 통해 변경 신청이 가능합니다.
변경 불가 단계: 주문 상태가 '상품 준비 중' 또는 '배송 중'으로 전환된 이후에는 물류센터 포장 및 송장 출력 작업이 완료되어 배송지 및 옵션 변경이 불가합니다. 이 경우 상
품 수령 후 반품/교환 절차를 따라야 합니다.

[정책 문서 2: 쇼핑몰 이용약관 및 운영정책.pdf]
1.3 주문 상품 구성(품목·옵션·수량) 변경 불가 안내
배송지·수령인 정보와 달리, 이미 결제 완료된 주문의 
상품 품목, 옵션(색상/사이즈 등), 수량
은 주문 상태와 무관하게 변경이 불가합니다.
변경이 필요한 경우 기존 주문을 취소한 후 원하는 구성으로 다시 주문해야 하며, 이미 '상품 준비 중' 이후 단계라면 취소 불가 규정(3항)이 함께 적용됩니다.
수량을 늘리고 싶은 경우도 기존 주문 수정이 아닌 신규 주문으로 진행해야 합니다.
TIP
주문 관련 팁 (RAG 응답 기준)
고객이 주문 후 배송지 변경을 요청할 때, 주문 상태가 '결제 완료' 이하인지 먼저 확인해야 합니다. 이미 '상품 준비 중'으로 변경된 경우 물류 시스템 특성상 자동 수정이 불가능합니
다.

2. 결제 정책 (Payment Policy)

[정책 문서 3: 쇼핑몰 이용약관 및 운영정책.pdf]
1. 주문 정책 (Ordering Policy)

1.1 주문 접수 및 계약 성립 기준
주문 진행 절차: 원하는 상품의 상세 페이지에서 옵션과 수량을 선택한 후 [구매하기]를 누르거나 [장바구니]에 담아 결제를 진행합니다.
주문 성립 시점: 고객이 상품을 선택하여 결제를 완료하고, 시스템에서 [주문 완료] 메시지 또는 알림(이메일/알림톡)이 발송된 시점에 당사 간의 매매 계약이 성립됩니다.
재고 연동 및 품절 안내: 모든 주문은 실시간 재고 확보를 전제로 합니다. 단, 시스템 반영 시차로 인해 결제 완료 후 품절이 발생할 수 있으며, 이 경우 즉시 이메일/문자로 안
내 후 자동 취소 및 전액 환불 절차가 진행됩니다.
주문 제한 규정: 타인의 명의 도용, 매크로 등 불법 프로그램 이용, 재판매(리셀) 목적의 대량 주문으로 판단될 경우 회사는 사전 통보 없이 해당 주문을 임의 취소할 수 있습
니다.",8.9257
64,주문,주문 변경,가능 여부를 문의드립니다. 주문번호 {{order_no}} 건의 옵션을 수정할 수 있나요? 처리 전에 확인할 사항도 알려주세요.,"주문 완료 후에는 상품, 옵션 및 수량을 변경할 수 없습니다. 변경이 필요하면 기존 주문을 취소한 후 다시 주문해 주세요.","[""주문 완료 후에는 상품, 옵션 및 수량을 변경할 수 없습니다. 변경이 필요하면 기존 주문을 취소한 후 다시 주문해 주세요.""]","[정책 문서 1: 쇼핑몰 이용약관 및 운영정책.pdf]
1.2 주문 정보 변경 (배송지 및 옵션)
변경 가능 단계: 주문 상태가 '입금 대기' 또는 '결제 완료' 단계일 경우에만 [마이페이지 > 주문내역]에서 직접 변경하거나 고객센터를 통해 변경 신청이 가능합니다.
변경 불가 단계: 주문 상태가 '상품 준비 중' 또는 '배송 중'으로 전환된 이후에는 물류센터 포장 및 송장 출력 작업이 완료되어 배송지 및 옵션 변경이 불가합니다. 이 경우 상
품 수령 후 반품/교환 절차를 따라야 합니다.

[정책 문서 2: 쇼핑몰 이용약관 및 운영정책.pdf]
1.3 주문 상품 구성(품목·옵션·수량) 변경 불가 안내
배송지·수령인 정보와 달리, 이미 결제 완료된 주문의 
상품 품목, 옵션(색상/사이즈 등), 수량
은 주문 상태와 무관하게 변경이 불가합니다.
변경이 필요한 경우 기존 주문을 취소한 후 원하는 구성으로 다시 주문해야 하며, 이미 '상품 준비 중' 이후 단계라면 취소 불가 규정(3항)이 함께 적용됩니다.
수량을 늘리고 싶은 경우도 기존 주문 수정이 아닌 신규 주문으로 진행해야 합니다.
TIP
주문 관련 팁 (RAG 응답 기준)
고객이 주문 후 배송지 변경을 요청할 때, 주문 상태가 '결제 완료' 이하인지 먼저 확인해야 합니다. 이미 '상품 준비 중'으로 변경된 경우 물류 시스템 특성상 자동 수정이 불가능합니
다.

2. 결제 정책 (Payment Policy)

[정책 문서 3: 쇼핑몰 이용약관 및 운영정책.pdf]
3. 주문 취소 정책 (Cancellation Policy)
주문 취소 가능 여부는 배송 진행 단계에 따라 엄격하게 구분됩니다.
입금대기 / 결제완료 — 즉시 취소 가능
: 마이페이지에서 고객이 직접 즉시 취소 처리할 수 있습니다.
상품 준비 중 — 취소 거절 가능
: 포장 및 출고 상태에 따라 취소가 제한되거나 거절될 수 있습니다.
배송 중 — 취소 불가
: 이미 출고되어 배송이 시작된 건은 취소가 불가하며, 상품 수령 후 반품 절차를 통해서만 환불이 가능합니다.",8.9364
65,주문,주문 변경,가능 여부를 문의드립니다. 주문번호 {{order_no}} 건에 상품을 추가할 수 있나요? 처리 전에 확인할 사항도 알려주세요.,"주문 완료 후에는 상품, 옵션 및 수량을 변경할 수 없습니다. 변경이 필요하면 기존 주문을 취소한 후 다시 주문해 주세요.","[""주문 완료 후에는 상품, 옵션 및 수량을 변경할 수 없습니다. 변경이 필요하면 기존 주문을 취소한 후 다시 주문해 주세요.""]","[정책 문서 1: 쇼핑몰 이용약관 및 운영정책.pdf]
1. 주문 정책 (Ordering Policy)

1.1 주문 접수 및 계약 성립 기준
주문 진행 절차: 원하는 상품의 상세 페이지에서 옵션과 수량을 선택한 후 [구매하기]를 누르거나 [장바구니]에 담아 결제를 진행합니다.
주문 성립 시점: 고객이 상품을 선택하여 결제를 완료하고, 시스템에서 [주문 완료] 메시지 또는 알림(이메일/알림톡)이 발송된 시점에 당사 간의 매매 계약이 성립됩니다.
재고 연동 및 품절 안내: 모든 주문은 실시간 재고 확보를 전제로 합니다. 단, 시스템 반영 시차로 인해 결제 완료 후 품절이 발생할 수 있으며, 이 경우 즉시 이메일/문자로 안
내 후 자동 취소 및 전액 환불 절차가 진행됩니다.
주문 제한 규정: 타인의 명의 도용, 매크로 등 불법 프로그램 이용, 재판매(리셀) 목적의 대량 주문으로 판단될 경우 회사는 사전 통보 없이 해당 주문을 임의 취소할 수 있습
니다.

[정책 문서 2: 쇼핑몰 이용약관 및 운영정책.pdf]
3. 주문 취소 정책 (Cancellation Policy)
주문 취소 가능 여부는 배송 진행 단계에 따라 엄격하게 구분됩니다.
입금대기 / 결제완료 — 즉시 취소 가능
: 마이페이지에서 고객이 직접 즉시 취소 처리할 수 있습니다.
상품 준비 중 — 취소 거절 가능
: 포장 및 출고 상태에 따라 취소가 제한되거나 거절될 수 있습니다.
배송 중 — 취소 불가
: 이미 출고되어 배송이 시작된 건은 취소가 불가하며, 상품 수령 후 반품 절차를 통해서만 환불이 가능합니다.

[정책 문서 3: 쇼핑몰 이용약관 및 운영정책.pdf]
1.3 주문 상품 구성(품목·옵션·수량) 변경 불가 안내
배송지·수령인 정보와 달리, 이미 결제 완료된 주문의 
상품 품목, 옵션(색상/사이즈 등), 수량
은 주문 상태와 무관하게 변경이 불가합니다.
변경이 필요한 경우 기존 주문을 취소한 후 원하는 구성으로 다시 주문해야 하며, 이미 '상품 준비 중' 이후 단계라면 취소 불가 규정(3항)이 함께 적용됩니다.
수량을 늘리고 싶은 경우도 기존 주문 수정이 아닌 신규 주문으로 진행해야 합니다.
TIP
주문 관련 팁 (RAG 응답 기준)
고객이 주문 후 배송지 변경을 요청할 때, 주문 상태가 '결제 완료' 이하인지 먼저 확인해야 합니다. 이미 '상품 준비 중'으로 변경된 경우 물류 시스템 특성상 자동 수정이 불가능합니
다.

2. 결제 정책 (Payment Policy)",8.8527
66,주문,주문 변경,자세한 안내 부탁드립니다. 주문번호 {{order_no}} 건에 상품을 추가할 수 있나요? 처리 전에 확인할 사항도 알려주세요.,"주문 완료 후에는 상품, 옵션 및 수량을 변경할 수 없습니다. 변경이 필요하면 기존 주문을 취소한 후 다시 주문해 주세요.","[""주문 완료 후에는 상품, 옵션 및 수량을 변경할 수 없습니다. 변경이 필요하면 기존 주문을 취소한 후 다시 주문해 주세요.""]","[정책 문서 1: 쇼핑몰 이용약관 및 운영정책.pdf]
1. 주문 정책 (Ordering Policy)

1.1 주문 접수 및 계약 성립 기준
주문 진행 절차: 원하는 상품의 상세 페이지에서 옵션과 수량을 선택한 후 [구매하기]를 누르거나 [장바구니]에 담아 결제를 진행합니다.
주문 성립 시점: 고객이 상품을 선택하여 결제를 완료하고, 시스템에서 [주문 완료] 메시지 또는 알림(이메일/알림톡)이 발송된 시점에 당사 간의 매매 계약이 성립됩니다.
재고 연동 및 품절 안내: 모든 주문은 실시간 재고 확보를 전제로 합니다. 단, 시스템 반영 시차로 인해 결제 완료 후 품절이 발생할 수 있으며, 이 경우 즉시 이메일/문자로 안
내 후 자동 취소 및 전액 환불 절차가 진행됩니다.
주문 제한 규정: 타인의 명의 도용, 매크로 등 불법 프로그램 이용, 재판매(리셀) 목적의 대량 주문으로 판단될 경우 회사는 사전 통보 없이 해당 주문을 임의 취소할 수 있습
니다.

[정책 문서 2: 쇼핑몰 이용약관 및 운영정책.pdf]
1.3 주문 상품 구성(품목·옵션·수량) 변경 불가 안내
배송지·수령인 정보와 달리, 이미 결제 완료된 주문의 
상품 품목, 옵션(색상/사이즈 등), 수량
은 주문 상태와 무관하게 변경이 불가합니다.
변경이 필요한 경우 기존 주문을 취소한 후 원하는 구성으로 다시 주문해야 하며, 이미 '상품 준비 중' 이후 단계라면 취소 불가 규정(3항)이 함께 적용됩니다.
수량을 늘리고 싶은 경우도 기존 주문 수정이 아닌 신규 주문으로 진행해야 합니다.
TIP
주문 관련 팁 (RAG 응답 기준)
고객이 주문 후 배송지 변경을 요청할 때, 주문 상태가 '결제 완료' 이하인지 먼저 확인해야 합니다. 이미 '상품 준비 중'으로 변경된 경우 물류 시스템 특성상 자동 수정이 불가능합니
다.

2. 결제 정책 (Payment Policy)

[정책 문서 3: 쇼핑몰 이용약관 및 운영정책.pdf]
금액·기간 등 수치 정보는 원문 그대로 정확히 인용하고, 임의로 추정하지 않습니다.
법정대리인 동의, 분쟁조정 등 법적 절차가 필요한 문의는 최종 처리 결과를 단정하지 말고 ""확인 후 안내드리겠습니다"" 형태로 고객센터 상담 연결을 병행 안내합니
다.",8.4283
67,주문,주문 변경,이용 중 궁금한 점이 있습니다. 주문번호 {{order_no}} 건의 상품을 변경하고 싶습니다. 처리 전에 확인할 사항도 알려주세요.,"주문 완료 후에는 상품, 옵션 및 수량을 변경할 수 없습니다. 변경이 필요하면 기존 주문을 취소한 후 다시 주문해 주세요.","[""주문 완료 후에는 상품, 옵션 및 수량을 변경할 수 없습니다. 변경이 필요하면 기존 주문을 취소한 후 다시 주문해 주세요.""]","[정책 문서 1: 쇼핑몰 이용약관 및 운영정책.pdf]
1.2 주문 정보 변경 (배송지 및 옵션)
변경 가능 단계: 주문 상태가 '입금 대기' 또는 '결제 완료' 단계일 경우에만 [마이페이지 > 주문내역]에서 직접 변경하거나 고객센터를 통해 변경 신청이 가능합니다.
변경 불가 단계: 주문 상태가 '상품 준비 중' 또는 '배송 중'으로 전환된 이후에는 물류센터 포장 및 송장 출력 작업이 완료되어 배송지 및 옵션 변경이 불가합니다. 이 경우 상
품 수령 후 반품/교환 절차를 따라야 합니다.

[정책 문서 2: 쇼핑몰 이용약관 및 운영정책.pdf]
1.3 주문 상품 구성(품목·옵션·수량) 변경 불가 안내
배송지·수령인 정보와 달리, 이미 결제 완료된 주문의 
상품 품목, 옵션(색상/사이즈 등), 수량
은 주문 상태와 무관하게 변경이 불가합니다.
변경이 필요한 경우 기존 주문을 취소한 후 원하는 구성으로 다시 주문해야 하며, 이미 '상품 준비 중' 이후 단계라면 취소 불가 규정(3항)이 함께 적용됩니다.
수량을 늘리고 싶은 경우도 기존 주문 수정이 아닌 신규 주문으로 진행해야 합니다.
TIP
주문 관련 팁 (RAG 응답 기준)
고객이 주문 후 배송지 변경을 요청할 때, 주문 상태가 '결제 완료' 이하인지 먼저 확인해야 합니다. 이미 '상품 준비 중'으로 변경된 경우 물류 시스템 특성상 자동 수정이 불가능합니
다.

2. 결제 정책 (Payment Policy)

[정책 문서 3: 전자상거래_표준약관.pdf]
2. 선불카드, 직불카드, 신용카드 등의 각종 카드 결제

3. 온라인무통장입금

4. 전자화폐에 의한 결제

5. 수령 시 대금지급

6. 마일리지 등 “몰”이 지급한 포인트에 의한 결제
7. “몰”과 계약을 맺었거나 “몰”이 인정한 상품권에 의한 결제 

8. 기타 전자적 지급 방법에 의한 대금 지급 등

제12조(수신확인통지 ․ 구매신청 변경 및 취소)

① “몰”은 이용자의 구매신청이 있는 경우 이용자에게 수신확인통지를 합니다.

② 수신확인통지를 받은 이용자는 의사표시의 불일치 등이 있는 경우에는 수신확인
통지를 받은 후 즉시 구매신청 변경 및 취소를 요청할 수 있고 “몰”은 배송 전
에 이용자의 요청이 있는 경우에는 지체 없이 그 요청에 따라 처리하여야 합니
다. 다만 이미 대금을 지불한 경우에는 제15조의 청약철회 등에 관한 규정에 따
릅니다.

제13조(재화 등의 공급)",9.3729
68,주문,주문 변경,직접 처리하려고 합니다. 주문번호 {{order_no}} 건의 상품을 변경하고 싶습니다. 처리 전에 확인할 사항도 알려주세요.,"주문 완료 후에는 상품, 옵션 및 수량을 변경할 수 없습니다. 변경이 필요하면 기존 주문을 취소한 후 다시 주문해 주세요.","[""주문 완료 후에는 상품, 옵션 및 수량을 변경할 수 없습니다. 변경이 필요하면 기존 주문을 취소한 후 다시 주문해 주세요.""]","[정책 문서 1: 쇼핑몰 이용약관 및 운영정책.pdf]
1.2 주문 정보 변경 (배송지 및 옵션)
변경 가능 단계: 주문 상태가 '입금 대기' 또는 '결제 완료' 단계일 경우에만 [마이페이지 > 주문내역]에서 직접 변경하거나 고객센터를 통해 변경 신청이 가능합니다.
변경 불가 단계: 주문 상태가 '상품 준비 중' 또는 '배송 중'으로 전환된 이후에는 물류센터 포장 및 송장 출력 작업이 완료되어 배송지 및 옵션 변경이 불가합니다. 이 경우 상
품 수령 후 반품/교환 절차를 따라야 합니다.

[정책 문서 2: 쇼핑몰 이용약관 및 운영정책.pdf]
1.3 주문 상품 구성(품목·옵션·수량) 변경 불가 안내
배송지·수령인 정보와 달리, 이미 결제 완료된 주문의 
상품 품목, 옵션(색상/사이즈 등), 수량
은 주문 상태와 무관하게 변경이 불가합니다.
변경이 필요한 경우 기존 주문을 취소한 후 원하는 구성으로 다시 주문해야 하며, 이미 '상품 준비 중' 이후 단계라면 취소 불가 규정(3항)이 함께 적용됩니다.
수량을 늘리고 싶은 경우도 기존 주문 수정이 아닌 신규 주문으로 진행해야 합니다.
TIP
주문 관련 팁 (RAG 응답 기준)
고객이 주문 후 배송지 변경을 요청할 때, 주문 상태가 '결제 완료' 이하인지 먼저 확인해야 합니다. 이미 '상품 준비 중'으로 변경된 경우 물류 시스템 특성상 자동 수정이 불가능합니
다.

2. 결제 정책 (Payment Policy)

[정책 문서 3: 쇼핑몰 이용약관 및 운영정책.pdf]
3. 주문 취소 정책 (Cancellation Policy)
주문 취소 가능 여부는 배송 진행 단계에 따라 엄격하게 구분됩니다.
입금대기 / 결제완료 — 즉시 취소 가능
: 마이페이지에서 고객이 직접 즉시 취소 처리할 수 있습니다.
상품 준비 중 — 취소 거절 가능
: 포장 및 출고 상태에 따라 취소가 제한되거나 거절될 수 있습니다.
배송 중 — 취소 불가
: 이미 출고되어 배송이 시작된 건은 취소가 불가하며, 상품 수령 후 반품 절차를 통해서만 환불이 가능합니다.",8.9095
69,주문,주문 변경,직접 처리하려고 합니다. 주문번호 {{order_no}} 건에서 일부 상품을 제외하고 싶습니다. 처리 전에 확인할 사항도 알려주세요.,"주문 완료 후에는 상품, 옵션 및 수량을 변경할 수 없습니다. 변경이 필요하면 기존 주문을 취소한 후 다시 주문해 주세요.","[""주문 완료 후에는 상품, 옵션 및 수량을 변경할 수 없습니다. 변경이 필요하면 기존 주문을 취소한 후 다시 주문해 주세요.""]","[정책 문서 1: 쇼핑몰 이용약관 및 운영정책.pdf]
1. 주문 정책 (Ordering Policy)

1.1 주문 접수 및 계약 성립 기준
주문 진행 절차: 원하는 상품의 상세 페이지에서 옵션과 수량을 선택한 후 [구매하기]를 누르거나 [장바구니]에 담아 결제를 진행합니다.
주문 성립 시점: 고객이 상품을 선택하여 결제를 완료하고, 시스템에서 [주문 완료] 메시지 또는 알림(이메일/알림톡)이 발송된 시점에 당사 간의 매매 계약이 성립됩니다.
재고 연동 및 품절 안내: 모든 주문은 실시간 재고 확보를 전제로 합니다. 단, 시스템 반영 시차로 인해 결제 완료 후 품절이 발생할 수 있으며, 이 경우 즉시 이메일/문자로 안
내 후 자동 취소 및 전액 환불 절차가 진행됩니다.
주문 제한 규정: 타인의 명의 도용, 매크로 등 불법 프로그램 이용, 재판매(리셀) 목적의 대량 주문으로 판단될 경우 회사는 사전 통보 없이 해당 주문을 임의 취소할 수 있습
니다.

[정책 문서 2: 쇼핑몰 이용약관 및 운영정책.pdf]
9. 미성년자 주문 정책 (Minor's Order Policy)
미성년자(만 19세 미만) 주문의 경우, 법정대리인(부모 등)의 동의 없이 체결된 계약은 「민법」에 따라 본인 또는 법정대리인이 취소할 수 있습니다.
취소 신청 시 법정대리인 관계를 확인할 수 있는 서류(가족관계증명서 등)를 요청할 수 있습니다.
이미 사용/소비되었거나 반품 제한 사유(4.2항)에 해당하는 상품은 미성년자 취소 규정에도 불구하고 반품이 제한될 수 있습니다.
TIP
미성년자 주문 관련 팁 (RAG 응답 기준)
미성년자 본인 명의 취소 요청 시, 단순 변심 반품 규정(7일 이내)보다 우선하여 법정대리인 동의 여부를 먼저 확인하도록 안내합니다.

[정책 문서 3: 쇼핑몰 이용약관 및 운영정책.pdf]
1.3 주문 상품 구성(품목·옵션·수량) 변경 불가 안내
배송지·수령인 정보와 달리, 이미 결제 완료된 주문의 
상품 품목, 옵션(색상/사이즈 등), 수량
은 주문 상태와 무관하게 변경이 불가합니다.
변경이 필요한 경우 기존 주문을 취소한 후 원하는 구성으로 다시 주문해야 하며, 이미 '상품 준비 중' 이후 단계라면 취소 불가 규정(3항)이 함께 적용됩니다.
수량을 늘리고 싶은 경우도 기존 주문 수정이 아닌 신규 주문으로 진행해야 합니다.
TIP
주문 관련 팁 (RAG 응답 기준)
고객이 주문 후 배송지 변경을 요청할 때, 주문 상태가 '결제 완료' 이하인지 먼저 확인해야 합니다. 이미 '상품 준비 중'으로 변경된 경우 물류 시스템 특성상 자동 수정이 불가능합니
다.

2. 결제 정책 (Payment Policy)",9.2309
70,주문,주문 변경,처리 전에 확인하고 싶습니다. 주문번호 {{order_no}} 건의 상품을 변경하고 싶습니다. 처리 전에 확인할 사항도 알려주세요.,"주문 완료 후에는 상품, 옵션 및 수량을 변경할 수 없습니다. 변경이 필요하면 기존 주문을 취소한 후 다시 주문해 주세요.","[""주문 완료 후에는 상품, 옵션 및 수량을 변경할 수 없습니다. 변경이 필요하면 기존 주문을 취소한 후 다시 주문해 주세요.""]","[정책 문서 1: 쇼핑몰 이용약관 및 운영정책.pdf]
1.2 주문 정보 변경 (배송지 및 옵션)
변경 가능 단계: 주문 상태가 '입금 대기' 또는 '결제 완료' 단계일 경우에만 [마이페이지 > 주문내역]에서 직접 변경하거나 고객센터를 통해 변경 신청이 가능합니다.
변경 불가 단계: 주문 상태가 '상품 준비 중' 또는 '배송 중'으로 전환된 이후에는 물류센터 포장 및 송장 출력 작업이 완료되어 배송지 및 옵션 변경이 불가합니다. 이 경우 상
품 수령 후 반품/교환 절차를 따라야 합니다.

[정책 문서 2: 쇼핑몰 이용약관 및 운영정책.pdf]
1.3 주문 상품 구성(품목·옵션·수량) 변경 불가 안내
배송지·수령인 정보와 달리, 이미 결제 완료된 주문의 
상품 품목, 옵션(색상/사이즈 등), 수량
은 주문 상태와 무관하게 변경이 불가합니다.
변경이 필요한 경우 기존 주문을 취소한 후 원하는 구성으로 다시 주문해야 하며, 이미 '상품 준비 중' 이후 단계라면 취소 불가 규정(3항)이 함께 적용됩니다.
수량을 늘리고 싶은 경우도 기존 주문 수정이 아닌 신규 주문으로 진행해야 합니다.
TIP
주문 관련 팁 (RAG 응답 기준)
고객이 주문 후 배송지 변경을 요청할 때, 주문 상태가 '결제 완료' 이하인지 먼저 확인해야 합니다. 이미 '상품 준비 중'으로 변경된 경우 물류 시스템 특성상 자동 수정이 불가능합니
다.

2. 결제 정책 (Payment Policy)

[정책 문서 3: 쇼핑몰 이용약관 및 운영정책.pdf]
TIP
결제 오류 관련 팁 (RAG 응답 기준)
""결제가 안 돼요""라는 문의는 먼저 실제 결제/주문 완료 여부부터 확인하도록 안내하고, 이중 결제가 의심되는 경우 임의로 환불을 약속하지 말고 승인 내역 확인 절차부터 안내합니
다.",8.0543
71,주문,주문 변경,처리 전에 확인하고 싶습니다. 주문번호 {{order_no}} 건의 수량을 바꾸고 싶습니다. 처리 전에 확인할 사항도 알려주세요.,"주문 완료 후에는 상품, 옵션 및 수량을 변경할 수 없습니다. 변경이 필요하면 기존 주문을 취소한 후 다시 주문해 주세요.","[""주문 완료 후에는 상품, 옵션 및 수량을 변경할 수 없습니다. 변경이 필요하면 기존 주문을 취소한 후 다시 주문해 주세요.""]","[정책 문서 1: 쇼핑몰 이용약관 및 운영정책.pdf]
1.3 주문 상품 구성(품목·옵션·수량) 변경 불가 안내
배송지·수령인 정보와 달리, 이미 결제 완료된 주문의 
상품 품목, 옵션(색상/사이즈 등), 수량
은 주문 상태와 무관하게 변경이 불가합니다.
변경이 필요한 경우 기존 주문을 취소한 후 원하는 구성으로 다시 주문해야 하며, 이미 '상품 준비 중' 이후 단계라면 취소 불가 규정(3항)이 함께 적용됩니다.
수량을 늘리고 싶은 경우도 기존 주문 수정이 아닌 신규 주문으로 진행해야 합니다.
TIP
주문 관련 팁 (RAG 응답 기준)
고객이 주문 후 배송지 변경을 요청할 때, 주문 상태가 '결제 완료' 이하인지 먼저 확인해야 합니다. 이미 '상품 준비 중'으로 변경된 경우 물류 시스템 특성상 자동 수정이 불가능합니
다.

2. 결제 정책 (Payment Policy)

[정책 문서 2: 쇼핑몰 이용약관 및 운영정책.pdf]
1.2 주문 정보 변경 (배송지 및 옵션)
변경 가능 단계: 주문 상태가 '입금 대기' 또는 '결제 완료' 단계일 경우에만 [마이페이지 > 주문내역]에서 직접 변경하거나 고객센터를 통해 변경 신청이 가능합니다.
변경 불가 단계: 주문 상태가 '상품 준비 중' 또는 '배송 중'으로 전환된 이후에는 물류센터 포장 및 송장 출력 작업이 완료되어 배송지 및 옵션 변경이 불가합니다. 이 경우 상
품 수령 후 반품/교환 절차를 따라야 합니다.

[정책 문서 3: 쇼핑몰 이용약관 및 운영정책.pdf]
TIP
결제 오류 관련 팁 (RAG 응답 기준)
""결제가 안 돼요""라는 문의는 먼저 실제 결제/주문 완료 여부부터 확인하도록 안내하고, 이중 결제가 의심되는 경우 임의로 환불을 약속하지 말고 승인 내역 확인 절차부터 안내합니
다.",8.4739
72,주문,주문 변경,온라인에서 처리하려고 합니다. 주문번호 {{order_no}} 건에서 일부 상품을 제외하고 싶습니다. 처리 전에 확인할 사항도 알려주세요.,"주문 완료 후에는 상품, 옵션 및 수량을 변경할 수 없습니다. 변경이 필요하면 기존 주문을 취소한 후 다시 주문해 주세요.","[""주문 완료 후에는 상품, 옵션 및 수량을 변경할 수 없습니다. 변경이 필요하면 기존 주문을 취소한 후 다시 주문해 주세요.""]","[정책 문서 1: 쇼핑몰 이용약관 및 운영정책.pdf]
1. 주문 정책 (Ordering Policy)

1.1 주문 접수 및 계약 성립 기준
주문 진행 절차: 원하는 상품의 상세 페이지에서 옵션과 수량을 선택한 후 [구매하기]를 누르거나 [장바구니]에 담아 결제를 진행합니다.
주문 성립 시점: 고객이 상품을 선택하여 결제를 완료하고, 시스템에서 [주문 완료] 메시지 또는 알림(이메일/알림톡)이 발송된 시점에 당사 간의 매매 계약이 성립됩니다.
재고 연동 및 품절 안내: 모든 주문은 실시간 재고 확보를 전제로 합니다. 단, 시스템 반영 시차로 인해 결제 완료 후 품절이 발생할 수 있으며, 이 경우 즉시 이메일/문자로 안
내 후 자동 취소 및 전액 환불 절차가 진행됩니다.
주문 제한 규정: 타인의 명의 도용, 매크로 등 불법 프로그램 이용, 재판매(리셀) 목적의 대량 주문으로 판단될 경우 회사는 사전 통보 없이 해당 주문을 임의 취소할 수 있습
니다.

[정책 문서 2: 전자상거래_표준약관.pdf]
2. 선불카드, 직불카드, 신용카드 등의 각종 카드 결제

3. 온라인무통장입금

4. 전자화폐에 의한 결제

5. 수령 시 대금지급

6. 마일리지 등 “몰”이 지급한 포인트에 의한 결제
7. “몰”과 계약을 맺었거나 “몰”이 인정한 상품권에 의한 결제 

8. 기타 전자적 지급 방법에 의한 대금 지급 등

제12조(수신확인통지 ․ 구매신청 변경 및 취소)

① “몰”은 이용자의 구매신청이 있는 경우 이용자에게 수신확인통지를 합니다.

② 수신확인통지를 받은 이용자는 의사표시의 불일치 등이 있는 경우에는 수신확인
통지를 받은 후 즉시 구매신청 변경 및 취소를 요청할 수 있고 “몰”은 배송 전
에 이용자의 요청이 있는 경우에는 지체 없이 그 요청에 따라 처리하여야 합니
다. 다만 이미 대금을 지불한 경우에는 제15조의 청약철회 등에 관한 규정에 따
릅니다.

제13조(재화 등의 공급)

[정책 문서 3: 쇼핑몰 이용약관 및 운영정책.pdf]
1.3 주문 상품 구성(품목·옵션·수량) 변경 불가 안내
배송지·수령인 정보와 달리, 이미 결제 완료된 주문의 
상품 품목, 옵션(색상/사이즈 등), 수량
은 주문 상태와 무관하게 변경이 불가합니다.
변경이 필요한 경우 기존 주문을 취소한 후 원하는 구성으로 다시 주문해야 하며, 이미 '상품 준비 중' 이후 단계라면 취소 불가 규정(3항)이 함께 적용됩니다.
수량을 늘리고 싶은 경우도 기존 주문 수정이 아닌 신규 주문으로 진행해야 합니다.
TIP
주문 관련 팁 (RAG 응답 기준)
고객이 주문 후 배송지 변경을 요청할 때, 주문 상태가 '결제 완료' 이하인지 먼저 확인해야 합니다. 이미 '상품 준비 중'으로 변경된 경우 물류 시스템 특성상 자동 수정이 불가능합니
다.

2. 결제 정책 (Payment Policy)",10.246
73,주문,주문 변경,정확한 기준을 알고 싶습니다. 주문번호 {{order_no}} 건의 변경 가능 여부를 확인해 주세요. 처리 전에 확인할 사항도 알려주세요.,"주문 완료 후에는 상품, 옵션 및 수량을 변경할 수 없습니다. 변경이 필요하면 기존 주문을 취소한 후 다시 주문해 주세요.","[""주문 완료 후에는 상품, 옵션 및 수량을 변경할 수 없습니다. 변경이 필요하면 기존 주문을 취소한 후 다시 주문해 주세요.""]","[정책 문서 1: 쇼핑몰 이용약관 및 운영정책.pdf]
1.2 주문 정보 변경 (배송지 및 옵션)
변경 가능 단계: 주문 상태가 '입금 대기' 또는 '결제 완료' 단계일 경우에만 [마이페이지 > 주문내역]에서 직접 변경하거나 고객센터를 통해 변경 신청이 가능합니다.
변경 불가 단계: 주문 상태가 '상품 준비 중' 또는 '배송 중'으로 전환된 이후에는 물류센터 포장 및 송장 출력 작업이 완료되어 배송지 및 옵션 변경이 불가합니다. 이 경우 상
품 수령 후 반품/교환 절차를 따라야 합니다.

[정책 문서 2: 쇼핑몰 이용약관 및 운영정책.pdf]
1.3 주문 상품 구성(품목·옵션·수량) 변경 불가 안내
배송지·수령인 정보와 달리, 이미 결제 완료된 주문의 
상품 품목, 옵션(색상/사이즈 등), 수량
은 주문 상태와 무관하게 변경이 불가합니다.
변경이 필요한 경우 기존 주문을 취소한 후 원하는 구성으로 다시 주문해야 하며, 이미 '상품 준비 중' 이후 단계라면 취소 불가 규정(3항)이 함께 적용됩니다.
수량을 늘리고 싶은 경우도 기존 주문 수정이 아닌 신규 주문으로 진행해야 합니다.
TIP
주문 관련 팁 (RAG 응답 기준)
고객이 주문 후 배송지 변경을 요청할 때, 주문 상태가 '결제 완료' 이하인지 먼저 확인해야 합니다. 이미 '상품 준비 중'으로 변경된 경우 물류 시스템 특성상 자동 수정이 불가능합니
다.

2. 결제 정책 (Payment Policy)

[정책 문서 3: 쇼핑몰 이용약관 및 운영정책.pdf]
1. 주문 정책 (Ordering Policy)

1.1 주문 접수 및 계약 성립 기준
주문 진행 절차: 원하는 상품의 상세 페이지에서 옵션과 수량을 선택한 후 [구매하기]를 누르거나 [장바구니]에 담아 결제를 진행합니다.
주문 성립 시점: 고객이 상품을 선택하여 결제를 완료하고, 시스템에서 [주문 완료] 메시지 또는 알림(이메일/알림톡)이 발송된 시점에 당사 간의 매매 계약이 성립됩니다.
재고 연동 및 품절 안내: 모든 주문은 실시간 재고 확보를 전제로 합니다. 단, 시스템 반영 시차로 인해 결제 완료 후 품절이 발생할 수 있으며, 이 경우 즉시 이메일/문자로 안
내 후 자동 취소 및 전액 환불 절차가 진행됩니다.
주문 제한 규정: 타인의 명의 도용, 매크로 등 불법 프로그램 이용, 재판매(리셀) 목적의 대량 주문으로 판단될 경우 회사는 사전 통보 없이 해당 주문을 임의 취소할 수 있습
니다.",8.8936
74,주문,주문 변경,추가 안내가 필요합니다. 주문번호 {{order_no}} 건의 상품을 변경하고 싶습니다. 처리 전에 확인할 사항도 알려주세요.,"주문 완료 후에는 상품, 옵션 및 수량을 변경할 수 없습니다. 변경이 필요하면 기존 주문을 취소한 후 다시 주문해 주세요.","[""주문 완료 후에는 상품, 옵션 및 수량을 변경할 수 없습니다. 변경이 필요하면 기존 주문을 취소한 후 다시 주문해 주세요.""]","[정책 문서 1: 쇼핑몰 이용약관 및 운영정책.pdf]
1.2 주문 정보 변경 (배송지 및 옵션)
변경 가능 단계: 주문 상태가 '입금 대기' 또는 '결제 완료' 단계일 경우에만 [마이페이지 > 주문내역]에서 직접 변경하거나 고객센터를 통해 변경 신청이 가능합니다.
변경 불가 단계: 주문 상태가 '상품 준비 중' 또는 '배송 중'으로 전환된 이후에는 물류센터 포장 및 송장 출력 작업이 완료되어 배송지 및 옵션 변경이 불가합니다. 이 경우 상
품 수령 후 반품/교환 절차를 따라야 합니다.

[정책 문서 2: 쇼핑몰 이용약관 및 운영정책.pdf]
1.3 주문 상품 구성(품목·옵션·수량) 변경 불가 안내
배송지·수령인 정보와 달리, 이미 결제 완료된 주문의 
상품 품목, 옵션(색상/사이즈 등), 수량
은 주문 상태와 무관하게 변경이 불가합니다.
변경이 필요한 경우 기존 주문을 취소한 후 원하는 구성으로 다시 주문해야 하며, 이미 '상품 준비 중' 이후 단계라면 취소 불가 규정(3항)이 함께 적용됩니다.
수량을 늘리고 싶은 경우도 기존 주문 수정이 아닌 신규 주문으로 진행해야 합니다.
TIP
주문 관련 팁 (RAG 응답 기준)
고객이 주문 후 배송지 변경을 요청할 때, 주문 상태가 '결제 완료' 이하인지 먼저 확인해야 합니다. 이미 '상품 준비 중'으로 변경된 경우 물류 시스템 특성상 자동 수정이 불가능합니
다.

2. 결제 정책 (Payment Policy)

[정책 문서 3: 쇼핑몰 이용약관 및 운영정책.pdf]
금액·기간 등 수치 정보는 원문 그대로 정확히 인용하고, 임의로 추정하지 않습니다.
법정대리인 동의, 분쟁조정 등 법적 절차가 필요한 문의는 최종 처리 결과를 단정하지 말고 ""확인 후 안내드리겠습니다"" 형태로 고객센터 상담 연결을 병행 안내합니
다.",8.0193
75,주문,주문 변경,추가 안내가 필요합니다. 주문번호 {{order_no}} 건의 옵션을 수정할 수 있나요? 처리 전에 확인할 사항도 알려주세요.,"주문 완료 후에는 상품, 옵션 및 수량을 변경할 수 없습니다. 변경이 필요하면 기존 주문을 취소한 후 다시 주문해 주세요.","[""주문 완료 후에는 상품, 옵션 및 수량을 변경할 수 없습니다. 변경이 필요하면 기존 주문을 취소한 후 다시 주문해 주세요.""]","[정책 문서 1: 쇼핑몰 이용약관 및 운영정책.pdf]
1.2 주문 정보 변경 (배송지 및 옵션)
변경 가능 단계: 주문 상태가 '입금 대기' 또는 '결제 완료' 단계일 경우에만 [마이페이지 > 주문내역]에서 직접 변경하거나 고객센터를 통해 변경 신청이 가능합니다.
변경 불가 단계: 주문 상태가 '상품 준비 중' 또는 '배송 중'으로 전환된 이후에는 물류센터 포장 및 송장 출력 작업이 완료되어 배송지 및 옵션 변경이 불가합니다. 이 경우 상
품 수령 후 반품/교환 절차를 따라야 합니다.

[정책 문서 2: 쇼핑몰 이용약관 및 운영정책.pdf]
1.3 주문 상품 구성(품목·옵션·수량) 변경 불가 안내
배송지·수령인 정보와 달리, 이미 결제 완료된 주문의 
상품 품목, 옵션(색상/사이즈 등), 수량
은 주문 상태와 무관하게 변경이 불가합니다.
변경이 필요한 경우 기존 주문을 취소한 후 원하는 구성으로 다시 주문해야 하며, 이미 '상품 준비 중' 이후 단계라면 취소 불가 규정(3항)이 함께 적용됩니다.
수량을 늘리고 싶은 경우도 기존 주문 수정이 아닌 신규 주문으로 진행해야 합니다.
TIP
주문 관련 팁 (RAG 응답 기준)
고객이 주문 후 배송지 변경을 요청할 때, 주문 상태가 '결제 완료' 이하인지 먼저 확인해야 합니다. 이미 '상품 준비 중'으로 변경된 경우 물류 시스템 특성상 자동 수정이 불가능합니
다.

2. 결제 정책 (Payment Policy)

[정책 문서 3: 쇼핑몰 이용약관 및 운영정책.pdf]
3. 주문 취소 정책 (Cancellation Policy)
주문 취소 가능 여부는 배송 진행 단계에 따라 엄격하게 구분됩니다.
입금대기 / 결제완료 — 즉시 취소 가능
: 마이페이지에서 고객이 직접 즉시 취소 처리할 수 있습니다.
상품 준비 중 — 취소 거절 가능
: 포장 및 출고 상태에 따라 취소가 제한되거나 거절될 수 있습니다.
배송 중 — 취소 불가
: 이미 출고되어 배송이 시작된 건은 취소가 불가하며, 상품 수령 후 반품 절차를 통해서만 환불이 가능합니다.",8.8495
76,주문,주문 변경,주문번호 {{order_no}} 건에 상품을 추가할 수 있나요? 어느 메뉴에서 확인하는지 궁금합니다.,"주문 완료 후에는 상품, 옵션 및 수량을 변경할 수 없습니다. 변경이 필요하면 기존 주문을 취소한 후 다시 주문해 주세요.","[""주문 완료 후에는 상품, 옵션 및 수량을 변경할 수 없습니다. 변경이 필요하면 기존 주문을 취소한 후 다시 주문해 주세요.""]","[정책 문서 1: 쇼핑몰 이용약관 및 운영정책.pdf]
1. 주문 정책 (Ordering Policy)

1.1 주문 접수 및 계약 성립 기준
주문 진행 절차: 원하는 상품의 상세 페이지에서 옵션과 수량을 선택한 후 [구매하기]를 누르거나 [장바구니]에 담아 결제를 진행합니다.
주문 성립 시점: 고객이 상품을 선택하여 결제를 완료하고, 시스템에서 [주문 완료] 메시지 또는 알림(이메일/알림톡)이 발송된 시점에 당사 간의 매매 계약이 성립됩니다.
재고 연동 및 품절 안내: 모든 주문은 실시간 재고 확보를 전제로 합니다. 단, 시스템 반영 시차로 인해 결제 완료 후 품절이 발생할 수 있으며, 이 경우 즉시 이메일/문자로 안
내 후 자동 취소 및 전액 환불 절차가 진행됩니다.
주문 제한 규정: 타인의 명의 도용, 매크로 등 불법 프로그램 이용, 재판매(리셀) 목적의 대량 주문으로 판단될 경우 회사는 사전 통보 없이 해당 주문을 임의 취소할 수 있습
니다.

[정책 문서 2: 쇼핑몰 이용약관 및 운영정책.pdf]
1.2 주문 정보 변경 (배송지 및 옵션)
변경 가능 단계: 주문 상태가 '입금 대기' 또는 '결제 완료' 단계일 경우에만 [마이페이지 > 주문내역]에서 직접 변경하거나 고객센터를 통해 변경 신청이 가능합니다.
변경 불가 단계: 주문 상태가 '상품 준비 중' 또는 '배송 중'으로 전환된 이후에는 물류센터 포장 및 송장 출력 작업이 완료되어 배송지 및 옵션 변경이 불가합니다. 이 경우 상
품 수령 후 반품/교환 절차를 따라야 합니다.

[정책 문서 3: 쇼핑몰 이용약관 및 운영정책.pdf]
1.3 주문 상품 구성(품목·옵션·수량) 변경 불가 안내
배송지·수령인 정보와 달리, 이미 결제 완료된 주문의 
상품 품목, 옵션(색상/사이즈 등), 수량
은 주문 상태와 무관하게 변경이 불가합니다.
변경이 필요한 경우 기존 주문을 취소한 후 원하는 구성으로 다시 주문해야 하며, 이미 '상품 준비 중' 이후 단계라면 취소 불가 규정(3항)이 함께 적용됩니다.
수량을 늘리고 싶은 경우도 기존 주문 수정이 아닌 신규 주문으로 진행해야 합니다.
TIP
주문 관련 팁 (RAG 응답 기준)
고객이 주문 후 배송지 변경을 요청할 때, 주문 상태가 '결제 완료' 이하인지 먼저 확인해야 합니다. 이미 '상품 준비 중'으로 변경된 경우 물류 시스템 특성상 자동 수정이 불가능합니
다.

2. 결제 정책 (Payment Policy)",9.2287
77,주문,주문 변경,안녕하세요. 주문번호 {{order_no}} 건에서 일부 상품을 제외하고 싶습니다. 어느 메뉴에서 확인하는지 궁금합니다.,"주문 완료 후에는 상품, 옵션 및 수량을 변경할 수 없습니다. 변경이 필요하면 기존 주문을 취소한 후 다시 주문해 주세요.","[""주문 완료 후에는 상품, 옵션 및 수량을 변경할 수 없습니다. 변경이 필요하면 기존 주문을 취소한 후 다시 주문해 주세요.""]","[정책 문서 1: 쇼핑몰 이용약관 및 운영정책.pdf]
1. 주문 정책 (Ordering Policy)

1.1 주문 접수 및 계약 성립 기준
주문 진행 절차: 원하는 상품의 상세 페이지에서 옵션과 수량을 선택한 후 [구매하기]를 누르거나 [장바구니]에 담아 결제를 진행합니다.
주문 성립 시점: 고객이 상품을 선택하여 결제를 완료하고, 시스템에서 [주문 완료] 메시지 또는 알림(이메일/알림톡)이 발송된 시점에 당사 간의 매매 계약이 성립됩니다.
재고 연동 및 품절 안내: 모든 주문은 실시간 재고 확보를 전제로 합니다. 단, 시스템 반영 시차로 인해 결제 완료 후 품절이 발생할 수 있으며, 이 경우 즉시 이메일/문자로 안
내 후 자동 취소 및 전액 환불 절차가 진행됩니다.
주문 제한 규정: 타인의 명의 도용, 매크로 등 불법 프로그램 이용, 재판매(리셀) 목적의 대량 주문으로 판단될 경우 회사는 사전 통보 없이 해당 주문을 임의 취소할 수 있습
니다.

[정책 문서 2: 쇼핑몰 이용약관 및 운영정책.pdf]
1.2 주문 정보 변경 (배송지 및 옵션)
변경 가능 단계: 주문 상태가 '입금 대기' 또는 '결제 완료' 단계일 경우에만 [마이페이지 > 주문내역]에서 직접 변경하거나 고객센터를 통해 변경 신청이 가능합니다.
변경 불가 단계: 주문 상태가 '상품 준비 중' 또는 '배송 중'으로 전환된 이후에는 물류센터 포장 및 송장 출력 작업이 완료되어 배송지 및 옵션 변경이 불가합니다. 이 경우 상
품 수령 후 반품/교환 절차를 따라야 합니다.

[정책 문서 3: 쇼핑몰 이용약관 및 운영정책.pdf]
1.3 주문 상품 구성(품목·옵션·수량) 변경 불가 안내
배송지·수령인 정보와 달리, 이미 결제 완료된 주문의 
상품 품목, 옵션(색상/사이즈 등), 수량
은 주문 상태와 무관하게 변경이 불가합니다.
변경이 필요한 경우 기존 주문을 취소한 후 원하는 구성으로 다시 주문해야 하며, 이미 '상품 준비 중' 이후 단계라면 취소 불가 규정(3항)이 함께 적용됩니다.
수량을 늘리고 싶은 경우도 기존 주문 수정이 아닌 신규 주문으로 진행해야 합니다.
TIP
주문 관련 팁 (RAG 응답 기준)
고객이 주문 후 배송지 변경을 요청할 때, 주문 상태가 '결제 완료' 이하인지 먼저 확인해야 합니다. 이미 '상품 준비 중'으로 변경된 경우 물류 시스템 특성상 자동 수정이 불가능합니
다.

2. 결제 정책 (Payment Policy)",8.7751
78,주문,주문 변경,문의드립니다. 주문번호 {{order_no}} 건의 변경 가능 여부를 확인해 주세요. 어느 메뉴에서 확인하는지 궁금합니다.,"주문 완료 후에는 상품, 옵션 및 수량을 변경할 수 없습니다. 변경이 필요하면 기존 주문을 취소한 후 다시 주문해 주세요.","[""주문 완료 후에는 상품, 옵션 및 수량을 변경할 수 없습니다. 변경이 필요하면 기존 주문을 취소한 후 다시 주문해 주세요.""]","[정책 문서 1: 쇼핑몰 이용약관 및 운영정책.pdf]
1.2 주문 정보 변경 (배송지 및 옵션)
변경 가능 단계: 주문 상태가 '입금 대기' 또는 '결제 완료' 단계일 경우에만 [마이페이지 > 주문내역]에서 직접 변경하거나 고객센터를 통해 변경 신청이 가능합니다.
변경 불가 단계: 주문 상태가 '상품 준비 중' 또는 '배송 중'으로 전환된 이후에는 물류센터 포장 및 송장 출력 작업이 완료되어 배송지 및 옵션 변경이 불가합니다. 이 경우 상
품 수령 후 반품/교환 절차를 따라야 합니다.

[정책 문서 2: 쇼핑몰 이용약관 및 운영정책.pdf]
1.3 주문 상품 구성(품목·옵션·수량) 변경 불가 안내
배송지·수령인 정보와 달리, 이미 결제 완료된 주문의 
상품 품목, 옵션(색상/사이즈 등), 수량
은 주문 상태와 무관하게 변경이 불가합니다.
변경이 필요한 경우 기존 주문을 취소한 후 원하는 구성으로 다시 주문해야 하며, 이미 '상품 준비 중' 이후 단계라면 취소 불가 규정(3항)이 함께 적용됩니다.
수량을 늘리고 싶은 경우도 기존 주문 수정이 아닌 신규 주문으로 진행해야 합니다.
TIP
주문 관련 팁 (RAG 응답 기준)
고객이 주문 후 배송지 변경을 요청할 때, 주문 상태가 '결제 완료' 이하인지 먼저 확인해야 합니다. 이미 '상품 준비 중'으로 변경된 경우 물류 시스템 특성상 자동 수정이 불가능합니
다.

2. 결제 정책 (Payment Policy)

[정책 문서 3: 쇼핑몰 이용약관 및 운영정책.pdf]
4.5 환불 진행 상황 조회 방법
[마이페이지 > 주문내역 > 환불/취소 내역]에서 처리 단계(반품 접수 → 입고 확인 → 검품 승인 → 환불 처리 완료)를 실시간으로 확인할 수 있습니다.
검품 승인 이후 4.4항의 환불 소요 기간이 지나도 반영되지 않은 경우, 결제 수단과 반품 승인일을 확인한 뒤 고객센터로 문의해야 합니다.
부분 환불(일부 품목만 반품 등)의 경우 환불 금액이 전체 결제 금액과 다를 수 있으므로, 반품 접수 시 안내된 예상 환불 금액을 우선 확인합니다.
TIP
환불 조회 관련 팁 (RAG 응답 기준)
""환불 언제 되나요""라는 문의는 먼저 [마이페이지] 조회 경로를 안내하고, 4.4항의 결제 수단별 소요 기간 이내인지 확인한 뒤, 소요 기간을 초과한 경우에만 고객센터 개별 확인으로
연결합니다.",8.7987
79,주문,주문 변경,확인 부탁드립니다. 주문번호 {{order_no}} 건의 수량을 바꾸고 싶습니다. 어느 메뉴에서 확인하는지 궁금합니다.,"주문 완료 후에는 상품, 옵션 및 수량을 변경할 수 없습니다. 변경이 필요하면 기존 주문을 취소한 후 다시 주문해 주세요.","[""주문 완료 후에는 상품, 옵션 및 수량을 변경할 수 없습니다. 변경이 필요하면 기존 주문을 취소한 후 다시 주문해 주세요.""]","[정책 문서 1: 쇼핑몰 이용약관 및 운영정책.pdf]
1.2 주문 정보 변경 (배송지 및 옵션)
변경 가능 단계: 주문 상태가 '입금 대기' 또는 '결제 완료' 단계일 경우에만 [마이페이지 > 주문내역]에서 직접 변경하거나 고객센터를 통해 변경 신청이 가능합니다.
변경 불가 단계: 주문 상태가 '상품 준비 중' 또는 '배송 중'으로 전환된 이후에는 물류센터 포장 및 송장 출력 작업이 완료되어 배송지 및 옵션 변경이 불가합니다. 이 경우 상
품 수령 후 반품/교환 절차를 따라야 합니다.

[정책 문서 2: 쇼핑몰 이용약관 및 운영정책.pdf]
1.3 주문 상품 구성(품목·옵션·수량) 변경 불가 안내
배송지·수령인 정보와 달리, 이미 결제 완료된 주문의 
상품 품목, 옵션(색상/사이즈 등), 수량
은 주문 상태와 무관하게 변경이 불가합니다.
변경이 필요한 경우 기존 주문을 취소한 후 원하는 구성으로 다시 주문해야 하며, 이미 '상품 준비 중' 이후 단계라면 취소 불가 규정(3항)이 함께 적용됩니다.
수량을 늘리고 싶은 경우도 기존 주문 수정이 아닌 신규 주문으로 진행해야 합니다.
TIP
주문 관련 팁 (RAG 응답 기준)
고객이 주문 후 배송지 변경을 요청할 때, 주문 상태가 '결제 완료' 이하인지 먼저 확인해야 합니다. 이미 '상품 준비 중'으로 변경된 경우 물류 시스템 특성상 자동 수정이 불가능합니
다.

2. 결제 정책 (Payment Policy)

[정책 문서 3: 쇼핑몰 이용약관 및 운영정책.pdf]
4.5 환불 진행 상황 조회 방법
[마이페이지 > 주문내역 > 환불/취소 내역]에서 처리 단계(반품 접수 → 입고 확인 → 검품 승인 → 환불 처리 완료)를 실시간으로 확인할 수 있습니다.
검품 승인 이후 4.4항의 환불 소요 기간이 지나도 반영되지 않은 경우, 결제 수단과 반품 승인일을 확인한 뒤 고객센터로 문의해야 합니다.
부분 환불(일부 품목만 반품 등)의 경우 환불 금액이 전체 결제 금액과 다를 수 있으므로, 반품 접수 시 안내된 예상 환불 금액을 우선 확인합니다.
TIP
환불 조회 관련 팁 (RAG 응답 기준)
""환불 언제 되나요""라는 문의는 먼저 [마이페이지] 조회 경로를 안내하고, 4.4항의 결제 수단별 소요 기간 이내인지 확인한 뒤, 소요 기간을 초과한 경우에만 고객센터 개별 확인으로
연결합니다.",9.3482
80,주문,주문 변경,확인 부탁드립니다. 주문번호 {{order_no}} 건의 변경 가능 여부를 확인해 주세요. 어느 메뉴에서 확인하는지 궁금합니다.,"주문 완료 후에는 상품, 옵션 및 수량을 변경할 수 없습니다. 변경이 필요하면 기존 주문을 취소한 후 다시 주문해 주세요.","[""주문 완료 후에는 상품, 옵션 및 수량을 변경할 수 없습니다. 변경이 필요하면 기존 주문을 취소한 후 다시 주문해 주세요.""]","[정책 문서 1: 쇼핑몰 이용약관 및 운영정책.pdf]
1.2 주문 정보 변경 (배송지 및 옵션)
변경 가능 단계: 주문 상태가 '입금 대기' 또는 '결제 완료' 단계일 경우에만 [마이페이지 > 주문내역]에서 직접 변경하거나 고객센터를 통해 변경 신청이 가능합니다.
변경 불가 단계: 주문 상태가 '상품 준비 중' 또는 '배송 중'으로 전환된 이후에는 물류센터 포장 및 송장 출력 작업이 완료되어 배송지 및 옵션 변경이 불가합니다. 이 경우 상
품 수령 후 반품/교환 절차를 따라야 합니다.

[정책 문서 2: 쇼핑몰 이용약관 및 운영정책.pdf]
1.3 주문 상품 구성(품목·옵션·수량) 변경 불가 안내
배송지·수령인 정보와 달리, 이미 결제 완료된 주문의 
상품 품목, 옵션(색상/사이즈 등), 수량
은 주문 상태와 무관하게 변경이 불가합니다.
변경이 필요한 경우 기존 주문을 취소한 후 원하는 구성으로 다시 주문해야 하며, 이미 '상품 준비 중' 이후 단계라면 취소 불가 규정(3항)이 함께 적용됩니다.
수량을 늘리고 싶은 경우도 기존 주문 수정이 아닌 신규 주문으로 진행해야 합니다.
TIP
주문 관련 팁 (RAG 응답 기준)
고객이 주문 후 배송지 변경을 요청할 때, 주문 상태가 '결제 완료' 이하인지 먼저 확인해야 합니다. 이미 '상품 준비 중'으로 변경된 경우 물류 시스템 특성상 자동 수정이 불가능합니
다.

2. 결제 정책 (Payment Policy)

[정책 문서 3: 쇼핑몰 이용약관 및 운영정책.pdf]
4.5 환불 진행 상황 조회 방법
[마이페이지 > 주문내역 > 환불/취소 내역]에서 처리 단계(반품 접수 → 입고 확인 → 검품 승인 → 환불 처리 완료)를 실시간으로 확인할 수 있습니다.
검품 승인 이후 4.4항의 환불 소요 기간이 지나도 반영되지 않은 경우, 결제 수단과 반품 승인일을 확인한 뒤 고객센터로 문의해야 합니다.
부분 환불(일부 품목만 반품 등)의 경우 환불 금액이 전체 결제 금액과 다를 수 있으므로, 반품 접수 시 안내된 예상 환불 금액을 우선 확인합니다.
TIP
환불 조회 관련 팁 (RAG 응답 기준)
""환불 언제 되나요""라는 문의는 먼저 [마이페이지] 조회 경로를 안내하고, 4.4항의 결제 수단별 소요 기간 이내인지 확인한 뒤, 소요 기간을 초과한 경우에만 고객센터 개별 확인으로
연결합니다.",9.3423
81,주문,주문 변경,관련 내용을 확인하고 싶습니다. 주문번호 {{order_no}} 건의 수량을 바꾸고 싶습니다. 어느 메뉴에서 확인하는지 궁금합니다.,"주문 완료 후에는 상품, 옵션 및 수량을 변경할 수 없습니다. 변경이 필요하면 기존 주문을 취소한 후 다시 주문해 주세요.","[""주문 완료 후에는 상품, 옵션 및 수량을 변경할 수 없습니다. 변경이 필요하면 기존 주문을 취소한 후 다시 주문해 주세요.""]","[정책 문서 1: 쇼핑몰 이용약관 및 운영정책.pdf]
1.2 주문 정보 변경 (배송지 및 옵션)
변경 가능 단계: 주문 상태가 '입금 대기' 또는 '결제 완료' 단계일 경우에만 [마이페이지 > 주문내역]에서 직접 변경하거나 고객센터를 통해 변경 신청이 가능합니다.
변경 불가 단계: 주문 상태가 '상품 준비 중' 또는 '배송 중'으로 전환된 이후에는 물류센터 포장 및 송장 출력 작업이 완료되어 배송지 및 옵션 변경이 불가합니다. 이 경우 상
품 수령 후 반품/교환 절차를 따라야 합니다.

[정책 문서 2: 쇼핑몰 이용약관 및 운영정책.pdf]
1.3 주문 상품 구성(품목·옵션·수량) 변경 불가 안내
배송지·수령인 정보와 달리, 이미 결제 완료된 주문의 
상품 품목, 옵션(색상/사이즈 등), 수량
은 주문 상태와 무관하게 변경이 불가합니다.
변경이 필요한 경우 기존 주문을 취소한 후 원하는 구성으로 다시 주문해야 하며, 이미 '상품 준비 중' 이후 단계라면 취소 불가 규정(3항)이 함께 적용됩니다.
수량을 늘리고 싶은 경우도 기존 주문 수정이 아닌 신규 주문으로 진행해야 합니다.
TIP
주문 관련 팁 (RAG 응답 기준)
고객이 주문 후 배송지 변경을 요청할 때, 주문 상태가 '결제 완료' 이하인지 먼저 확인해야 합니다. 이미 '상품 준비 중'으로 변경된 경우 물류 시스템 특성상 자동 수정이 불가능합니
다.

2. 결제 정책 (Payment Policy)

[정책 문서 3: 쇼핑몰 이용약관 및 운영정책.pdf]
4.5 환불 진행 상황 조회 방법
[마이페이지 > 주문내역 > 환불/취소 내역]에서 처리 단계(반품 접수 → 입고 확인 → 검품 승인 → 환불 처리 완료)를 실시간으로 확인할 수 있습니다.
검품 승인 이후 4.4항의 환불 소요 기간이 지나도 반영되지 않은 경우, 결제 수단과 반품 승인일을 확인한 뒤 고객센터로 문의해야 합니다.
부분 환불(일부 품목만 반품 등)의 경우 환불 금액이 전체 결제 금액과 다를 수 있으므로, 반품 접수 시 안내된 예상 환불 금액을 우선 확인합니다.
TIP
환불 조회 관련 팁 (RAG 응답 기준)
""환불 언제 되나요""라는 문의는 먼저 [마이페이지] 조회 경로를 안내하고, 4.4항의 결제 수단별 소요 기간 이내인지 확인한 뒤, 소요 기간을 초과한 경우에만 고객센터 개별 확인으로
연결합니다.",8.775
82,주문,주문 변경,처리 방법이 궁금합니다. 주문번호 {{order_no}} 건의 변경 가능 여부를 확인해 주세요. 어느 메뉴에서 확인하는지 궁금합니다.,"주문 완료 후에는 상품, 옵션 및 수량을 변경할 수 없습니다. 변경이 필요하면 기존 주문을 취소한 후 다시 주문해 주세요.","[""주문 완료 후에는 상품, 옵션 및 수량을 변경할 수 없습니다. 변경이 필요하면 기존 주문을 취소한 후 다시 주문해 주세요.""]","[정책 문서 1: 쇼핑몰 이용약관 및 운영정책.pdf]
1.2 주문 정보 변경 (배송지 및 옵션)
변경 가능 단계: 주문 상태가 '입금 대기' 또는 '결제 완료' 단계일 경우에만 [마이페이지 > 주문내역]에서 직접 변경하거나 고객센터를 통해 변경 신청이 가능합니다.
변경 불가 단계: 주문 상태가 '상품 준비 중' 또는 '배송 중'으로 전환된 이후에는 물류센터 포장 및 송장 출력 작업이 완료되어 배송지 및 옵션 변경이 불가합니다. 이 경우 상
품 수령 후 반품/교환 절차를 따라야 합니다.

[정책 문서 2: 쇼핑몰 이용약관 및 운영정책.pdf]
4.5 환불 진행 상황 조회 방법
[마이페이지 > 주문내역 > 환불/취소 내역]에서 처리 단계(반품 접수 → 입고 확인 → 검품 승인 → 환불 처리 완료)를 실시간으로 확인할 수 있습니다.
검품 승인 이후 4.4항의 환불 소요 기간이 지나도 반영되지 않은 경우, 결제 수단과 반품 승인일을 확인한 뒤 고객센터로 문의해야 합니다.
부분 환불(일부 품목만 반품 등)의 경우 환불 금액이 전체 결제 금액과 다를 수 있으므로, 반품 접수 시 안내된 예상 환불 금액을 우선 확인합니다.
TIP
환불 조회 관련 팁 (RAG 응답 기준)
""환불 언제 되나요""라는 문의는 먼저 [마이페이지] 조회 경로를 안내하고, 4.4항의 결제 수단별 소요 기간 이내인지 확인한 뒤, 소요 기간을 초과한 경우에만 고객센터 개별 확인으로
연결합니다.

[정책 문서 3: 쇼핑몰 이용약관 및 운영정책.pdf]
1.3 주문 상품 구성(품목·옵션·수량) 변경 불가 안내
배송지·수령인 정보와 달리, 이미 결제 완료된 주문의 
상품 품목, 옵션(색상/사이즈 등), 수량
은 주문 상태와 무관하게 변경이 불가합니다.
변경이 필요한 경우 기존 주문을 취소한 후 원하는 구성으로 다시 주문해야 하며, 이미 '상품 준비 중' 이후 단계라면 취소 불가 규정(3항)이 함께 적용됩니다.
수량을 늘리고 싶은 경우도 기존 주문 수정이 아닌 신규 주문으로 진행해야 합니다.
TIP
주문 관련 팁 (RAG 응답 기준)
고객이 주문 후 배송지 변경을 요청할 때, 주문 상태가 '결제 완료' 이하인지 먼저 확인해야 합니다. 이미 '상품 준비 중'으로 변경된 경우 물류 시스템 특성상 자동 수정이 불가능합니
다.

2. 결제 정책 (Payment Policy)",8.7929
83,주문,주문 변경,이용 중 궁금한 점이 있습니다. 주문번호 {{order_no}} 건에서 일부 상품을 제외하고 싶습니다. 어느 메뉴에서 확인하는지 궁금합니다.,"주문 완료 후에는 상품, 옵션 및 수량을 변경할 수 없습니다. 변경이 필요하면 기존 주문을 취소한 후 다시 주문해 주세요.","[""주문 완료 후에는 상품, 옵션 및 수량을 변경할 수 없습니다. 변경이 필요하면 기존 주문을 취소한 후 다시 주문해 주세요.""]","[정책 문서 1: 쇼핑몰 이용약관 및 운영정책.pdf]
1. 주문 정책 (Ordering Policy)

1.1 주문 접수 및 계약 성립 기준
주문 진행 절차: 원하는 상품의 상세 페이지에서 옵션과 수량을 선택한 후 [구매하기]를 누르거나 [장바구니]에 담아 결제를 진행합니다.
주문 성립 시점: 고객이 상품을 선택하여 결제를 완료하고, 시스템에서 [주문 완료] 메시지 또는 알림(이메일/알림톡)이 발송된 시점에 당사 간의 매매 계약이 성립됩니다.
재고 연동 및 품절 안내: 모든 주문은 실시간 재고 확보를 전제로 합니다. 단, 시스템 반영 시차로 인해 결제 완료 후 품절이 발생할 수 있으며, 이 경우 즉시 이메일/문자로 안
내 후 자동 취소 및 전액 환불 절차가 진행됩니다.
주문 제한 규정: 타인의 명의 도용, 매크로 등 불법 프로그램 이용, 재판매(리셀) 목적의 대량 주문으로 판단될 경우 회사는 사전 통보 없이 해당 주문을 임의 취소할 수 있습
니다.

[정책 문서 2: 쇼핑몰 이용약관 및 운영정책.pdf]
1.2 주문 정보 변경 (배송지 및 옵션)
변경 가능 단계: 주문 상태가 '입금 대기' 또는 '결제 완료' 단계일 경우에만 [마이페이지 > 주문내역]에서 직접 변경하거나 고객센터를 통해 변경 신청이 가능합니다.
변경 불가 단계: 주문 상태가 '상품 준비 중' 또는 '배송 중'으로 전환된 이후에는 물류센터 포장 및 송장 출력 작업이 완료되어 배송지 및 옵션 변경이 불가합니다. 이 경우 상
품 수령 후 반품/교환 절차를 따라야 합니다.

[정책 문서 3: 쇼핑몰 이용약관 및 운영정책.pdf]
1.3 주문 상품 구성(품목·옵션·수량) 변경 불가 안내
배송지·수령인 정보와 달리, 이미 결제 완료된 주문의 
상품 품목, 옵션(색상/사이즈 등), 수량
은 주문 상태와 무관하게 변경이 불가합니다.
변경이 필요한 경우 기존 주문을 취소한 후 원하는 구성으로 다시 주문해야 하며, 이미 '상품 준비 중' 이후 단계라면 취소 불가 규정(3항)이 함께 적용됩니다.
수량을 늘리고 싶은 경우도 기존 주문 수정이 아닌 신규 주문으로 진행해야 합니다.
TIP
주문 관련 팁 (RAG 응답 기준)
고객이 주문 후 배송지 변경을 요청할 때, 주문 상태가 '결제 완료' 이하인지 먼저 확인해야 합니다. 이미 '상품 준비 중'으로 변경된 경우 물류 시스템 특성상 자동 수정이 불가능합니
다.

2. 결제 정책 (Payment Policy)",9.2133
84,주문,주문 변경,관련 메뉴를 찾지 못했습니다. 주문번호 {{order_no}} 건에 상품을 추가할 수 있나요? 어느 메뉴에서 확인하는지 궁금합니다.,"주문 완료 후에는 상품, 옵션 및 수량을 변경할 수 없습니다. 변경이 필요하면 기존 주문을 취소한 후 다시 주문해 주세요.","[""주문 완료 후에는 상품, 옵션 및 수량을 변경할 수 없습니다. 변경이 필요하면 기존 주문을 취소한 후 다시 주문해 주세요.""]","[정책 문서 1: 쇼핑몰 이용약관 및 운영정책.pdf]
1. 주문 정책 (Ordering Policy)

1.1 주문 접수 및 계약 성립 기준
주문 진행 절차: 원하는 상품의 상세 페이지에서 옵션과 수량을 선택한 후 [구매하기]를 누르거나 [장바구니]에 담아 결제를 진행합니다.
주문 성립 시점: 고객이 상품을 선택하여 결제를 완료하고, 시스템에서 [주문 완료] 메시지 또는 알림(이메일/알림톡)이 발송된 시점에 당사 간의 매매 계약이 성립됩니다.
재고 연동 및 품절 안내: 모든 주문은 실시간 재고 확보를 전제로 합니다. 단, 시스템 반영 시차로 인해 결제 완료 후 품절이 발생할 수 있으며, 이 경우 즉시 이메일/문자로 안
내 후 자동 취소 및 전액 환불 절차가 진행됩니다.
주문 제한 규정: 타인의 명의 도용, 매크로 등 불법 프로그램 이용, 재판매(리셀) 목적의 대량 주문으로 판단될 경우 회사는 사전 통보 없이 해당 주문을 임의 취소할 수 있습
니다.

[정책 문서 2: 쇼핑몰 이용약관 및 운영정책.pdf]
1.3 주문 상품 구성(품목·옵션·수량) 변경 불가 안내
배송지·수령인 정보와 달리, 이미 결제 완료된 주문의 
상품 품목, 옵션(색상/사이즈 등), 수량
은 주문 상태와 무관하게 변경이 불가합니다.
변경이 필요한 경우 기존 주문을 취소한 후 원하는 구성으로 다시 주문해야 하며, 이미 '상품 준비 중' 이후 단계라면 취소 불가 규정(3항)이 함께 적용됩니다.
수량을 늘리고 싶은 경우도 기존 주문 수정이 아닌 신규 주문으로 진행해야 합니다.
TIP
주문 관련 팁 (RAG 응답 기준)
고객이 주문 후 배송지 변경을 요청할 때, 주문 상태가 '결제 완료' 이하인지 먼저 확인해야 합니다. 이미 '상품 준비 중'으로 변경된 경우 물류 시스템 특성상 자동 수정이 불가능합니
다.

2. 결제 정책 (Payment Policy)

[정책 문서 3: 쇼핑몰 이용약관 및 운영정책.pdf]
1.2 주문 정보 변경 (배송지 및 옵션)
변경 가능 단계: 주문 상태가 '입금 대기' 또는 '결제 완료' 단계일 경우에만 [마이페이지 > 주문내역]에서 직접 변경하거나 고객센터를 통해 변경 신청이 가능합니다.
변경 불가 단계: 주문 상태가 '상품 준비 중' 또는 '배송 중'으로 전환된 이후에는 물류센터 포장 및 송장 출력 작업이 완료되어 배송지 및 옵션 변경이 불가합니다. 이 경우 상
품 수령 후 반품/교환 절차를 따라야 합니다.",9.3694
85,주문,주문 변경,처리 전에 확인하고 싶습니다. 주문번호 {{order_no}} 건의 상품을 변경하고 싶습니다. 어느 메뉴에서 확인하는지 궁금합니다.,"주문 완료 후에는 상품, 옵션 및 수량을 변경할 수 없습니다. 변경이 필요하면 기존 주문을 취소한 후 다시 주문해 주세요.","[""주문 완료 후에는 상품, 옵션 및 수량을 변경할 수 없습니다. 변경이 필요하면 기존 주문을 취소한 후 다시 주문해 주세요.""]","[정책 문서 1: 쇼핑몰 이용약관 및 운영정책.pdf]
1.2 주문 정보 변경 (배송지 및 옵션)
변경 가능 단계: 주문 상태가 '입금 대기' 또는 '결제 완료' 단계일 경우에만 [마이페이지 > 주문내역]에서 직접 변경하거나 고객센터를 통해 변경 신청이 가능합니다.
변경 불가 단계: 주문 상태가 '상품 준비 중' 또는 '배송 중'으로 전환된 이후에는 물류센터 포장 및 송장 출력 작업이 완료되어 배송지 및 옵션 변경이 불가합니다. 이 경우 상
품 수령 후 반품/교환 절차를 따라야 합니다.

[정책 문서 2: 쇼핑몰 이용약관 및 운영정책.pdf]
4.5 환불 진행 상황 조회 방법
[마이페이지 > 주문내역 > 환불/취소 내역]에서 처리 단계(반품 접수 → 입고 확인 → 검품 승인 → 환불 처리 완료)를 실시간으로 확인할 수 있습니다.
검품 승인 이후 4.4항의 환불 소요 기간이 지나도 반영되지 않은 경우, 결제 수단과 반품 승인일을 확인한 뒤 고객센터로 문의해야 합니다.
부분 환불(일부 품목만 반품 등)의 경우 환불 금액이 전체 결제 금액과 다를 수 있으므로, 반품 접수 시 안내된 예상 환불 금액을 우선 확인합니다.
TIP
환불 조회 관련 팁 (RAG 응답 기준)
""환불 언제 되나요""라는 문의는 먼저 [마이페이지] 조회 경로를 안내하고, 4.4항의 결제 수단별 소요 기간 이내인지 확인한 뒤, 소요 기간을 초과한 경우에만 고객센터 개별 확인으로
연결합니다.

[정책 문서 3: 쇼핑몰 이용약관 및 운영정책.pdf]
1.3 주문 상품 구성(품목·옵션·수량) 변경 불가 안내
배송지·수령인 정보와 달리, 이미 결제 완료된 주문의 
상품 품목, 옵션(색상/사이즈 등), 수량
은 주문 상태와 무관하게 변경이 불가합니다.
변경이 필요한 경우 기존 주문을 취소한 후 원하는 구성으로 다시 주문해야 하며, 이미 '상품 준비 중' 이후 단계라면 취소 불가 규정(3항)이 함께 적용됩니다.
수량을 늘리고 싶은 경우도 기존 주문 수정이 아닌 신규 주문으로 진행해야 합니다.
TIP
주문 관련 팁 (RAG 응답 기준)
고객이 주문 후 배송지 변경을 요청할 때, 주문 상태가 '결제 완료' 이하인지 먼저 확인해야 합니다. 이미 '상품 준비 중'으로 변경된 경우 물류 시스템 특성상 자동 수정이 불가능합니
다.

2. 결제 정책 (Payment Policy)",8.8055
86,주문,주문 변경,현재 상황을 확인하고 싶습니다. 주문번호 {{order_no}} 건에 상품을 추가할 수 있나요? 어느 메뉴에서 확인하는지 궁금합니다.,"주문 완료 후에는 상품, 옵션 및 수량을 변경할 수 없습니다. 변경이 필요하면 기존 주문을 취소한 후 다시 주문해 주세요.","[""주문 완료 후에는 상품, 옵션 및 수량을 변경할 수 없습니다. 변경이 필요하면 기존 주문을 취소한 후 다시 주문해 주세요.""]","[정책 문서 1: 쇼핑몰 이용약관 및 운영정책.pdf]
4.5 환불 진행 상황 조회 방법
[마이페이지 > 주문내역 > 환불/취소 내역]에서 처리 단계(반품 접수 → 입고 확인 → 검품 승인 → 환불 처리 완료)를 실시간으로 확인할 수 있습니다.
검품 승인 이후 4.4항의 환불 소요 기간이 지나도 반영되지 않은 경우, 결제 수단과 반품 승인일을 확인한 뒤 고객센터로 문의해야 합니다.
부분 환불(일부 품목만 반품 등)의 경우 환불 금액이 전체 결제 금액과 다를 수 있으므로, 반품 접수 시 안내된 예상 환불 금액을 우선 확인합니다.
TIP
환불 조회 관련 팁 (RAG 응답 기준)
""환불 언제 되나요""라는 문의는 먼저 [마이페이지] 조회 경로를 안내하고, 4.4항의 결제 수단별 소요 기간 이내인지 확인한 뒤, 소요 기간을 초과한 경우에만 고객센터 개별 확인으로
연결합니다.

[정책 문서 2: 쇼핑몰 이용약관 및 운영정책.pdf]
1.2 주문 정보 변경 (배송지 및 옵션)
변경 가능 단계: 주문 상태가 '입금 대기' 또는 '결제 완료' 단계일 경우에만 [마이페이지 > 주문내역]에서 직접 변경하거나 고객센터를 통해 변경 신청이 가능합니다.
변경 불가 단계: 주문 상태가 '상품 준비 중' 또는 '배송 중'으로 전환된 이후에는 물류센터 포장 및 송장 출력 작업이 완료되어 배송지 및 옵션 변경이 불가합니다. 이 경우 상
품 수령 후 반품/교환 절차를 따라야 합니다.

[정책 문서 3: 쇼핑몰 이용약관 및 운영정책.pdf]
1. 주문 정책 (Ordering Policy)

1.1 주문 접수 및 계약 성립 기준
주문 진행 절차: 원하는 상품의 상세 페이지에서 옵션과 수량을 선택한 후 [구매하기]를 누르거나 [장바구니]에 담아 결제를 진행합니다.
주문 성립 시점: 고객이 상품을 선택하여 결제를 완료하고, 시스템에서 [주문 완료] 메시지 또는 알림(이메일/알림톡)이 발송된 시점에 당사 간의 매매 계약이 성립됩니다.
재고 연동 및 품절 안내: 모든 주문은 실시간 재고 확보를 전제로 합니다. 단, 시스템 반영 시차로 인해 결제 완료 후 품절이 발생할 수 있으며, 이 경우 즉시 이메일/문자로 안
내 후 자동 취소 및 전액 환불 절차가 진행됩니다.
주문 제한 규정: 타인의 명의 도용, 매크로 등 불법 프로그램 이용, 재판매(리셀) 목적의 대량 주문으로 판단될 경우 회사는 사전 통보 없이 해당 주문을 임의 취소할 수 있습
니다.",8.8242
87,주문,주문 변경,온라인에서 처리하려고 합니다. 주문의 상품을 변경하고 싶습니다. 어느 메뉴에서 확인하는지 궁금합니다.,"주문 완료 후에는 상품, 옵션 및 수량을 변경할 수 없습니다. 변경이 필요하면 기존 주문을 취소한 후 다시 주문해 주세요.","[""주문 완료 후에는 상품, 옵션 및 수량을 변경할 수 없습니다. 변경이 필요하면 기존 주문을 취소한 후 다시 주문해 주세요.""]","[정책 문서 1: 쇼핑몰 이용약관 및 운영정책.pdf]
1.2 주문 정보 변경 (배송지 및 옵션)
변경 가능 단계: 주문 상태가 '입금 대기' 또는 '결제 완료' 단계일 경우에만 [마이페이지 > 주문내역]에서 직접 변경하거나 고객센터를 통해 변경 신청이 가능합니다.
변경 불가 단계: 주문 상태가 '상품 준비 중' 또는 '배송 중'으로 전환된 이후에는 물류센터 포장 및 송장 출력 작업이 완료되어 배송지 및 옵션 변경이 불가합니다. 이 경우 상
품 수령 후 반품/교환 절차를 따라야 합니다.

[정책 문서 2: 쇼핑몰 이용약관 및 운영정책.pdf]
1.3 주문 상품 구성(품목·옵션·수량) 변경 불가 안내
배송지·수령인 정보와 달리, 이미 결제 완료된 주문의 
상품 품목, 옵션(색상/사이즈 등), 수량
은 주문 상태와 무관하게 변경이 불가합니다.
변경이 필요한 경우 기존 주문을 취소한 후 원하는 구성으로 다시 주문해야 하며, 이미 '상품 준비 중' 이후 단계라면 취소 불가 규정(3항)이 함께 적용됩니다.
수량을 늘리고 싶은 경우도 기존 주문 수정이 아닌 신규 주문으로 진행해야 합니다.
TIP
주문 관련 팁 (RAG 응답 기준)
고객이 주문 후 배송지 변경을 요청할 때, 주문 상태가 '결제 완료' 이하인지 먼저 확인해야 합니다. 이미 '상품 준비 중'으로 변경된 경우 물류 시스템 특성상 자동 수정이 불가능합니
다.

2. 결제 정책 (Payment Policy)

[정책 문서 3: 쇼핑몰 이용약관 및 운영정책.pdf]
3. 주문 취소 정책 (Cancellation Policy)
주문 취소 가능 여부는 배송 진행 단계에 따라 엄격하게 구분됩니다.
입금대기 / 결제완료 — 즉시 취소 가능
: 마이페이지에서 고객이 직접 즉시 취소 처리할 수 있습니다.
상품 준비 중 — 취소 거절 가능
: 포장 및 출고 상태에 따라 취소가 제한되거나 거절될 수 있습니다.
배송 중 — 취소 불가
: 이미 출고되어 배송이 시작된 건은 취소가 불가하며, 상품 수령 후 반품 절차를 통해서만 환불이 가능합니다.",8.6938
88,주문,주문 변경,도움이 필요합니다. 주문번호 {{order_no}} 건의 변경 가능 여부를 확인해 주세요. 현재 상태에서 가능한지 확인해 주세요.,"주문 완료 후에는 상품, 옵션 및 수량을 변경할 수 없습니다. 변경이 필요하면 기존 주문을 취소한 후 다시 주문해 주세요.","[""주문 완료 후에는 상품, 옵션 및 수량을 변경할 수 없습니다. 변경이 필요하면 기존 주문을 취소한 후 다시 주문해 주세요.""]","[정책 문서 1: 쇼핑몰 이용약관 및 운영정책.pdf]
1.2 주문 정보 변경 (배송지 및 옵션)
변경 가능 단계: 주문 상태가 '입금 대기' 또는 '결제 완료' 단계일 경우에만 [마이페이지 > 주문내역]에서 직접 변경하거나 고객센터를 통해 변경 신청이 가능합니다.
변경 불가 단계: 주문 상태가 '상품 준비 중' 또는 '배송 중'으로 전환된 이후에는 물류센터 포장 및 송장 출력 작업이 완료되어 배송지 및 옵션 변경이 불가합니다. 이 경우 상
품 수령 후 반품/교환 절차를 따라야 합니다.

[정책 문서 2: 쇼핑몰 이용약관 및 운영정책.pdf]
1.3 주문 상품 구성(품목·옵션·수량) 변경 불가 안내
배송지·수령인 정보와 달리, 이미 결제 완료된 주문의 
상품 품목, 옵션(색상/사이즈 등), 수량
은 주문 상태와 무관하게 변경이 불가합니다.
변경이 필요한 경우 기존 주문을 취소한 후 원하는 구성으로 다시 주문해야 하며, 이미 '상품 준비 중' 이후 단계라면 취소 불가 규정(3항)이 함께 적용됩니다.
수량을 늘리고 싶은 경우도 기존 주문 수정이 아닌 신규 주문으로 진행해야 합니다.
TIP
주문 관련 팁 (RAG 응답 기준)
고객이 주문 후 배송지 변경을 요청할 때, 주문 상태가 '결제 완료' 이하인지 먼저 확인해야 합니다. 이미 '상품 준비 중'으로 변경된 경우 물류 시스템 특성상 자동 수정이 불가능합니
다.

2. 결제 정책 (Payment Policy)

[정책 문서 3: 쇼핑몰 이용약관 및 운영정책.pdf]
1. 주문 정책 (Ordering Policy)

1.1 주문 접수 및 계약 성립 기준
주문 진행 절차: 원하는 상품의 상세 페이지에서 옵션과 수량을 선택한 후 [구매하기]를 누르거나 [장바구니]에 담아 결제를 진행합니다.
주문 성립 시점: 고객이 상품을 선택하여 결제를 완료하고, 시스템에서 [주문 완료] 메시지 또는 알림(이메일/알림톡)이 발송된 시점에 당사 간의 매매 계약이 성립됩니다.
재고 연동 및 품절 안내: 모든 주문은 실시간 재고 확보를 전제로 합니다. 단, 시스템 반영 시차로 인해 결제 완료 후 품절이 발생할 수 있으며, 이 경우 즉시 이메일/문자로 안
내 후 자동 취소 및 전액 환불 절차가 진행됩니다.
주문 제한 규정: 타인의 명의 도용, 매크로 등 불법 프로그램 이용, 재판매(리셀) 목적의 대량 주문으로 판단될 경우 회사는 사전 통보 없이 해당 주문을 임의 취소할 수 있습
니다.",9.1907
89,주문,주문 변경,방법을 알고 싶습니다. 주문번호 {{order_no}} 건의 변경 가능 여부를 확인해 주세요. 현재 상태에서 가능한지 확인해 주세요.,"주문 완료 후에는 상품, 옵션 및 수량을 변경할 수 없습니다. 변경이 필요하면 기존 주문을 취소한 후 다시 주문해 주세요.","[""주문 완료 후에는 상품, 옵션 및 수량을 변경할 수 없습니다. 변경이 필요하면 기존 주문을 취소한 후 다시 주문해 주세요.""]","[정책 문서 1: 쇼핑몰 이용약관 및 운영정책.pdf]
1.2 주문 정보 변경 (배송지 및 옵션)
변경 가능 단계: 주문 상태가 '입금 대기' 또는 '결제 완료' 단계일 경우에만 [마이페이지 > 주문내역]에서 직접 변경하거나 고객센터를 통해 변경 신청이 가능합니다.
변경 불가 단계: 주문 상태가 '상품 준비 중' 또는 '배송 중'으로 전환된 이후에는 물류센터 포장 및 송장 출력 작업이 완료되어 배송지 및 옵션 변경이 불가합니다. 이 경우 상
품 수령 후 반품/교환 절차를 따라야 합니다.

[정책 문서 2: 쇼핑몰 이용약관 및 운영정책.pdf]
1.3 주문 상품 구성(품목·옵션·수량) 변경 불가 안내
배송지·수령인 정보와 달리, 이미 결제 완료된 주문의 
상품 품목, 옵션(색상/사이즈 등), 수량
은 주문 상태와 무관하게 변경이 불가합니다.
변경이 필요한 경우 기존 주문을 취소한 후 원하는 구성으로 다시 주문해야 하며, 이미 '상품 준비 중' 이후 단계라면 취소 불가 규정(3항)이 함께 적용됩니다.
수량을 늘리고 싶은 경우도 기존 주문 수정이 아닌 신규 주문으로 진행해야 합니다.
TIP
주문 관련 팁 (RAG 응답 기준)
고객이 주문 후 배송지 변경을 요청할 때, 주문 상태가 '결제 완료' 이하인지 먼저 확인해야 합니다. 이미 '상품 준비 중'으로 변경된 경우 물류 시스템 특성상 자동 수정이 불가능합니
다.

2. 결제 정책 (Payment Policy)

[정책 문서 3: 쇼핑몰 이용약관 및 운영정책.pdf]
3. 주문 취소 정책 (Cancellation Policy)
주문 취소 가능 여부는 배송 진행 단계에 따라 엄격하게 구분됩니다.
입금대기 / 결제완료 — 즉시 취소 가능
: 마이페이지에서 고객이 직접 즉시 취소 처리할 수 있습니다.
상품 준비 중 — 취소 거절 가능
: 포장 및 출고 상태에 따라 취소가 제한되거나 거절될 수 있습니다.
배송 중 — 취소 불가
: 이미 출고되어 배송이 시작된 건은 취소가 불가하며, 상품 수령 후 반품 절차를 통해서만 환불이 가능합니다.",8.3348
90,주문,주문 변경,절차를 안내받고 싶습니다. 주문번호 {{order_no}} 건에 상품을 추가할 수 있나요? 현재 상태에서 가능한지 확인해 주세요.,"주문 완료 후에는 상품, 옵션 및 수량을 변경할 수 없습니다. 변경이 필요하면 기존 주문을 취소한 후 다시 주문해 주세요.","[""주문 완료 후에는 상품, 옵션 및 수량을 변경할 수 없습니다. 변경이 필요하면 기존 주문을 취소한 후 다시 주문해 주세요.""]","[정책 문서 1: 쇼핑몰 이용약관 및 운영정책.pdf]
1. 주문 정책 (Ordering Policy)

1.1 주문 접수 및 계약 성립 기준
주문 진행 절차: 원하는 상품의 상세 페이지에서 옵션과 수량을 선택한 후 [구매하기]를 누르거나 [장바구니]에 담아 결제를 진행합니다.
주문 성립 시점: 고객이 상품을 선택하여 결제를 완료하고, 시스템에서 [주문 완료] 메시지 또는 알림(이메일/알림톡)이 발송된 시점에 당사 간의 매매 계약이 성립됩니다.
재고 연동 및 품절 안내: 모든 주문은 실시간 재고 확보를 전제로 합니다. 단, 시스템 반영 시차로 인해 결제 완료 후 품절이 발생할 수 있으며, 이 경우 즉시 이메일/문자로 안
내 후 자동 취소 및 전액 환불 절차가 진행됩니다.
주문 제한 규정: 타인의 명의 도용, 매크로 등 불법 프로그램 이용, 재판매(리셀) 목적의 대량 주문으로 판단될 경우 회사는 사전 통보 없이 해당 주문을 임의 취소할 수 있습
니다.

[정책 문서 2: 쇼핑몰 이용약관 및 운영정책.pdf]
1.3 주문 상품 구성(품목·옵션·수량) 변경 불가 안내
배송지·수령인 정보와 달리, 이미 결제 완료된 주문의 
상품 품목, 옵션(색상/사이즈 등), 수량
은 주문 상태와 무관하게 변경이 불가합니다.
변경이 필요한 경우 기존 주문을 취소한 후 원하는 구성으로 다시 주문해야 하며, 이미 '상품 준비 중' 이후 단계라면 취소 불가 규정(3항)이 함께 적용됩니다.
수량을 늘리고 싶은 경우도 기존 주문 수정이 아닌 신규 주문으로 진행해야 합니다.
TIP
주문 관련 팁 (RAG 응답 기준)
고객이 주문 후 배송지 변경을 요청할 때, 주문 상태가 '결제 완료' 이하인지 먼저 확인해야 합니다. 이미 '상품 준비 중'으로 변경된 경우 물류 시스템 특성상 자동 수정이 불가능합니
다.

2. 결제 정책 (Payment Policy)

[정책 문서 3: 쇼핑몰 이용약관 및 운영정책.pdf]
1.2 주문 정보 변경 (배송지 및 옵션)
변경 가능 단계: 주문 상태가 '입금 대기' 또는 '결제 완료' 단계일 경우에만 [마이페이지 > 주문내역]에서 직접 변경하거나 고객센터를 통해 변경 신청이 가능합니다.
변경 불가 단계: 주문 상태가 '상품 준비 중' 또는 '배송 중'으로 전환된 이후에는 물류센터 포장 및 송장 출력 작업이 완료되어 배송지 및 옵션 변경이 불가합니다. 이 경우 상
품 수령 후 반품/교환 절차를 따라야 합니다.",8.7911
91,주문,주문 변경,절차를 안내받고 싶습니다. 주문번호 {{order_no}} 건에서 일부 상품을 제외하고 싶습니다. 현재 상태에서 가능한지 확인해 주세요.,"주문 완료 후에는 상품, 옵션 및 수량을 변경할 수 없습니다. 변경이 필요하면 기존 주문을 취소한 후 다시 주문해 주세요.","[""주문 완료 후에는 상품, 옵션 및 수량을 변경할 수 없습니다. 변경이 필요하면 기존 주문을 취소한 후 다시 주문해 주세요.""]","[정책 문서 1: 쇼핑몰 이용약관 및 운영정책.pdf]
1. 주문 정책 (Ordering Policy)

1.1 주문 접수 및 계약 성립 기준
주문 진행 절차: 원하는 상품의 상세 페이지에서 옵션과 수량을 선택한 후 [구매하기]를 누르거나 [장바구니]에 담아 결제를 진행합니다.
주문 성립 시점: 고객이 상품을 선택하여 결제를 완료하고, 시스템에서 [주문 완료] 메시지 또는 알림(이메일/알림톡)이 발송된 시점에 당사 간의 매매 계약이 성립됩니다.
재고 연동 및 품절 안내: 모든 주문은 실시간 재고 확보를 전제로 합니다. 단, 시스템 반영 시차로 인해 결제 완료 후 품절이 발생할 수 있으며, 이 경우 즉시 이메일/문자로 안
내 후 자동 취소 및 전액 환불 절차가 진행됩니다.
주문 제한 규정: 타인의 명의 도용, 매크로 등 불법 프로그램 이용, 재판매(리셀) 목적의 대량 주문으로 판단될 경우 회사는 사전 통보 없이 해당 주문을 임의 취소할 수 있습
니다.

[정책 문서 2: 쇼핑몰 이용약관 및 운영정책.pdf]
1.3 주문 상품 구성(품목·옵션·수량) 변경 불가 안내
배송지·수령인 정보와 달리, 이미 결제 완료된 주문의 
상품 품목, 옵션(색상/사이즈 등), 수량
은 주문 상태와 무관하게 변경이 불가합니다.
변경이 필요한 경우 기존 주문을 취소한 후 원하는 구성으로 다시 주문해야 하며, 이미 '상품 준비 중' 이후 단계라면 취소 불가 규정(3항)이 함께 적용됩니다.
수량을 늘리고 싶은 경우도 기존 주문 수정이 아닌 신규 주문으로 진행해야 합니다.
TIP
주문 관련 팁 (RAG 응답 기준)
고객이 주문 후 배송지 변경을 요청할 때, 주문 상태가 '결제 완료' 이하인지 먼저 확인해야 합니다. 이미 '상품 준비 중'으로 변경된 경우 물류 시스템 특성상 자동 수정이 불가능합니
다.

2. 결제 정책 (Payment Policy)

[정책 문서 3: 쇼핑몰 이용약관 및 운영정책.pdf]
1.2 주문 정보 변경 (배송지 및 옵션)
변경 가능 단계: 주문 상태가 '입금 대기' 또는 '결제 완료' 단계일 경우에만 [마이페이지 > 주문내역]에서 직접 변경하거나 고객센터를 통해 변경 신청이 가능합니다.
변경 불가 단계: 주문 상태가 '상품 준비 중' 또는 '배송 중'으로 전환된 이후에는 물류센터 포장 및 송장 출력 작업이 완료되어 배송지 및 옵션 변경이 불가합니다. 이 경우 상
품 수령 후 반품/교환 절차를 따라야 합니다.",9.1798
92,주문,주문 변경,관련 내용을 확인하고 싶습니다. 주문번호 {{order_no}} 건의 수량을 바꾸고 싶습니다. 현재 상태에서 가능한지 확인해 주세요.,"주문 완료 후에는 상품, 옵션 및 수량을 변경할 수 없습니다. 변경이 필요하면 기존 주문을 취소한 후 다시 주문해 주세요.","[""주문 완료 후에는 상품, 옵션 및 수량을 변경할 수 없습니다. 변경이 필요하면 기존 주문을 취소한 후 다시 주문해 주세요.""]","[정책 문서 1: 쇼핑몰 이용약관 및 운영정책.pdf]
1.2 주문 정보 변경 (배송지 및 옵션)
변경 가능 단계: 주문 상태가 '입금 대기' 또는 '결제 완료' 단계일 경우에만 [마이페이지 > 주문내역]에서 직접 변경하거나 고객센터를 통해 변경 신청이 가능합니다.
변경 불가 단계: 주문 상태가 '상품 준비 중' 또는 '배송 중'으로 전환된 이후에는 물류센터 포장 및 송장 출력 작업이 완료되어 배송지 및 옵션 변경이 불가합니다. 이 경우 상
품 수령 후 반품/교환 절차를 따라야 합니다.

[정책 문서 2: 쇼핑몰 이용약관 및 운영정책.pdf]
1.3 주문 상품 구성(품목·옵션·수량) 변경 불가 안내
배송지·수령인 정보와 달리, 이미 결제 완료된 주문의 
상품 품목, 옵션(색상/사이즈 등), 수량
은 주문 상태와 무관하게 변경이 불가합니다.
변경이 필요한 경우 기존 주문을 취소한 후 원하는 구성으로 다시 주문해야 하며, 이미 '상품 준비 중' 이후 단계라면 취소 불가 규정(3항)이 함께 적용됩니다.
수량을 늘리고 싶은 경우도 기존 주문 수정이 아닌 신규 주문으로 진행해야 합니다.
TIP
주문 관련 팁 (RAG 응답 기준)
고객이 주문 후 배송지 변경을 요청할 때, 주문 상태가 '결제 완료' 이하인지 먼저 확인해야 합니다. 이미 '상품 준비 중'으로 변경된 경우 물류 시스템 특성상 자동 수정이 불가능합니
다.

2. 결제 정책 (Payment Policy)

[정책 문서 3: 쇼핑몰 이용약관 및 운영정책.pdf]
1. 주문 정책 (Ordering Policy)

1.1 주문 접수 및 계약 성립 기준
주문 진행 절차: 원하는 상품의 상세 페이지에서 옵션과 수량을 선택한 후 [구매하기]를 누르거나 [장바구니]에 담아 결제를 진행합니다.
주문 성립 시점: 고객이 상품을 선택하여 결제를 완료하고, 시스템에서 [주문 완료] 메시지 또는 알림(이메일/알림톡)이 발송된 시점에 당사 간의 매매 계약이 성립됩니다.
재고 연동 및 품절 안내: 모든 주문은 실시간 재고 확보를 전제로 합니다. 단, 시스템 반영 시차로 인해 결제 완료 후 품절이 발생할 수 있으며, 이 경우 즉시 이메일/문자로 안
내 후 자동 취소 및 전액 환불 절차가 진행됩니다.
주문 제한 규정: 타인의 명의 도용, 매크로 등 불법 프로그램 이용, 재판매(리셀) 목적의 대량 주문으로 판단될 경우 회사는 사전 통보 없이 해당 주문을 임의 취소할 수 있습
니다.",9.2477
93,주문,주문 변경,처리 방법이 궁금합니다. 주문번호 {{order_no}} 건의 옵션을 수정할 수 있나요? 현재 상태에서 가능한지 확인해 주세요.,"주문 완료 후에는 상품, 옵션 및 수량을 변경할 수 없습니다. 변경이 필요하면 기존 주문을 취소한 후 다시 주문해 주세요.","[""주문 완료 후에는 상품, 옵션 및 수량을 변경할 수 없습니다. 변경이 필요하면 기존 주문을 취소한 후 다시 주문해 주세요.""]","[정책 문서 1: 쇼핑몰 이용약관 및 운영정책.pdf]
1.2 주문 정보 변경 (배송지 및 옵션)
변경 가능 단계: 주문 상태가 '입금 대기' 또는 '결제 완료' 단계일 경우에만 [마이페이지 > 주문내역]에서 직접 변경하거나 고객센터를 통해 변경 신청이 가능합니다.
변경 불가 단계: 주문 상태가 '상품 준비 중' 또는 '배송 중'으로 전환된 이후에는 물류센터 포장 및 송장 출력 작업이 완료되어 배송지 및 옵션 변경이 불가합니다. 이 경우 상
품 수령 후 반품/교환 절차를 따라야 합니다.

[정책 문서 2: 쇼핑몰 이용약관 및 운영정책.pdf]
1.3 주문 상품 구성(품목·옵션·수량) 변경 불가 안내
배송지·수령인 정보와 달리, 이미 결제 완료된 주문의 
상품 품목, 옵션(색상/사이즈 등), 수량
은 주문 상태와 무관하게 변경이 불가합니다.
변경이 필요한 경우 기존 주문을 취소한 후 원하는 구성으로 다시 주문해야 하며, 이미 '상품 준비 중' 이후 단계라면 취소 불가 규정(3항)이 함께 적용됩니다.
수량을 늘리고 싶은 경우도 기존 주문 수정이 아닌 신규 주문으로 진행해야 합니다.
TIP
주문 관련 팁 (RAG 응답 기준)
고객이 주문 후 배송지 변경을 요청할 때, 주문 상태가 '결제 완료' 이하인지 먼저 확인해야 합니다. 이미 '상품 준비 중'으로 변경된 경우 물류 시스템 특성상 자동 수정이 불가능합니
다.

2. 결제 정책 (Payment Policy)

[정책 문서 3: 쇼핑몰 이용약관 및 운영정책.pdf]
1. 주문 정책 (Ordering Policy)

1.1 주문 접수 및 계약 성립 기준
주문 진행 절차: 원하는 상품의 상세 페이지에서 옵션과 수량을 선택한 후 [구매하기]를 누르거나 [장바구니]에 담아 결제를 진행합니다.
주문 성립 시점: 고객이 상품을 선택하여 결제를 완료하고, 시스템에서 [주문 완료] 메시지 또는 알림(이메일/알림톡)이 발송된 시점에 당사 간의 매매 계약이 성립됩니다.
재고 연동 및 품절 안내: 모든 주문은 실시간 재고 확보를 전제로 합니다. 단, 시스템 반영 시차로 인해 결제 완료 후 품절이 발생할 수 있으며, 이 경우 즉시 이메일/문자로 안
내 후 자동 취소 및 전액 환불 절차가 진행됩니다.
주문 제한 규정: 타인의 명의 도용, 매크로 등 불법 프로그램 이용, 재판매(리셀) 목적의 대량 주문으로 판단될 경우 회사는 사전 통보 없이 해당 주문을 임의 취소할 수 있습
니다.",8.8138
94,주문,주문 변경,가능 여부를 문의드립니다. 주문번호 {{order_no}} 건에서 일부 상품을 제외하고 싶습니다. 현재 상태에서 가능한지 확인해 주세요.,"주문 완료 후에는 상품, 옵션 및 수량을 변경할 수 없습니다. 변경이 필요하면 기존 주문을 취소한 후 다시 주문해 주세요.","[""주문 완료 후에는 상품, 옵션 및 수량을 변경할 수 없습니다. 변경이 필요하면 기존 주문을 취소한 후 다시 주문해 주세요.""]","[정책 문서 1: 쇼핑몰 이용약관 및 운영정책.pdf]
1.3 주문 상품 구성(품목·옵션·수량) 변경 불가 안내
배송지·수령인 정보와 달리, 이미 결제 완료된 주문의 
상품 품목, 옵션(색상/사이즈 등), 수량
은 주문 상태와 무관하게 변경이 불가합니다.
변경이 필요한 경우 기존 주문을 취소한 후 원하는 구성으로 다시 주문해야 하며, 이미 '상품 준비 중' 이후 단계라면 취소 불가 규정(3항)이 함께 적용됩니다.
수량을 늘리고 싶은 경우도 기존 주문 수정이 아닌 신규 주문으로 진행해야 합니다.
TIP
주문 관련 팁 (RAG 응답 기준)
고객이 주문 후 배송지 변경을 요청할 때, 주문 상태가 '결제 완료' 이하인지 먼저 확인해야 합니다. 이미 '상품 준비 중'으로 변경된 경우 물류 시스템 특성상 자동 수정이 불가능합니
다.

2. 결제 정책 (Payment Policy)

[정책 문서 2: 쇼핑몰 이용약관 및 운영정책.pdf]
1.2 주문 정보 변경 (배송지 및 옵션)
변경 가능 단계: 주문 상태가 '입금 대기' 또는 '결제 완료' 단계일 경우에만 [마이페이지 > 주문내역]에서 직접 변경하거나 고객센터를 통해 변경 신청이 가능합니다.
변경 불가 단계: 주문 상태가 '상품 준비 중' 또는 '배송 중'으로 전환된 이후에는 물류센터 포장 및 송장 출력 작업이 완료되어 배송지 및 옵션 변경이 불가합니다. 이 경우 상
품 수령 후 반품/교환 절차를 따라야 합니다.

[정책 문서 3: 쇼핑몰 이용약관 및 운영정책.pdf]
3. 주문 취소 정책 (Cancellation Policy)
주문 취소 가능 여부는 배송 진행 단계에 따라 엄격하게 구분됩니다.
입금대기 / 결제완료 — 즉시 취소 가능
: 마이페이지에서 고객이 직접 즉시 취소 처리할 수 있습니다.
상품 준비 중 — 취소 거절 가능
: 포장 및 출고 상태에 따라 취소가 제한되거나 거절될 수 있습니다.
배송 중 — 취소 불가
: 이미 출고되어 배송이 시작된 건은 취소가 불가하며, 상품 수령 후 반품 절차를 통해서만 환불이 가능합니다.",8.3418
95,주문,주문 변경,직접 처리하려고 합니다. 주문번호 {{order_no}} 건의 변경 가능 여부를 확인해 주세요. 현재 상태에서 가능한지 확인해 주세요.,"주문 완료 후에는 상품, 옵션 및 수량을 변경할 수 없습니다. 변경이 필요하면 기존 주문을 취소한 후 다시 주문해 주세요.","[""주문 완료 후에는 상품, 옵션 및 수량을 변경할 수 없습니다. 변경이 필요하면 기존 주문을 취소한 후 다시 주문해 주세요.""]","[정책 문서 1: 쇼핑몰 이용약관 및 운영정책.pdf]
1.2 주문 정보 변경 (배송지 및 옵션)
변경 가능 단계: 주문 상태가 '입금 대기' 또는 '결제 완료' 단계일 경우에만 [마이페이지 > 주문내역]에서 직접 변경하거나 고객센터를 통해 변경 신청이 가능합니다.
변경 불가 단계: 주문 상태가 '상품 준비 중' 또는 '배송 중'으로 전환된 이후에는 물류센터 포장 및 송장 출력 작업이 완료되어 배송지 및 옵션 변경이 불가합니다. 이 경우 상
품 수령 후 반품/교환 절차를 따라야 합니다.

[정책 문서 2: 쇼핑몰 이용약관 및 운영정책.pdf]
1.3 주문 상품 구성(품목·옵션·수량) 변경 불가 안내
배송지·수령인 정보와 달리, 이미 결제 완료된 주문의 
상품 품목, 옵션(색상/사이즈 등), 수량
은 주문 상태와 무관하게 변경이 불가합니다.
변경이 필요한 경우 기존 주문을 취소한 후 원하는 구성으로 다시 주문해야 하며, 이미 '상품 준비 중' 이후 단계라면 취소 불가 규정(3항)이 함께 적용됩니다.
수량을 늘리고 싶은 경우도 기존 주문 수정이 아닌 신규 주문으로 진행해야 합니다.
TIP
주문 관련 팁 (RAG 응답 기준)
고객이 주문 후 배송지 변경을 요청할 때, 주문 상태가 '결제 완료' 이하인지 먼저 확인해야 합니다. 이미 '상품 준비 중'으로 변경된 경우 물류 시스템 특성상 자동 수정이 불가능합니
다.

2. 결제 정책 (Payment Policy)

[정책 문서 3: 쇼핑몰 이용약관 및 운영정책.pdf]
3. 주문 취소 정책 (Cancellation Policy)
주문 취소 가능 여부는 배송 진행 단계에 따라 엄격하게 구분됩니다.
입금대기 / 결제완료 — 즉시 취소 가능
: 마이페이지에서 고객이 직접 즉시 취소 처리할 수 있습니다.
상품 준비 중 — 취소 거절 가능
: 포장 및 출고 상태에 따라 취소가 제한되거나 거절될 수 있습니다.
배송 중 — 취소 불가
: 이미 출고되어 배송이 시작된 건은 취소가 불가하며, 상품 수령 후 반품 절차를 통해서만 환불이 가능합니다.",8.8068
96,주문,주문 변경,처리 과정을 알려주세요. 주문번호 {{order_no}} 건의 수량을 바꾸고 싶습니다. 현재 상태에서 가능한지 확인해 주세요.,"주문 완료 후에는 상품, 옵션 및 수량을 변경할 수 없습니다. 변경이 필요하면 기존 주문을 취소한 후 다시 주문해 주세요.","[""주문 완료 후에는 상품, 옵션 및 수량을 변경할 수 없습니다. 변경이 필요하면 기존 주문을 취소한 후 다시 주문해 주세요.""]","[정책 문서 1: 쇼핑몰 이용약관 및 운영정책.pdf]
1.2 주문 정보 변경 (배송지 및 옵션)
변경 가능 단계: 주문 상태가 '입금 대기' 또는 '결제 완료' 단계일 경우에만 [마이페이지 > 주문내역]에서 직접 변경하거나 고객센터를 통해 변경 신청이 가능합니다.
변경 불가 단계: 주문 상태가 '상품 준비 중' 또는 '배송 중'으로 전환된 이후에는 물류센터 포장 및 송장 출력 작업이 완료되어 배송지 및 옵션 변경이 불가합니다. 이 경우 상
품 수령 후 반품/교환 절차를 따라야 합니다.

[정책 문서 2: 쇼핑몰 이용약관 및 운영정책.pdf]
1.3 주문 상품 구성(품목·옵션·수량) 변경 불가 안내
배송지·수령인 정보와 달리, 이미 결제 완료된 주문의 
상품 품목, 옵션(색상/사이즈 등), 수량
은 주문 상태와 무관하게 변경이 불가합니다.
변경이 필요한 경우 기존 주문을 취소한 후 원하는 구성으로 다시 주문해야 하며, 이미 '상품 준비 중' 이후 단계라면 취소 불가 규정(3항)이 함께 적용됩니다.
수량을 늘리고 싶은 경우도 기존 주문 수정이 아닌 신규 주문으로 진행해야 합니다.
TIP
주문 관련 팁 (RAG 응답 기준)
고객이 주문 후 배송지 변경을 요청할 때, 주문 상태가 '결제 완료' 이하인지 먼저 확인해야 합니다. 이미 '상품 준비 중'으로 변경된 경우 물류 시스템 특성상 자동 수정이 불가능합니
다.

2. 결제 정책 (Payment Policy)

[정책 문서 3: 쇼핑몰 이용약관 및 운영정책.pdf]
1. 주문 정책 (Ordering Policy)

1.1 주문 접수 및 계약 성립 기준
주문 진행 절차: 원하는 상품의 상세 페이지에서 옵션과 수량을 선택한 후 [구매하기]를 누르거나 [장바구니]에 담아 결제를 진행합니다.
주문 성립 시점: 고객이 상품을 선택하여 결제를 완료하고, 시스템에서 [주문 완료] 메시지 또는 알림(이메일/알림톡)이 발송된 시점에 당사 간의 매매 계약이 성립됩니다.
재고 연동 및 품절 안내: 모든 주문은 실시간 재고 확보를 전제로 합니다. 단, 시스템 반영 시차로 인해 결제 완료 후 품절이 발생할 수 있으며, 이 경우 즉시 이메일/문자로 안
내 후 자동 취소 및 전액 환불 절차가 진행됩니다.
주문 제한 규정: 타인의 명의 도용, 매크로 등 불법 프로그램 이용, 재판매(리셀) 목적의 대량 주문으로 판단될 경우 회사는 사전 통보 없이 해당 주문을 임의 취소할 수 있습
니다.",9.0292
97,주문,주문 변경,정확한 기준을 알고 싶습니다. 주문번호 {{order_no}} 건의 상품을 변경하고 싶습니다. 현재 상태에서 가능한지 확인해 주세요.,"주문 완료 후에는 상품, 옵션 및 수량을 변경할 수 없습니다. 변경이 필요하면 기존 주문을 취소한 후 다시 주문해 주세요.","[""주문 완료 후에는 상품, 옵션 및 수량을 변경할 수 없습니다. 변경이 필요하면 기존 주문을 취소한 후 다시 주문해 주세요.""]","[정책 문서 1: 쇼핑몰 이용약관 및 운영정책.pdf]
1.2 주문 정보 변경 (배송지 및 옵션)
변경 가능 단계: 주문 상태가 '입금 대기' 또는 '결제 완료' 단계일 경우에만 [마이페이지 > 주문내역]에서 직접 변경하거나 고객센터를 통해 변경 신청이 가능합니다.
변경 불가 단계: 주문 상태가 '상품 준비 중' 또는 '배송 중'으로 전환된 이후에는 물류센터 포장 및 송장 출력 작업이 완료되어 배송지 및 옵션 변경이 불가합니다. 이 경우 상
품 수령 후 반품/교환 절차를 따라야 합니다.

[정책 문서 2: 쇼핑몰 이용약관 및 운영정책.pdf]
1.3 주문 상품 구성(품목·옵션·수량) 변경 불가 안내
배송지·수령인 정보와 달리, 이미 결제 완료된 주문의 
상품 품목, 옵션(색상/사이즈 등), 수량
은 주문 상태와 무관하게 변경이 불가합니다.
변경이 필요한 경우 기존 주문을 취소한 후 원하는 구성으로 다시 주문해야 하며, 이미 '상품 준비 중' 이후 단계라면 취소 불가 규정(3항)이 함께 적용됩니다.
수량을 늘리고 싶은 경우도 기존 주문 수정이 아닌 신규 주문으로 진행해야 합니다.
TIP
주문 관련 팁 (RAG 응답 기준)
고객이 주문 후 배송지 변경을 요청할 때, 주문 상태가 '결제 완료' 이하인지 먼저 확인해야 합니다. 이미 '상품 준비 중'으로 변경된 경우 물류 시스템 특성상 자동 수정이 불가능합니
다.

2. 결제 정책 (Payment Policy)

[정책 문서 3: 쇼핑몰 이용약관 및 운영정책.pdf]
1. 주문 정책 (Ordering Policy)

1.1 주문 접수 및 계약 성립 기준
주문 진행 절차: 원하는 상품의 상세 페이지에서 옵션과 수량을 선택한 후 [구매하기]를 누르거나 [장바구니]에 담아 결제를 진행합니다.
주문 성립 시점: 고객이 상품을 선택하여 결제를 완료하고, 시스템에서 [주문 완료] 메시지 또는 알림(이메일/알림톡)이 발송된 시점에 당사 간의 매매 계약이 성립됩니다.
재고 연동 및 품절 안내: 모든 주문은 실시간 재고 확보를 전제로 합니다. 단, 시스템 반영 시차로 인해 결제 완료 후 품절이 발생할 수 있으며, 이 경우 즉시 이메일/문자로 안
내 후 자동 취소 및 전액 환불 절차가 진행됩니다.
주문 제한 규정: 타인의 명의 도용, 매크로 등 불법 프로그램 이용, 재판매(리셀) 목적의 대량 주문으로 판단될 경우 회사는 사전 통보 없이 해당 주문을 임의 취소할 수 있습
니다.",8.8119
98,주문,주문하기,상품의 옵션과 수량을 선택한 뒤 어떻게 주문하나요? 진행 순서를 간단히 설명해 주세요.,상품 상세 페이지에서 옵션과 수량을 선택한 후 [구매하기]를 누르거나 [장바구니]에 담아 결제를 진행해 주세요.,"[""상품 상세 페이지에서 옵션과 수량을 선택한 후 [구매하기]를 누르거나 [장바구니]에 담아 주문을 진행해 주세요.""]","[정책 문서 1: 쇼핑몰 이용약관 및 운영정책.pdf]
1. 주문 정책 (Ordering Policy)

1.1 주문 접수 및 계약 성립 기준
주문 진행 절차: 원하는 상품의 상세 페이지에서 옵션과 수량을 선택한 후 [구매하기]를 누르거나 [장바구니]에 담아 결제를 진행합니다.
주문 성립 시점: 고객이 상품을 선택하여 결제를 완료하고, 시스템에서 [주문 완료] 메시지 또는 알림(이메일/알림톡)이 발송된 시점에 당사 간의 매매 계약이 성립됩니다.
재고 연동 및 품절 안내: 모든 주문은 실시간 재고 확보를 전제로 합니다. 단, 시스템 반영 시차로 인해 결제 완료 후 품절이 발생할 수 있으며, 이 경우 즉시 이메일/문자로 안
내 후 자동 취소 및 전액 환불 절차가 진행됩니다.
주문 제한 규정: 타인의 명의 도용, 매크로 등 불법 프로그램 이용, 재판매(리셀) 목적의 대량 주문으로 판단될 경우 회사는 사전 통보 없이 해당 주문을 임의 취소할 수 있습
니다.

[정책 문서 2: 쇼핑몰 이용약관 및 운영정책.pdf]
1.3 주문 상품 구성(품목·옵션·수량) 변경 불가 안내
배송지·수령인 정보와 달리, 이미 결제 완료된 주문의 
상품 품목, 옵션(색상/사이즈 등), 수량
은 주문 상태와 무관하게 변경이 불가합니다.
변경이 필요한 경우 기존 주문을 취소한 후 원하는 구성으로 다시 주문해야 하며, 이미 '상품 준비 중' 이후 단계라면 취소 불가 규정(3항)이 함께 적용됩니다.
수량을 늘리고 싶은 경우도 기존 주문 수정이 아닌 신규 주문으로 진행해야 합니다.
TIP
주문 관련 팁 (RAG 응답 기준)
고객이 주문 후 배송지 변경을 요청할 때, 주문 상태가 '결제 완료' 이하인지 먼저 확인해야 합니다. 이미 '상품 준비 중'으로 변경된 경우 물류 시스템 특성상 자동 수정이 불가능합니
다.

2. 결제 정책 (Payment Policy)

[정책 문서 3: 전자상거래_표준약관.pdf]
1. 재화 등의 검색 및 선택

2. 받는 사람의 성명, 주소, 전화번호, 전자우편주소(또는 이동전화번호) 등의
입력

3. 약관내용, 청약철회권이 제한되는 서비스, 배송료 ․ 설치비 등의 비용부담과
관련한 내용에 대한 확인

4. 이 약관에 동의하고 위 3.호의 사항을 확인하거나 거부하는 표시
(예, 마우스 클릭)

5. 재화등의 구매신청 및 이에 관한 확인 또는 “몰”의 확인에 대한 동의

6. 결제방법의 선택

② “몰”이 제3자에게 구매자 개인정보를 제공할 필요가 있는 경우 1) 개인정보를
제공받는 자, 2)개인정보를 제공받는 자의 개인정보 이용목적, 3) 제공하는 개
인정보의 항목, 4) 개인정보를 제공받는 자의 개인정보 보유 및 이용기간을 구
매자에게 알리고 동의를 받아야 합니다. (동의를 받은 사항이 변경되는 경우에
도 같습니다.)",9.4265
99,주문,주문하기,안녕하세요. 상품을 주문하는 방법을 알려주세요. 진행 순서를 간단히 설명해 주세요.,상품 상세 페이지에서 옵션과 수량을 선택한 후 [구매하기]를 누르거나 [장바구니]에 담아 결제를 진행해 주세요.,"[""상품 상세 페이지에서 옵션과 수량을 선택한 후 [구매하기]를 누르거나 [장바구니]에 담아 주문을 진행해 주세요.""]","[정책 문서 1: 쇼핑몰 이용약관 및 운영정책.pdf]
1. 주문 정책 (Ordering Policy)

1.1 주문 접수 및 계약 성립 기준
주문 진행 절차: 원하는 상품의 상세 페이지에서 옵션과 수량을 선택한 후 [구매하기]를 누르거나 [장바구니]에 담아 결제를 진행합니다.
주문 성립 시점: 고객이 상품을 선택하여 결제를 완료하고, 시스템에서 [주문 완료] 메시지 또는 알림(이메일/알림톡)이 발송된 시점에 당사 간의 매매 계약이 성립됩니다.
재고 연동 및 품절 안내: 모든 주문은 실시간 재고 확보를 전제로 합니다. 단, 시스템 반영 시차로 인해 결제 완료 후 품절이 발생할 수 있으며, 이 경우 즉시 이메일/문자로 안
내 후 자동 취소 및 전액 환불 절차가 진행됩니다.
주문 제한 규정: 타인의 명의 도용, 매크로 등 불법 프로그램 이용, 재판매(리셀) 목적의 대량 주문으로 판단될 경우 회사는 사전 통보 없이 해당 주문을 임의 취소할 수 있습
니다.

[정책 문서 2: 전자상거래_표준약관.pdf]
1. 재화 등의 검색 및 선택

2. 받는 사람의 성명, 주소, 전화번호, 전자우편주소(또는 이동전화번호) 등의
입력

3. 약관내용, 청약철회권이 제한되는 서비스, 배송료 ․ 설치비 등의 비용부담과
관련한 내용에 대한 확인

4. 이 약관에 동의하고 위 3.호의 사항을 확인하거나 거부하는 표시
(예, 마우스 클릭)

5. 재화등의 구매신청 및 이에 관한 확인 또는 “몰”의 확인에 대한 동의

6. 결제방법의 선택

② “몰”이 제3자에게 구매자 개인정보를 제공할 필요가 있는 경우 1) 개인정보를
제공받는 자, 2)개인정보를 제공받는 자의 개인정보 이용목적, 3) 제공하는 개
인정보의 항목, 4) 개인정보를 제공받는 자의 개인정보 보유 및 이용기간을 구
매자에게 알리고 동의를 받아야 합니다. (동의를 받은 사항이 변경되는 경우에
도 같습니다.)

[정책 문서 3: 전자상거래_표준약관.pdf]
제13조(재화 등의 공급)

① “몰”은 이용자와 재화 등의 공급시기에 관하여 별도의 약정이 없는 이상, 이용
자가 청약을 한 날부터 7일 이내에 재화 등을 배송할 수 있도록 주문제작, 포장
등 기타의 필요한 조치를 취합니다. 다만, “몰”이 이미 재화 등의 대금의 전
부 또는 일부를 받은 경우에는 대금의 전부 또는 일부를 받은 날부터 3영업일 이
내에 조치를 취합니다. 이때 “몰”은 이용자가 재화 등의 공급 절차 및 진행
사항을 확인할 수 있도록 적절한 조치를 합니다.",9.3784
100,주문,주문하기,안녕하세요. 상품을 처음 주문하는데 절차를 안내해 주세요. 진행 순서를 간단히 설명해 주세요.,상품 상세 페이지에서 옵션과 수량을 선택한 후 [구매하기]를 누르거나 [장바구니]에 담아 결제를 진행해 주세요.,"[""상품 상세 페이지에서 옵션과 수량을 선택한 후 [구매하기]를 누르거나 [장바구니]에 담아 주문을 진행해 주세요.""]","[정책 문서 1: 쇼핑몰 이용약관 및 운영정책.pdf]
1. 주문 정책 (Ordering Policy)

1.1 주문 접수 및 계약 성립 기준
주문 진행 절차: 원하는 상품의 상세 페이지에서 옵션과 수량을 선택한 후 [구매하기]를 누르거나 [장바구니]에 담아 결제를 진행합니다.
주문 성립 시점: 고객이 상품을 선택하여 결제를 완료하고, 시스템에서 [주문 완료] 메시지 또는 알림(이메일/알림톡)이 발송된 시점에 당사 간의 매매 계약이 성립됩니다.
재고 연동 및 품절 안내: 모든 주문은 실시간 재고 확보를 전제로 합니다. 단, 시스템 반영 시차로 인해 결제 완료 후 품절이 발생할 수 있으며, 이 경우 즉시 이메일/문자로 안
내 후 자동 취소 및 전액 환불 절차가 진행됩니다.
주문 제한 규정: 타인의 명의 도용, 매크로 등 불법 프로그램 이용, 재판매(리셀) 목적의 대량 주문으로 판단될 경우 회사는 사전 통보 없이 해당 주문을 임의 취소할 수 있습
니다.

[정책 문서 2: 전자상거래_표준약관.pdf]
1. 재화 등의 검색 및 선택

2. 받는 사람의 성명, 주소, 전화번호, 전자우편주소(또는 이동전화번호) 등의
입력

3. 약관내용, 청약철회권이 제한되는 서비스, 배송료 ․ 설치비 등의 비용부담과
관련한 내용에 대한 확인

4. 이 약관에 동의하고 위 3.호의 사항을 확인하거나 거부하는 표시
(예, 마우스 클릭)

5. 재화등의 구매신청 및 이에 관한 확인 또는 “몰”의 확인에 대한 동의

6. 결제방법의 선택

② “몰”이 제3자에게 구매자 개인정보를 제공할 필요가 있는 경우 1) 개인정보를
제공받는 자, 2)개인정보를 제공받는 자의 개인정보 이용목적, 3) 제공하는 개
인정보의 항목, 4) 개인정보를 제공받는 자의 개인정보 보유 및 이용기간을 구
매자에게 알리고 동의를 받아야 합니다. (동의를 받은 사항이 변경되는 경우에
도 같습니다.)

[정책 문서 3: 전자상거래_표준약관.pdf]
2. 선불카드, 직불카드, 신용카드 등의 각종 카드 결제

3. 온라인무통장입금

4. 전자화폐에 의한 결제

5. 수령 시 대금지급

6. 마일리지 등 “몰”이 지급한 포인트에 의한 결제
7. “몰”과 계약을 맺었거나 “몰”이 인정한 상품권에 의한 결제 

8. 기타 전자적 지급 방법에 의한 대금 지급 등

제12조(수신확인통지 ․ 구매신청 변경 및 취소)

① “몰”은 이용자의 구매신청이 있는 경우 이용자에게 수신확인통지를 합니다.

② 수신확인통지를 받은 이용자는 의사표시의 불일치 등이 있는 경우에는 수신확인
통지를 받은 후 즉시 구매신청 변경 및 취소를 요청할 수 있고 “몰”은 배송 전
에 이용자의 요청이 있는 경우에는 지체 없이 그 요청에 따라 처리하여야 합니
다. 다만 이미 대금을 지불한 경우에는 제15조의 청약철회 등에 관한 규정에 따
릅니다.

제13조(재화 등의 공급)",9.9817
101,주문,주문하기,확인 부탁드립니다. 상품을 주문하는 방법을 알려주세요. 진행 순서를 간단히 설명해 주세요.,상품 상세 페이지에서 옵션과 수량을 선택한 후 [구매하기]를 누르거나 [장바구니]에 담아 결제를 진행해 주세요.,"[""상품 상세 페이지에서 옵션과 수량을 선택한 후 [구매하기]를 누르거나 [장바구니]에 담아 주문을 진행해 주세요.""]","[정책 문서 1: 쇼핑몰 이용약관 및 운영정책.pdf]
1. 주문 정책 (Ordering Policy)

1.1 주문 접수 및 계약 성립 기준
주문 진행 절차: 원하는 상품의 상세 페이지에서 옵션과 수량을 선택한 후 [구매하기]를 누르거나 [장바구니]에 담아 결제를 진행합니다.
주문 성립 시점: 고객이 상품을 선택하여 결제를 완료하고, 시스템에서 [주문 완료] 메시지 또는 알림(이메일/알림톡)이 발송된 시점에 당사 간의 매매 계약이 성립됩니다.
재고 연동 및 품절 안내: 모든 주문은 실시간 재고 확보를 전제로 합니다. 단, 시스템 반영 시차로 인해 결제 완료 후 품절이 발생할 수 있으며, 이 경우 즉시 이메일/문자로 안
내 후 자동 취소 및 전액 환불 절차가 진행됩니다.
주문 제한 규정: 타인의 명의 도용, 매크로 등 불법 프로그램 이용, 재판매(리셀) 목적의 대량 주문으로 판단될 경우 회사는 사전 통보 없이 해당 주문을 임의 취소할 수 있습
니다.

[정책 문서 2: 전자상거래_표준약관.pdf]
1. 재화 등의 검색 및 선택

2. 받는 사람의 성명, 주소, 전화번호, 전자우편주소(또는 이동전화번호) 등의
입력

3. 약관내용, 청약철회권이 제한되는 서비스, 배송료 ․ 설치비 등의 비용부담과
관련한 내용에 대한 확인

4. 이 약관에 동의하고 위 3.호의 사항을 확인하거나 거부하는 표시
(예, 마우스 클릭)

5. 재화등의 구매신청 및 이에 관한 확인 또는 “몰”의 확인에 대한 동의

6. 결제방법의 선택

② “몰”이 제3자에게 구매자 개인정보를 제공할 필요가 있는 경우 1) 개인정보를
제공받는 자, 2)개인정보를 제공받는 자의 개인정보 이용목적, 3) 제공하는 개
인정보의 항목, 4) 개인정보를 제공받는 자의 개인정보 보유 및 이용기간을 구
매자에게 알리고 동의를 받아야 합니다. (동의를 받은 사항이 변경되는 경우에
도 같습니다.)

[정책 문서 3: 쇼핑몰 이용약관 및 운영정책.pdf]
TIP
결제 오류 관련 팁 (RAG 응답 기준)
""결제가 안 돼요""라는 문의는 먼저 실제 결제/주문 완료 여부부터 확인하도록 안내하고, 이중 결제가 의심되는 경우 임의로 환불을 약속하지 말고 승인 내역 확인 절차부터 안내합니
다.",9.2355
102,주문,주문하기,관련 내용을 확인하고 싶습니다. 상품을 구매하고 싶습니다. 진행 순서를 간단히 설명해 주세요.,상품 상세 페이지에서 옵션과 수량을 선택한 후 [구매하기]를 누르거나 [장바구니]에 담아 결제를 진행해 주세요.,"[""상품 상세 페이지에서 옵션과 수량을 선택한 후 [구매하기]를 누르거나 [장바구니]에 담아 주문을 진행해 주세요.""]","[정책 문서 1: 쇼핑몰 이용약관 및 운영정책.pdf]
1. 주문 정책 (Ordering Policy)

1.1 주문 접수 및 계약 성립 기준
주문 진행 절차: 원하는 상품의 상세 페이지에서 옵션과 수량을 선택한 후 [구매하기]를 누르거나 [장바구니]에 담아 결제를 진행합니다.
주문 성립 시점: 고객이 상품을 선택하여 결제를 완료하고, 시스템에서 [주문 완료] 메시지 또는 알림(이메일/알림톡)이 발송된 시점에 당사 간의 매매 계약이 성립됩니다.
재고 연동 및 품절 안내: 모든 주문은 실시간 재고 확보를 전제로 합니다. 단, 시스템 반영 시차로 인해 결제 완료 후 품절이 발생할 수 있으며, 이 경우 즉시 이메일/문자로 안
내 후 자동 취소 및 전액 환불 절차가 진행됩니다.
주문 제한 규정: 타인의 명의 도용, 매크로 등 불법 프로그램 이용, 재판매(리셀) 목적의 대량 주문으로 판단될 경우 회사는 사전 통보 없이 해당 주문을 임의 취소할 수 있습
니다.

[정책 문서 2: 전자상거래_표준약관.pdf]
1. 재화 등의 검색 및 선택

2. 받는 사람의 성명, 주소, 전화번호, 전자우편주소(또는 이동전화번호) 등의
입력

3. 약관내용, 청약철회권이 제한되는 서비스, 배송료 ․ 설치비 등의 비용부담과
관련한 내용에 대한 확인

4. 이 약관에 동의하고 위 3.호의 사항을 확인하거나 거부하는 표시
(예, 마우스 클릭)

5. 재화등의 구매신청 및 이에 관한 확인 또는 “몰”의 확인에 대한 동의

6. 결제방법의 선택

② “몰”이 제3자에게 구매자 개인정보를 제공할 필요가 있는 경우 1) 개인정보를
제공받는 자, 2)개인정보를 제공받는 자의 개인정보 이용목적, 3) 제공하는 개
인정보의 항목, 4) 개인정보를 제공받는 자의 개인정보 보유 및 이용기간을 구
매자에게 알리고 동의를 받아야 합니다. (동의를 받은 사항이 변경되는 경우에
도 같습니다.)

[정책 문서 3: 전자상거래_표준약관.pdf]
2. 선불카드, 직불카드, 신용카드 등의 각종 카드 결제

3. 온라인무통장입금

4. 전자화폐에 의한 결제

5. 수령 시 대금지급

6. 마일리지 등 “몰”이 지급한 포인트에 의한 결제
7. “몰”과 계약을 맺었거나 “몰”이 인정한 상품권에 의한 결제 

8. 기타 전자적 지급 방법에 의한 대금 지급 등

제12조(수신확인통지 ․ 구매신청 변경 및 취소)

① “몰”은 이용자의 구매신청이 있는 경우 이용자에게 수신확인통지를 합니다.

② 수신확인통지를 받은 이용자는 의사표시의 불일치 등이 있는 경우에는 수신확인
통지를 받은 후 즉시 구매신청 변경 및 취소를 요청할 수 있고 “몰”은 배송 전
에 이용자의 요청이 있는 경우에는 지체 없이 그 요청에 따라 처리하여야 합니
다. 다만 이미 대금을 지불한 경우에는 제15조의 청약철회 등에 관한 규정에 따
릅니다.

제13조(재화 등의 공급)",10.1343
103,주문,주문하기,처리 방법이 궁금합니다. 상품을 구매하고 싶습니다. 진행 순서를 간단히 설명해 주세요.,상품 상세 페이지에서 옵션과 수량을 선택한 후 [구매하기]를 누르거나 [장바구니]에 담아 결제를 진행해 주세요.,"[""상품 상세 페이지에서 옵션과 수량을 선택한 후 [구매하기]를 누르거나 [장바구니]에 담아 주문을 진행해 주세요.""]","[정책 문서 1: 쇼핑몰 이용약관 및 운영정책.pdf]
1. 주문 정책 (Ordering Policy)

1.1 주문 접수 및 계약 성립 기준
주문 진행 절차: 원하는 상품의 상세 페이지에서 옵션과 수량을 선택한 후 [구매하기]를 누르거나 [장바구니]에 담아 결제를 진행합니다.
주문 성립 시점: 고객이 상품을 선택하여 결제를 완료하고, 시스템에서 [주문 완료] 메시지 또는 알림(이메일/알림톡)이 발송된 시점에 당사 간의 매매 계약이 성립됩니다.
재고 연동 및 품절 안내: 모든 주문은 실시간 재고 확보를 전제로 합니다. 단, 시스템 반영 시차로 인해 결제 완료 후 품절이 발생할 수 있으며, 이 경우 즉시 이메일/문자로 안
내 후 자동 취소 및 전액 환불 절차가 진행됩니다.
주문 제한 규정: 타인의 명의 도용, 매크로 등 불법 프로그램 이용, 재판매(리셀) 목적의 대량 주문으로 판단될 경우 회사는 사전 통보 없이 해당 주문을 임의 취소할 수 있습
니다.

[정책 문서 2: 전자상거래_표준약관.pdf]
1. 재화 등의 검색 및 선택

2. 받는 사람의 성명, 주소, 전화번호, 전자우편주소(또는 이동전화번호) 등의
입력

3. 약관내용, 청약철회권이 제한되는 서비스, 배송료 ․ 설치비 등의 비용부담과
관련한 내용에 대한 확인

4. 이 약관에 동의하고 위 3.호의 사항을 확인하거나 거부하는 표시
(예, 마우스 클릭)

5. 재화등의 구매신청 및 이에 관한 확인 또는 “몰”의 확인에 대한 동의

6. 결제방법의 선택

② “몰”이 제3자에게 구매자 개인정보를 제공할 필요가 있는 경우 1) 개인정보를
제공받는 자, 2)개인정보를 제공받는 자의 개인정보 이용목적, 3) 제공하는 개
인정보의 항목, 4) 개인정보를 제공받는 자의 개인정보 보유 및 이용기간을 구
매자에게 알리고 동의를 받아야 합니다. (동의를 받은 사항이 변경되는 경우에
도 같습니다.)

[정책 문서 3: 전자상거래_표준약관.pdf]
2. 선불카드, 직불카드, 신용카드 등의 각종 카드 결제

3. 온라인무통장입금

4. 전자화폐에 의한 결제

5. 수령 시 대금지급

6. 마일리지 등 “몰”이 지급한 포인트에 의한 결제
7. “몰”과 계약을 맺었거나 “몰”이 인정한 상품권에 의한 결제 

8. 기타 전자적 지급 방법에 의한 대금 지급 등

제12조(수신확인통지 ․ 구매신청 변경 및 취소)

① “몰”은 이용자의 구매신청이 있는 경우 이용자에게 수신확인통지를 합니다.

② 수신확인통지를 받은 이용자는 의사표시의 불일치 등이 있는 경우에는 수신확인
통지를 받은 후 즉시 구매신청 변경 및 취소를 요청할 수 있고 “몰”은 배송 전
에 이용자의 요청이 있는 경우에는 지체 없이 그 요청에 따라 처리하여야 합니
다. 다만 이미 대금을 지불한 경우에는 제15조의 청약철회 등에 관한 규정에 따
릅니다.

제13조(재화 등의 공급)",9.856
104,주문,주문하기,처리 방법이 궁금합니다. 장바구니에서 상품 주문을 완료하는 방법이 궁금합니다. 진행 순서를 간단히 설명해 주세요.,상품 상세 페이지에서 옵션과 수량을 선택한 후 [구매하기]를 누르거나 [장바구니]에 담아 결제를 진행해 주세요.,"[""상품 상세 페이지에서 옵션과 수량을 선택한 후 [구매하기]를 누르거나 [장바구니]에 담아 주문을 진행해 주세요.""]","[정책 문서 1: 쇼핑몰 이용약관 및 운영정책.pdf]
1. 주문 정책 (Ordering Policy)

1.1 주문 접수 및 계약 성립 기준
주문 진행 절차: 원하는 상품의 상세 페이지에서 옵션과 수량을 선택한 후 [구매하기]를 누르거나 [장바구니]에 담아 결제를 진행합니다.
주문 성립 시점: 고객이 상품을 선택하여 결제를 완료하고, 시스템에서 [주문 완료] 메시지 또는 알림(이메일/알림톡)이 발송된 시점에 당사 간의 매매 계약이 성립됩니다.
재고 연동 및 품절 안내: 모든 주문은 실시간 재고 확보를 전제로 합니다. 단, 시스템 반영 시차로 인해 결제 완료 후 품절이 발생할 수 있으며, 이 경우 즉시 이메일/문자로 안
내 후 자동 취소 및 전액 환불 절차가 진행됩니다.
주문 제한 규정: 타인의 명의 도용, 매크로 등 불법 프로그램 이용, 재판매(리셀) 목적의 대량 주문으로 판단될 경우 회사는 사전 통보 없이 해당 주문을 임의 취소할 수 있습
니다.

[정책 문서 2: 쇼핑몰 이용약관 및 운영정책.pdf]
1.3 주문 상품 구성(품목·옵션·수량) 변경 불가 안내
배송지·수령인 정보와 달리, 이미 결제 완료된 주문의 
상품 품목, 옵션(색상/사이즈 등), 수량
은 주문 상태와 무관하게 변경이 불가합니다.
변경이 필요한 경우 기존 주문을 취소한 후 원하는 구성으로 다시 주문해야 하며, 이미 '상품 준비 중' 이후 단계라면 취소 불가 규정(3항)이 함께 적용됩니다.
수량을 늘리고 싶은 경우도 기존 주문 수정이 아닌 신규 주문으로 진행해야 합니다.
TIP
주문 관련 팁 (RAG 응답 기준)
고객이 주문 후 배송지 변경을 요청할 때, 주문 상태가 '결제 완료' 이하인지 먼저 확인해야 합니다. 이미 '상품 준비 중'으로 변경된 경우 물류 시스템 특성상 자동 수정이 불가능합니
다.

2. 결제 정책 (Payment Policy)

[정책 문서 3: 전자상거래_표준약관.pdf]
2. 선불카드, 직불카드, 신용카드 등의 각종 카드 결제

3. 온라인무통장입금

4. 전자화폐에 의한 결제

5. 수령 시 대금지급

6. 마일리지 등 “몰”이 지급한 포인트에 의한 결제
7. “몰”과 계약을 맺었거나 “몰”이 인정한 상품권에 의한 결제 

8. 기타 전자적 지급 방법에 의한 대금 지급 등

제12조(수신확인통지 ․ 구매신청 변경 및 취소)

① “몰”은 이용자의 구매신청이 있는 경우 이용자에게 수신확인통지를 합니다.

② 수신확인통지를 받은 이용자는 의사표시의 불일치 등이 있는 경우에는 수신확인
통지를 받은 후 즉시 구매신청 변경 및 취소를 요청할 수 있고 “몰”은 배송 전
에 이용자의 요청이 있는 경우에는 지체 없이 그 요청에 따라 처리하여야 합니
다. 다만 이미 대금을 지불한 경우에는 제15조의 청약철회 등에 관한 규정에 따
릅니다.

제13조(재화 등의 공급)",9.6609
105,주문,주문하기,자세한 안내 부탁드립니다. 상품을 주문하는 방법을 알려주세요. 진행 순서를 간단히 설명해 주세요.,상품 상세 페이지에서 옵션과 수량을 선택한 후 [구매하기]를 누르거나 [장바구니]에 담아 결제를 진행해 주세요.,"[""상품 상세 페이지에서 옵션과 수량을 선택한 후 [구매하기]를 누르거나 [장바구니]에 담아 주문을 진행해 주세요.""]","[정책 문서 1: 쇼핑몰 이용약관 및 운영정책.pdf]
1. 주문 정책 (Ordering Policy)

1.1 주문 접수 및 계약 성립 기준
주문 진행 절차: 원하는 상품의 상세 페이지에서 옵션과 수량을 선택한 후 [구매하기]를 누르거나 [장바구니]에 담아 결제를 진행합니다.
주문 성립 시점: 고객이 상품을 선택하여 결제를 완료하고, 시스템에서 [주문 완료] 메시지 또는 알림(이메일/알림톡)이 발송된 시점에 당사 간의 매매 계약이 성립됩니다.
재고 연동 및 품절 안내: 모든 주문은 실시간 재고 확보를 전제로 합니다. 단, 시스템 반영 시차로 인해 결제 완료 후 품절이 발생할 수 있으며, 이 경우 즉시 이메일/문자로 안
내 후 자동 취소 및 전액 환불 절차가 진행됩니다.
주문 제한 규정: 타인의 명의 도용, 매크로 등 불법 프로그램 이용, 재판매(리셀) 목적의 대량 주문으로 판단될 경우 회사는 사전 통보 없이 해당 주문을 임의 취소할 수 있습
니다.

[정책 문서 2: 전자상거래_표준약관.pdf]
1. 재화 등의 검색 및 선택

2. 받는 사람의 성명, 주소, 전화번호, 전자우편주소(또는 이동전화번호) 등의
입력

3. 약관내용, 청약철회권이 제한되는 서비스, 배송료 ․ 설치비 등의 비용부담과
관련한 내용에 대한 확인

4. 이 약관에 동의하고 위 3.호의 사항을 확인하거나 거부하는 표시
(예, 마우스 클릭)

5. 재화등의 구매신청 및 이에 관한 확인 또는 “몰”의 확인에 대한 동의

6. 결제방법의 선택

② “몰”이 제3자에게 구매자 개인정보를 제공할 필요가 있는 경우 1) 개인정보를
제공받는 자, 2)개인정보를 제공받는 자의 개인정보 이용목적, 3) 제공하는 개
인정보의 항목, 4) 개인정보를 제공받는 자의 개인정보 보유 및 이용기간을 구
매자에게 알리고 동의를 받아야 합니다. (동의를 받은 사항이 변경되는 경우에
도 같습니다.)

[정책 문서 3: 쇼핑몰 이용약관 및 운영정책.pdf]
6.4 배송 방법 옵션
배송 방법
배송비
소요 기간
비고
표준 배송
기본 배송비(6.1항 기준)
영업일 2~4일
전 상품 대상
빠른 배송(익일)
추가 배송비 3,000원
오후 2시 이전 주문 시 익일 도착
일부 물류센터 보유 상품 한정
매장 픽업
무료
준비 완료 알림 후 즉시 수령 가능
픽업 가능 매장 보유 재고에 한함
TIP
배송 관련 팁 (RAG 응답 기준)
배송비 문의는 기본 배송비 → 무료배송 조건 → 도서산간 추가비용 순서로 안내합니다. 배송 지연 문의는 먼저 [배송조회] 확인을 안내한 후, 확인이 안 될 경우에만 고객센터 개별 문
의로 연결합니다.

7. 회원 정책 (Membership Policy)",9.5191
106,주문,주문하기,처리 과정을 알려주세요. 장바구니에서 상품 주문을 완료하는 방법이 궁금합니다. 진행 순서를 간단히 설명해 주세요.,상품 상세 페이지에서 옵션과 수량을 선택한 후 [구매하기]를 누르거나 [장바구니]에 담아 결제를 진행해 주세요.,"[""상품 상세 페이지에서 옵션과 수량을 선택한 후 [구매하기]를 누르거나 [장바구니]에 담아 주문을 진행해 주세요.""]","[정책 문서 1: 쇼핑몰 이용약관 및 운영정책.pdf]
1. 주문 정책 (Ordering Policy)

1.1 주문 접수 및 계약 성립 기준
주문 진행 절차: 원하는 상품의 상세 페이지에서 옵션과 수량을 선택한 후 [구매하기]를 누르거나 [장바구니]에 담아 결제를 진행합니다.
주문 성립 시점: 고객이 상품을 선택하여 결제를 완료하고, 시스템에서 [주문 완료] 메시지 또는 알림(이메일/알림톡)이 발송된 시점에 당사 간의 매매 계약이 성립됩니다.
재고 연동 및 품절 안내: 모든 주문은 실시간 재고 확보를 전제로 합니다. 단, 시스템 반영 시차로 인해 결제 완료 후 품절이 발생할 수 있으며, 이 경우 즉시 이메일/문자로 안
내 후 자동 취소 및 전액 환불 절차가 진행됩니다.
주문 제한 규정: 타인의 명의 도용, 매크로 등 불법 프로그램 이용, 재판매(리셀) 목적의 대량 주문으로 판단될 경우 회사는 사전 통보 없이 해당 주문을 임의 취소할 수 있습
니다.

[정책 문서 2: 쇼핑몰 이용약관 및 운영정책.pdf]
4.5 환불 진행 상황 조회 방법
[마이페이지 > 주문내역 > 환불/취소 내역]에서 처리 단계(반품 접수 → 입고 확인 → 검품 승인 → 환불 처리 완료)를 실시간으로 확인할 수 있습니다.
검품 승인 이후 4.4항의 환불 소요 기간이 지나도 반영되지 않은 경우, 결제 수단과 반품 승인일을 확인한 뒤 고객센터로 문의해야 합니다.
부분 환불(일부 품목만 반품 등)의 경우 환불 금액이 전체 결제 금액과 다를 수 있으므로, 반품 접수 시 안내된 예상 환불 금액을 우선 확인합니다.
TIP
환불 조회 관련 팁 (RAG 응답 기준)
""환불 언제 되나요""라는 문의는 먼저 [마이페이지] 조회 경로를 안내하고, 4.4항의 결제 수단별 소요 기간 이내인지 확인한 뒤, 소요 기간을 초과한 경우에만 고객센터 개별 확인으로
연결합니다.

[정책 문서 3: 전자상거래_표준약관.pdf]
2. 선불카드, 직불카드, 신용카드 등의 각종 카드 결제

3. 온라인무통장입금

4. 전자화폐에 의한 결제

5. 수령 시 대금지급

6. 마일리지 등 “몰”이 지급한 포인트에 의한 결제
7. “몰”과 계약을 맺었거나 “몰”이 인정한 상품권에 의한 결제 

8. 기타 전자적 지급 방법에 의한 대금 지급 등

제12조(수신확인통지 ․ 구매신청 변경 및 취소)

① “몰”은 이용자의 구매신청이 있는 경우 이용자에게 수신확인통지를 합니다.

② 수신확인통지를 받은 이용자는 의사표시의 불일치 등이 있는 경우에는 수신확인
통지를 받은 후 즉시 구매신청 변경 및 취소를 요청할 수 있고 “몰”은 배송 전
에 이용자의 요청이 있는 경우에는 지체 없이 그 요청에 따라 처리하여야 합니
다. 다만 이미 대금을 지불한 경우에는 제15조의 청약철회 등에 관한 규정에 따
릅니다.

제13조(재화 등의 공급)",9.9661
107,주문,주문하기,온라인에서 처리하려고 합니다. 상품을 구매하고 싶습니다. 진행 순서를 간단히 설명해 주세요.,상품 상세 페이지에서 옵션과 수량을 선택한 후 [구매하기]를 누르거나 [장바구니]에 담아 결제를 진행해 주세요.,"[""상품 상세 페이지에서 옵션과 수량을 선택한 후 [구매하기]를 누르거나 [장바구니]에 담아 주문을 진행해 주세요.""]","[정책 문서 1: 쇼핑몰 이용약관 및 운영정책.pdf]
1. 주문 정책 (Ordering Policy)

1.1 주문 접수 및 계약 성립 기준
주문 진행 절차: 원하는 상품의 상세 페이지에서 옵션과 수량을 선택한 후 [구매하기]를 누르거나 [장바구니]에 담아 결제를 진행합니다.
주문 성립 시점: 고객이 상품을 선택하여 결제를 완료하고, 시스템에서 [주문 완료] 메시지 또는 알림(이메일/알림톡)이 발송된 시점에 당사 간의 매매 계약이 성립됩니다.
재고 연동 및 품절 안내: 모든 주문은 실시간 재고 확보를 전제로 합니다. 단, 시스템 반영 시차로 인해 결제 완료 후 품절이 발생할 수 있으며, 이 경우 즉시 이메일/문자로 안
내 후 자동 취소 및 전액 환불 절차가 진행됩니다.
주문 제한 규정: 타인의 명의 도용, 매크로 등 불법 프로그램 이용, 재판매(리셀) 목적의 대량 주문으로 판단될 경우 회사는 사전 통보 없이 해당 주문을 임의 취소할 수 있습
니다.

[정책 문서 2: 전자상거래_표준약관.pdf]
1. 재화 등의 검색 및 선택

2. 받는 사람의 성명, 주소, 전화번호, 전자우편주소(또는 이동전화번호) 등의
입력

3. 약관내용, 청약철회권이 제한되는 서비스, 배송료 ․ 설치비 등의 비용부담과
관련한 내용에 대한 확인

4. 이 약관에 동의하고 위 3.호의 사항을 확인하거나 거부하는 표시
(예, 마우스 클릭)

5. 재화등의 구매신청 및 이에 관한 확인 또는 “몰”의 확인에 대한 동의

6. 결제방법의 선택

② “몰”이 제3자에게 구매자 개인정보를 제공할 필요가 있는 경우 1) 개인정보를
제공받는 자, 2)개인정보를 제공받는 자의 개인정보 이용목적, 3) 제공하는 개
인정보의 항목, 4) 개인정보를 제공받는 자의 개인정보 보유 및 이용기간을 구
매자에게 알리고 동의를 받아야 합니다. (동의를 받은 사항이 변경되는 경우에
도 같습니다.)

[정책 문서 3: 전자상거래_표준약관.pdf]
2. 선불카드, 직불카드, 신용카드 등의 각종 카드 결제

3. 온라인무통장입금

4. 전자화폐에 의한 결제

5. 수령 시 대금지급

6. 마일리지 등 “몰”이 지급한 포인트에 의한 결제
7. “몰”과 계약을 맺었거나 “몰”이 인정한 상품권에 의한 결제 

8. 기타 전자적 지급 방법에 의한 대금 지급 등

제12조(수신확인통지 ․ 구매신청 변경 및 취소)

① “몰”은 이용자의 구매신청이 있는 경우 이용자에게 수신확인통지를 합니다.

② 수신확인통지를 받은 이용자는 의사표시의 불일치 등이 있는 경우에는 수신확인
통지를 받은 후 즉시 구매신청 변경 및 취소를 요청할 수 있고 “몰”은 배송 전
에 이용자의 요청이 있는 경우에는 지체 없이 그 요청에 따라 처리하여야 합니
다. 다만 이미 대금을 지불한 경우에는 제15조의 청약철회 등에 관한 규정에 따
릅니다.

제13조(재화 등의 공급)",10.4863
108,주문,주문하기,추가 안내가 필요합니다. 상품을 처음 주문하는데 절차를 안내해 주세요. 진행 순서를 간단히 설명해 주세요.,상품 상세 페이지에서 옵션과 수량을 선택한 후 [구매하기]를 누르거나 [장바구니]에 담아 결제를 진행해 주세요.,"[""상품 상세 페이지에서 옵션과 수량을 선택한 후 [구매하기]를 누르거나 [장바구니]에 담아 주문을 진행해 주세요.""]","[정책 문서 1: 쇼핑몰 이용약관 및 운영정책.pdf]
1. 주문 정책 (Ordering Policy)

1.1 주문 접수 및 계약 성립 기준
주문 진행 절차: 원하는 상품의 상세 페이지에서 옵션과 수량을 선택한 후 [구매하기]를 누르거나 [장바구니]에 담아 결제를 진행합니다.
주문 성립 시점: 고객이 상품을 선택하여 결제를 완료하고, 시스템에서 [주문 완료] 메시지 또는 알림(이메일/알림톡)이 발송된 시점에 당사 간의 매매 계약이 성립됩니다.
재고 연동 및 품절 안내: 모든 주문은 실시간 재고 확보를 전제로 합니다. 단, 시스템 반영 시차로 인해 결제 완료 후 품절이 발생할 수 있으며, 이 경우 즉시 이메일/문자로 안
내 후 자동 취소 및 전액 환불 절차가 진행됩니다.
주문 제한 규정: 타인의 명의 도용, 매크로 등 불법 프로그램 이용, 재판매(리셀) 목적의 대량 주문으로 판단될 경우 회사는 사전 통보 없이 해당 주문을 임의 취소할 수 있습
니다.

[정책 문서 2: 전자상거래_표준약관.pdf]
1. 재화 등의 검색 및 선택

2. 받는 사람의 성명, 주소, 전화번호, 전자우편주소(또는 이동전화번호) 등의
입력

3. 약관내용, 청약철회권이 제한되는 서비스, 배송료 ․ 설치비 등의 비용부담과
관련한 내용에 대한 확인

4. 이 약관에 동의하고 위 3.호의 사항을 확인하거나 거부하는 표시
(예, 마우스 클릭)

5. 재화등의 구매신청 및 이에 관한 확인 또는 “몰”의 확인에 대한 동의

6. 결제방법의 선택

② “몰”이 제3자에게 구매자 개인정보를 제공할 필요가 있는 경우 1) 개인정보를
제공받는 자, 2)개인정보를 제공받는 자의 개인정보 이용목적, 3) 제공하는 개
인정보의 항목, 4) 개인정보를 제공받는 자의 개인정보 보유 및 이용기간을 구
매자에게 알리고 동의를 받아야 합니다. (동의를 받은 사항이 변경되는 경우에
도 같습니다.)

[정책 문서 3: 쇼핑몰 이용약관 및 운영정책.pdf]
12.3 응답 소요 시간
채팅 상담: 운영시간 내 평균 수 분 이내 응답
게시판/이메일 문의: 영업일 기준 1일 이내 답변을 원칙으로 하되, 물류 조사가 필요한 배송 사고 등은 추가 시간이 소요될 수 있습니다.
TIP
고객센터 문의 관련 팁 (RAG 응답 기준)
상담원 연결/영업시간 문의는 채팅 상담을 우선 안내하고, 주문 상태 조회처럼 시스템에서 바로 확인 가능한 사항은 채널 안내보다 [마이페이지] 경로를 먼저 제시합니다.
가이드
AI CS 챗봇 응답 가이드라인 (RAG 운영자 참고)
사용자 문의 응답 시, 단답형 안내 대신 
[처리 가능 조건 → 신청 경로 → 예외 사항/배송비]
구조로 답변하도록 시스템 프롬프트(System Prompt)를 구성해 주세요.
추가로 다음 원칙을 권장합니다.
주문 상태(입금대기/결제완료/상품준비중/배송중)를 먼저 확인하도록 유도한 뒤, 상태별 처리 가능 여부를 안내합니다.",9.6657
109,주문,주문하기,상품의 옵션과 수량을 선택한 뒤 어떻게 주문하나요?,상품 상세 페이지에서 옵션과 수량을 선택한 후 [구매하기]를 누르거나 [장바구니]에 담아 결제를 진행해 주세요.,"[""상품 상세 페이지에서 옵션과 수량을 선택한 후 [구매하기]를 누르거나 [장바구니]에 담아 주문을 진행해 주세요.""]","[정책 문서 1: 쇼핑몰 이용약관 및 운영정책.pdf]
1. 주문 정책 (Ordering Policy)

1.1 주문 접수 및 계약 성립 기준
주문 진행 절차: 원하는 상품의 상세 페이지에서 옵션과 수량을 선택한 후 [구매하기]를 누르거나 [장바구니]에 담아 결제를 진행합니다.
주문 성립 시점: 고객이 상품을 선택하여 결제를 완료하고, 시스템에서 [주문 완료] 메시지 또는 알림(이메일/알림톡)이 발송된 시점에 당사 간의 매매 계약이 성립됩니다.
재고 연동 및 품절 안내: 모든 주문은 실시간 재고 확보를 전제로 합니다. 단, 시스템 반영 시차로 인해 결제 완료 후 품절이 발생할 수 있으며, 이 경우 즉시 이메일/문자로 안
내 후 자동 취소 및 전액 환불 절차가 진행됩니다.
주문 제한 규정: 타인의 명의 도용, 매크로 등 불법 프로그램 이용, 재판매(리셀) 목적의 대량 주문으로 판단될 경우 회사는 사전 통보 없이 해당 주문을 임의 취소할 수 있습
니다.

[정책 문서 2: 쇼핑몰 이용약관 및 운영정책.pdf]
1.3 주문 상품 구성(품목·옵션·수량) 변경 불가 안내
배송지·수령인 정보와 달리, 이미 결제 완료된 주문의 
상품 품목, 옵션(색상/사이즈 등), 수량
은 주문 상태와 무관하게 변경이 불가합니다.
변경이 필요한 경우 기존 주문을 취소한 후 원하는 구성으로 다시 주문해야 하며, 이미 '상품 준비 중' 이후 단계라면 취소 불가 규정(3항)이 함께 적용됩니다.
수량을 늘리고 싶은 경우도 기존 주문 수정이 아닌 신규 주문으로 진행해야 합니다.
TIP
주문 관련 팁 (RAG 응답 기준)
고객이 주문 후 배송지 변경을 요청할 때, 주문 상태가 '결제 완료' 이하인지 먼저 확인해야 합니다. 이미 '상품 준비 중'으로 변경된 경우 물류 시스템 특성상 자동 수정이 불가능합니
다.

2. 결제 정책 (Payment Policy)

[정책 문서 3: 전자상거래_표준약관.pdf]
1. 재화 등의 검색 및 선택

2. 받는 사람의 성명, 주소, 전화번호, 전자우편주소(또는 이동전화번호) 등의
입력

3. 약관내용, 청약철회권이 제한되는 서비스, 배송료 ․ 설치비 등의 비용부담과
관련한 내용에 대한 확인

4. 이 약관에 동의하고 위 3.호의 사항을 확인하거나 거부하는 표시
(예, 마우스 클릭)

5. 재화등의 구매신청 및 이에 관한 확인 또는 “몰”의 확인에 대한 동의

6. 결제방법의 선택

② “몰”이 제3자에게 구매자 개인정보를 제공할 필요가 있는 경우 1) 개인정보를
제공받는 자, 2)개인정보를 제공받는 자의 개인정보 이용목적, 3) 제공하는 개
인정보의 항목, 4) 개인정보를 제공받는 자의 개인정보 보유 및 이용기간을 구
매자에게 알리고 동의를 받아야 합니다. (동의를 받은 사항이 변경되는 경우에
도 같습니다.)",9.5155
110,주문,주문하기,확인 부탁드립니다. 상품을 주문하는 방법을 알려주세요.,상품 상세 페이지에서 옵션과 수량을 선택한 후 [구매하기]를 누르거나 [장바구니]에 담아 결제를 진행해 주세요.,"[""상품 상세 페이지에서 옵션과 수량을 선택한 후 [구매하기]를 누르거나 [장바구니]에 담아 주문을 진행해 주세요.""]","[정책 문서 1: 쇼핑몰 이용약관 및 운영정책.pdf]
1. 주문 정책 (Ordering Policy)

1.1 주문 접수 및 계약 성립 기준
주문 진행 절차: 원하는 상품의 상세 페이지에서 옵션과 수량을 선택한 후 [구매하기]를 누르거나 [장바구니]에 담아 결제를 진행합니다.
주문 성립 시점: 고객이 상품을 선택하여 결제를 완료하고, 시스템에서 [주문 완료] 메시지 또는 알림(이메일/알림톡)이 발송된 시점에 당사 간의 매매 계약이 성립됩니다.
재고 연동 및 품절 안내: 모든 주문은 실시간 재고 확보를 전제로 합니다. 단, 시스템 반영 시차로 인해 결제 완료 후 품절이 발생할 수 있으며, 이 경우 즉시 이메일/문자로 안
내 후 자동 취소 및 전액 환불 절차가 진행됩니다.
주문 제한 규정: 타인의 명의 도용, 매크로 등 불법 프로그램 이용, 재판매(리셀) 목적의 대량 주문으로 판단될 경우 회사는 사전 통보 없이 해당 주문을 임의 취소할 수 있습
니다.

[정책 문서 2: 쇼핑몰 이용약관 및 운영정책.pdf]
1.3 주문 상품 구성(품목·옵션·수량) 변경 불가 안내
배송지·수령인 정보와 달리, 이미 결제 완료된 주문의 
상품 품목, 옵션(색상/사이즈 등), 수량
은 주문 상태와 무관하게 변경이 불가합니다.
변경이 필요한 경우 기존 주문을 취소한 후 원하는 구성으로 다시 주문해야 하며, 이미 '상품 준비 중' 이후 단계라면 취소 불가 규정(3항)이 함께 적용됩니다.
수량을 늘리고 싶은 경우도 기존 주문 수정이 아닌 신규 주문으로 진행해야 합니다.
TIP
주문 관련 팁 (RAG 응답 기준)
고객이 주문 후 배송지 변경을 요청할 때, 주문 상태가 '결제 완료' 이하인지 먼저 확인해야 합니다. 이미 '상품 준비 중'으로 변경된 경우 물류 시스템 특성상 자동 수정이 불가능합니
다.

2. 결제 정책 (Payment Policy)

[정책 문서 3: 전자상거래_표준약관.pdf]
2. 선불카드, 직불카드, 신용카드 등의 각종 카드 결제

3. 온라인무통장입금

4. 전자화폐에 의한 결제

5. 수령 시 대금지급

6. 마일리지 등 “몰”이 지급한 포인트에 의한 결제
7. “몰”과 계약을 맺었거나 “몰”이 인정한 상품권에 의한 결제 

8. 기타 전자적 지급 방법에 의한 대금 지급 등

제12조(수신확인통지 ․ 구매신청 변경 및 취소)

① “몰”은 이용자의 구매신청이 있는 경우 이용자에게 수신확인통지를 합니다.

② 수신확인통지를 받은 이용자는 의사표시의 불일치 등이 있는 경우에는 수신확인
통지를 받은 후 즉시 구매신청 변경 및 취소를 요청할 수 있고 “몰”은 배송 전
에 이용자의 요청이 있는 경우에는 지체 없이 그 요청에 따라 처리하여야 합니
다. 다만 이미 대금을 지불한 경우에는 제15조의 청약철회 등에 관한 규정에 따
릅니다.

제13조(재화 등의 공급)",9.5585
111,주문,주문하기,절차를 안내받고 싶습니다. 상품의 옵션과 수량을 선택한 뒤 어떻게 주문하나요?,상품 상세 페이지에서 옵션과 수량을 선택한 후 [구매하기]를 누르거나 [장바구니]에 담아 결제를 진행해 주세요.,"[""상품 상세 페이지에서 옵션과 수량을 선택한 후 [구매하기]를 누르거나 [장바구니]에 담아 주문을 진행해 주세요.""]","[정책 문서 1: 쇼핑몰 이용약관 및 운영정책.pdf]
1. 주문 정책 (Ordering Policy)

1.1 주문 접수 및 계약 성립 기준
주문 진행 절차: 원하는 상품의 상세 페이지에서 옵션과 수량을 선택한 후 [구매하기]를 누르거나 [장바구니]에 담아 결제를 진행합니다.
주문 성립 시점: 고객이 상품을 선택하여 결제를 완료하고, 시스템에서 [주문 완료] 메시지 또는 알림(이메일/알림톡)이 발송된 시점에 당사 간의 매매 계약이 성립됩니다.
재고 연동 및 품절 안내: 모든 주문은 실시간 재고 확보를 전제로 합니다. 단, 시스템 반영 시차로 인해 결제 완료 후 품절이 발생할 수 있으며, 이 경우 즉시 이메일/문자로 안
내 후 자동 취소 및 전액 환불 절차가 진행됩니다.
주문 제한 규정: 타인의 명의 도용, 매크로 등 불법 프로그램 이용, 재판매(리셀) 목적의 대량 주문으로 판단될 경우 회사는 사전 통보 없이 해당 주문을 임의 취소할 수 있습
니다.

[정책 문서 2: 쇼핑몰 이용약관 및 운영정책.pdf]
1.3 주문 상품 구성(품목·옵션·수량) 변경 불가 안내
배송지·수령인 정보와 달리, 이미 결제 완료된 주문의 
상품 품목, 옵션(색상/사이즈 등), 수량
은 주문 상태와 무관하게 변경이 불가합니다.
변경이 필요한 경우 기존 주문을 취소한 후 원하는 구성으로 다시 주문해야 하며, 이미 '상품 준비 중' 이후 단계라면 취소 불가 규정(3항)이 함께 적용됩니다.
수량을 늘리고 싶은 경우도 기존 주문 수정이 아닌 신규 주문으로 진행해야 합니다.
TIP
주문 관련 팁 (RAG 응답 기준)
고객이 주문 후 배송지 변경을 요청할 때, 주문 상태가 '결제 완료' 이하인지 먼저 확인해야 합니다. 이미 '상품 준비 중'으로 변경된 경우 물류 시스템 특성상 자동 수정이 불가능합니
다.

2. 결제 정책 (Payment Policy)

[정책 문서 3: 쇼핑몰 이용약관 및 운영정책.pdf]
1.2 주문 정보 변경 (배송지 및 옵션)
변경 가능 단계: 주문 상태가 '입금 대기' 또는 '결제 완료' 단계일 경우에만 [마이페이지 > 주문내역]에서 직접 변경하거나 고객센터를 통해 변경 신청이 가능합니다.
변경 불가 단계: 주문 상태가 '상품 준비 중' 또는 '배송 중'으로 전환된 이후에는 물류센터 포장 및 송장 출력 작업이 완료되어 배송지 및 옵션 변경이 불가합니다. 이 경우 상
품 수령 후 반품/교환 절차를 따라야 합니다.",9.2077
112,주문,주문하기,처리 전에 확인하고 싶습니다. 상품을 주문하는 방법을 알려주세요.,상품 상세 페이지에서 옵션과 수량을 선택한 후 [구매하기]를 누르거나 [장바구니]에 담아 결제를 진행해 주세요.,"[""상품 상세 페이지에서 옵션과 수량을 선택한 후 [구매하기]를 누르거나 [장바구니]에 담아 주문을 진행해 주세요.""]","[정책 문서 1: 쇼핑몰 이용약관 및 운영정책.pdf]
1. 주문 정책 (Ordering Policy)

1.1 주문 접수 및 계약 성립 기준
주문 진행 절차: 원하는 상품의 상세 페이지에서 옵션과 수량을 선택한 후 [구매하기]를 누르거나 [장바구니]에 담아 결제를 진행합니다.
주문 성립 시점: 고객이 상품을 선택하여 결제를 완료하고, 시스템에서 [주문 완료] 메시지 또는 알림(이메일/알림톡)이 발송된 시점에 당사 간의 매매 계약이 성립됩니다.
재고 연동 및 품절 안내: 모든 주문은 실시간 재고 확보를 전제로 합니다. 단, 시스템 반영 시차로 인해 결제 완료 후 품절이 발생할 수 있으며, 이 경우 즉시 이메일/문자로 안
내 후 자동 취소 및 전액 환불 절차가 진행됩니다.
주문 제한 규정: 타인의 명의 도용, 매크로 등 불법 프로그램 이용, 재판매(리셀) 목적의 대량 주문으로 판단될 경우 회사는 사전 통보 없이 해당 주문을 임의 취소할 수 있습
니다.

[정책 문서 2: 전자상거래_표준약관.pdf]
1. 재화 등의 검색 및 선택

2. 받는 사람의 성명, 주소, 전화번호, 전자우편주소(또는 이동전화번호) 등의
입력

3. 약관내용, 청약철회권이 제한되는 서비스, 배송료 ․ 설치비 등의 비용부담과
관련한 내용에 대한 확인

4. 이 약관에 동의하고 위 3.호의 사항을 확인하거나 거부하는 표시
(예, 마우스 클릭)

5. 재화등의 구매신청 및 이에 관한 확인 또는 “몰”의 확인에 대한 동의

6. 결제방법의 선택

② “몰”이 제3자에게 구매자 개인정보를 제공할 필요가 있는 경우 1) 개인정보를
제공받는 자, 2)개인정보를 제공받는 자의 개인정보 이용목적, 3) 제공하는 개
인정보의 항목, 4) 개인정보를 제공받는 자의 개인정보 보유 및 이용기간을 구
매자에게 알리고 동의를 받아야 합니다. (동의를 받은 사항이 변경되는 경우에
도 같습니다.)

[정책 문서 3: 전자상거래_표준약관.pdf]
2. 선불카드, 직불카드, 신용카드 등의 각종 카드 결제

3. 온라인무통장입금

4. 전자화폐에 의한 결제

5. 수령 시 대금지급

6. 마일리지 등 “몰”이 지급한 포인트에 의한 결제
7. “몰”과 계약을 맺었거나 “몰”이 인정한 상품권에 의한 결제 

8. 기타 전자적 지급 방법에 의한 대금 지급 등

제12조(수신확인통지 ․ 구매신청 변경 및 취소)

① “몰”은 이용자의 구매신청이 있는 경우 이용자에게 수신확인통지를 합니다.

② 수신확인통지를 받은 이용자는 의사표시의 불일치 등이 있는 경우에는 수신확인
통지를 받은 후 즉시 구매신청 변경 및 취소를 요청할 수 있고 “몰”은 배송 전
에 이용자의 요청이 있는 경우에는 지체 없이 그 요청에 따라 처리하여야 합니
다. 다만 이미 대금을 지불한 경우에는 제15조의 청약철회 등에 관한 규정에 따
릅니다.

제13조(재화 등의 공급)",10.5126
113,주문,주문하기,처리 전에 확인하고 싶습니다. 상품을 구매하고 싶습니다.,상품 상세 페이지에서 옵션과 수량을 선택한 후 [구매하기]를 누르거나 [장바구니]에 담아 결제를 진행해 주세요.,"[""상품 상세 페이지에서 옵션과 수량을 선택한 후 [구매하기]를 누르거나 [장바구니]에 담아 주문을 진행해 주세요.""]","[정책 문서 1: 전자상거래_표준약관.pdf]
2. 선불카드, 직불카드, 신용카드 등의 각종 카드 결제

3. 온라인무통장입금

4. 전자화폐에 의한 결제

5. 수령 시 대금지급

6. 마일리지 등 “몰”이 지급한 포인트에 의한 결제
7. “몰”과 계약을 맺었거나 “몰”이 인정한 상품권에 의한 결제 

8. 기타 전자적 지급 방법에 의한 대금 지급 등

제12조(수신확인통지 ․ 구매신청 변경 및 취소)

① “몰”은 이용자의 구매신청이 있는 경우 이용자에게 수신확인통지를 합니다.

② 수신확인통지를 받은 이용자는 의사표시의 불일치 등이 있는 경우에는 수신확인
통지를 받은 후 즉시 구매신청 변경 및 취소를 요청할 수 있고 “몰”은 배송 전
에 이용자의 요청이 있는 경우에는 지체 없이 그 요청에 따라 처리하여야 합니
다. 다만 이미 대금을 지불한 경우에는 제15조의 청약철회 등에 관한 규정에 따
릅니다.

제13조(재화 등의 공급)

[정책 문서 2: 전자상거래_표준약관.pdf]
1. 재화 등의 검색 및 선택

2. 받는 사람의 성명, 주소, 전화번호, 전자우편주소(또는 이동전화번호) 등의
입력

3. 약관내용, 청약철회권이 제한되는 서비스, 배송료 ․ 설치비 등의 비용부담과
관련한 내용에 대한 확인

4. 이 약관에 동의하고 위 3.호의 사항을 확인하거나 거부하는 표시
(예, 마우스 클릭)

5. 재화등의 구매신청 및 이에 관한 확인 또는 “몰”의 확인에 대한 동의

6. 결제방법의 선택

② “몰”이 제3자에게 구매자 개인정보를 제공할 필요가 있는 경우 1) 개인정보를
제공받는 자, 2)개인정보를 제공받는 자의 개인정보 이용목적, 3) 제공하는 개
인정보의 항목, 4) 개인정보를 제공받는 자의 개인정보 보유 및 이용기간을 구
매자에게 알리고 동의를 받아야 합니다. (동의를 받은 사항이 변경되는 경우에
도 같습니다.)

[정책 문서 3: 쇼핑몰 이용약관 및 운영정책.pdf]
1. 주문 정책 (Ordering Policy)

1.1 주문 접수 및 계약 성립 기준
주문 진행 절차: 원하는 상품의 상세 페이지에서 옵션과 수량을 선택한 후 [구매하기]를 누르거나 [장바구니]에 담아 결제를 진행합니다.
주문 성립 시점: 고객이 상품을 선택하여 결제를 완료하고, 시스템에서 [주문 완료] 메시지 또는 알림(이메일/알림톡)이 발송된 시점에 당사 간의 매매 계약이 성립됩니다.
재고 연동 및 품절 안내: 모든 주문은 실시간 재고 확보를 전제로 합니다. 단, 시스템 반영 시차로 인해 결제 완료 후 품절이 발생할 수 있으며, 이 경우 즉시 이메일/문자로 안
내 후 자동 취소 및 전액 환불 절차가 진행됩니다.
주문 제한 규정: 타인의 명의 도용, 매크로 등 불법 프로그램 이용, 재판매(리셀) 목적의 대량 주문으로 판단될 경우 회사는 사전 통보 없이 해당 주문을 임의 취소할 수 있습
니다.",10.3354
114,주문,주문하기,추가 안내가 필요합니다. 상품을 구매하고 싶습니다.,상품 상세 페이지에서 옵션과 수량을 선택한 후 [구매하기]를 누르거나 [장바구니]에 담아 결제를 진행해 주세요.,"[""상품 상세 페이지에서 옵션과 수량을 선택한 후 [구매하기]를 누르거나 [장바구니]에 담아 주문을 진행해 주세요.""]","[정책 문서 1: 쇼핑몰 이용약관 및 운영정책.pdf]
1. 주문 정책 (Ordering Policy)

1.1 주문 접수 및 계약 성립 기준
주문 진행 절차: 원하는 상품의 상세 페이지에서 옵션과 수량을 선택한 후 [구매하기]를 누르거나 [장바구니]에 담아 결제를 진행합니다.
주문 성립 시점: 고객이 상품을 선택하여 결제를 완료하고, 시스템에서 [주문 완료] 메시지 또는 알림(이메일/알림톡)이 발송된 시점에 당사 간의 매매 계약이 성립됩니다.
재고 연동 및 품절 안내: 모든 주문은 실시간 재고 확보를 전제로 합니다. 단, 시스템 반영 시차로 인해 결제 완료 후 품절이 발생할 수 있으며, 이 경우 즉시 이메일/문자로 안
내 후 자동 취소 및 전액 환불 절차가 진행됩니다.
주문 제한 규정: 타인의 명의 도용, 매크로 등 불법 프로그램 이용, 재판매(리셀) 목적의 대량 주문으로 판단될 경우 회사는 사전 통보 없이 해당 주문을 임의 취소할 수 있습
니다.

[정책 문서 2: 전자상거래_표준약관.pdf]
1. 재화 등의 검색 및 선택

2. 받는 사람의 성명, 주소, 전화번호, 전자우편주소(또는 이동전화번호) 등의
입력

3. 약관내용, 청약철회권이 제한되는 서비스, 배송료 ․ 설치비 등의 비용부담과
관련한 내용에 대한 확인

4. 이 약관에 동의하고 위 3.호의 사항을 확인하거나 거부하는 표시
(예, 마우스 클릭)

5. 재화등의 구매신청 및 이에 관한 확인 또는 “몰”의 확인에 대한 동의

6. 결제방법의 선택

② “몰”이 제3자에게 구매자 개인정보를 제공할 필요가 있는 경우 1) 개인정보를
제공받는 자, 2)개인정보를 제공받는 자의 개인정보 이용목적, 3) 제공하는 개
인정보의 항목, 4) 개인정보를 제공받는 자의 개인정보 보유 및 이용기간을 구
매자에게 알리고 동의를 받아야 합니다. (동의를 받은 사항이 변경되는 경우에
도 같습니다.)

[정책 문서 3: 전자상거래_표준약관.pdf]
2. 선불카드, 직불카드, 신용카드 등의 각종 카드 결제

3. 온라인무통장입금

4. 전자화폐에 의한 결제

5. 수령 시 대금지급

6. 마일리지 등 “몰”이 지급한 포인트에 의한 결제
7. “몰”과 계약을 맺었거나 “몰”이 인정한 상품권에 의한 결제 

8. 기타 전자적 지급 방법에 의한 대금 지급 등

제12조(수신확인통지 ․ 구매신청 변경 및 취소)

① “몰”은 이용자의 구매신청이 있는 경우 이용자에게 수신확인통지를 합니다.

② 수신확인통지를 받은 이용자는 의사표시의 불일치 등이 있는 경우에는 수신확인
통지를 받은 후 즉시 구매신청 변경 및 취소를 요청할 수 있고 “몰”은 배송 전
에 이용자의 요청이 있는 경우에는 지체 없이 그 요청에 따라 처리하여야 합니
다. 다만 이미 대금을 지불한 경우에는 제15조의 청약철회 등에 관한 규정에 따
릅니다.

제13조(재화 등의 공급)",9.88
115,주문,주문하기,상품을 처음 주문하는데 절차를 안내해 주세요. 자세한 절차도 함께 안내해 주세요.,상품 상세 페이지에서 옵션과 수량을 선택한 후 [구매하기]를 누르거나 [장바구니]에 담아 결제를 진행해 주세요.,"[""상품 상세 페이지에서 옵션과 수량을 선택한 후 [구매하기]를 누르거나 [장바구니]에 담아 주문을 진행해 주세요.""]","[정책 문서 1: 쇼핑몰 이용약관 및 운영정책.pdf]
1. 주문 정책 (Ordering Policy)

1.1 주문 접수 및 계약 성립 기준
주문 진행 절차: 원하는 상품의 상세 페이지에서 옵션과 수량을 선택한 후 [구매하기]를 누르거나 [장바구니]에 담아 결제를 진행합니다.
주문 성립 시점: 고객이 상품을 선택하여 결제를 완료하고, 시스템에서 [주문 완료] 메시지 또는 알림(이메일/알림톡)이 발송된 시점에 당사 간의 매매 계약이 성립됩니다.
재고 연동 및 품절 안내: 모든 주문은 실시간 재고 확보를 전제로 합니다. 단, 시스템 반영 시차로 인해 결제 완료 후 품절이 발생할 수 있으며, 이 경우 즉시 이메일/문자로 안
내 후 자동 취소 및 전액 환불 절차가 진행됩니다.
주문 제한 규정: 타인의 명의 도용, 매크로 등 불법 프로그램 이용, 재판매(리셀) 목적의 대량 주문으로 판단될 경우 회사는 사전 통보 없이 해당 주문을 임의 취소할 수 있습
니다.

[정책 문서 2: 전자상거래_표준약관.pdf]
1. 재화 등의 검색 및 선택

2. 받는 사람의 성명, 주소, 전화번호, 전자우편주소(또는 이동전화번호) 등의
입력

3. 약관내용, 청약철회권이 제한되는 서비스, 배송료 ․ 설치비 등의 비용부담과
관련한 내용에 대한 확인

4. 이 약관에 동의하고 위 3.호의 사항을 확인하거나 거부하는 표시
(예, 마우스 클릭)

5. 재화등의 구매신청 및 이에 관한 확인 또는 “몰”의 확인에 대한 동의

6. 결제방법의 선택

② “몰”이 제3자에게 구매자 개인정보를 제공할 필요가 있는 경우 1) 개인정보를
제공받는 자, 2)개인정보를 제공받는 자의 개인정보 이용목적, 3) 제공하는 개
인정보의 항목, 4) 개인정보를 제공받는 자의 개인정보 보유 및 이용기간을 구
매자에게 알리고 동의를 받아야 합니다. (동의를 받은 사항이 변경되는 경우에
도 같습니다.)

[정책 문서 3: 쇼핑몰 이용약관 및 운영정책.pdf]
TIP
결제 오류 관련 팁 (RAG 응답 기준)
""결제가 안 돼요""라는 문의는 먼저 실제 결제/주문 완료 여부부터 확인하도록 안내하고, 이중 결제가 의심되는 경우 임의로 환불을 약속하지 말고 승인 내역 확인 절차부터 안내합니
다.",8.6109
116,주문,주문하기,확인 부탁드립니다. 장바구니에서 상품 주문을 완료하는 방법이 궁금합니다. 자세한 절차도 함께 안내해 주세요.,상품 상세 페이지에서 옵션과 수량을 선택한 후 [구매하기]를 누르거나 [장바구니]에 담아 결제를 진행해 주세요.,"[""상품 상세 페이지에서 옵션과 수량을 선택한 후 [구매하기]를 누르거나 [장바구니]에 담아 주문을 진행해 주세요.""]","[정책 문서 1: 쇼핑몰 이용약관 및 운영정책.pdf]
1. 주문 정책 (Ordering Policy)

1.1 주문 접수 및 계약 성립 기준
주문 진행 절차: 원하는 상품의 상세 페이지에서 옵션과 수량을 선택한 후 [구매하기]를 누르거나 [장바구니]에 담아 결제를 진행합니다.
주문 성립 시점: 고객이 상품을 선택하여 결제를 완료하고, 시스템에서 [주문 완료] 메시지 또는 알림(이메일/알림톡)이 발송된 시점에 당사 간의 매매 계약이 성립됩니다.
재고 연동 및 품절 안내: 모든 주문은 실시간 재고 확보를 전제로 합니다. 단, 시스템 반영 시차로 인해 결제 완료 후 품절이 발생할 수 있으며, 이 경우 즉시 이메일/문자로 안
내 후 자동 취소 및 전액 환불 절차가 진행됩니다.
주문 제한 규정: 타인의 명의 도용, 매크로 등 불법 프로그램 이용, 재판매(리셀) 목적의 대량 주문으로 판단될 경우 회사는 사전 통보 없이 해당 주문을 임의 취소할 수 있습
니다.

[정책 문서 2: 쇼핑몰 이용약관 및 운영정책.pdf]
1.3 주문 상품 구성(품목·옵션·수량) 변경 불가 안내
배송지·수령인 정보와 달리, 이미 결제 완료된 주문의 
상품 품목, 옵션(색상/사이즈 등), 수량
은 주문 상태와 무관하게 변경이 불가합니다.
변경이 필요한 경우 기존 주문을 취소한 후 원하는 구성으로 다시 주문해야 하며, 이미 '상품 준비 중' 이후 단계라면 취소 불가 규정(3항)이 함께 적용됩니다.
수량을 늘리고 싶은 경우도 기존 주문 수정이 아닌 신규 주문으로 진행해야 합니다.
TIP
주문 관련 팁 (RAG 응답 기준)
고객이 주문 후 배송지 변경을 요청할 때, 주문 상태가 '결제 완료' 이하인지 먼저 확인해야 합니다. 이미 '상품 준비 중'으로 변경된 경우 물류 시스템 특성상 자동 수정이 불가능합니
다.

2. 결제 정책 (Payment Policy)

[정책 문서 3: 전자상거래_표준약관.pdf]
2. 선불카드, 직불카드, 신용카드 등의 각종 카드 결제

3. 온라인무통장입금

4. 전자화폐에 의한 결제

5. 수령 시 대금지급

6. 마일리지 등 “몰”이 지급한 포인트에 의한 결제
7. “몰”과 계약을 맺었거나 “몰”이 인정한 상품권에 의한 결제 

8. 기타 전자적 지급 방법에 의한 대금 지급 등

제12조(수신확인통지 ․ 구매신청 변경 및 취소)

① “몰”은 이용자의 구매신청이 있는 경우 이용자에게 수신확인통지를 합니다.

② 수신확인통지를 받은 이용자는 의사표시의 불일치 등이 있는 경우에는 수신확인
통지를 받은 후 즉시 구매신청 변경 및 취소를 요청할 수 있고 “몰”은 배송 전
에 이용자의 요청이 있는 경우에는 지체 없이 그 요청에 따라 처리하여야 합니
다. 다만 이미 대금을 지불한 경우에는 제15조의 청약철회 등에 관한 규정에 따
릅니다.

제13조(재화 등의 공급)",9.6223
117,주문,주문하기,방법을 알고 싶습니다. 상품을 주문하는 방법을 알려주세요. 자세한 절차도 함께 안내해 주세요.,상품 상세 페이지에서 옵션과 수량을 선택한 후 [구매하기]를 누르거나 [장바구니]에 담아 결제를 진행해 주세요.,"[""상품 상세 페이지에서 옵션과 수량을 선택한 후 [구매하기]를 누르거나 [장바구니]에 담아 주문을 진행해 주세요.""]","[정책 문서 1: 쇼핑몰 이용약관 및 운영정책.pdf]
1. 주문 정책 (Ordering Policy)

1.1 주문 접수 및 계약 성립 기준
주문 진행 절차: 원하는 상품의 상세 페이지에서 옵션과 수량을 선택한 후 [구매하기]를 누르거나 [장바구니]에 담아 결제를 진행합니다.
주문 성립 시점: 고객이 상품을 선택하여 결제를 완료하고, 시스템에서 [주문 완료] 메시지 또는 알림(이메일/알림톡)이 발송된 시점에 당사 간의 매매 계약이 성립됩니다.
재고 연동 및 품절 안내: 모든 주문은 실시간 재고 확보를 전제로 합니다. 단, 시스템 반영 시차로 인해 결제 완료 후 품절이 발생할 수 있으며, 이 경우 즉시 이메일/문자로 안
내 후 자동 취소 및 전액 환불 절차가 진행됩니다.
주문 제한 규정: 타인의 명의 도용, 매크로 등 불법 프로그램 이용, 재판매(리셀) 목적의 대량 주문으로 판단될 경우 회사는 사전 통보 없이 해당 주문을 임의 취소할 수 있습
니다.

[정책 문서 2: 전자상거래_표준약관.pdf]
1. 재화 등의 검색 및 선택

2. 받는 사람의 성명, 주소, 전화번호, 전자우편주소(또는 이동전화번호) 등의
입력

3. 약관내용, 청약철회권이 제한되는 서비스, 배송료 ․ 설치비 등의 비용부담과
관련한 내용에 대한 확인

4. 이 약관에 동의하고 위 3.호의 사항을 확인하거나 거부하는 표시
(예, 마우스 클릭)

5. 재화등의 구매신청 및 이에 관한 확인 또는 “몰”의 확인에 대한 동의

6. 결제방법의 선택

② “몰”이 제3자에게 구매자 개인정보를 제공할 필요가 있는 경우 1) 개인정보를
제공받는 자, 2)개인정보를 제공받는 자의 개인정보 이용목적, 3) 제공하는 개
인정보의 항목, 4) 개인정보를 제공받는 자의 개인정보 보유 및 이용기간을 구
매자에게 알리고 동의를 받아야 합니다. (동의를 받은 사항이 변경되는 경우에
도 같습니다.)

[정책 문서 3: 전자상거래_표준약관.pdf]
2. 선불카드, 직불카드, 신용카드 등의 각종 카드 결제

3. 온라인무통장입금

4. 전자화폐에 의한 결제

5. 수령 시 대금지급

6. 마일리지 등 “몰”이 지급한 포인트에 의한 결제
7. “몰”과 계약을 맺었거나 “몰”이 인정한 상품권에 의한 결제 

8. 기타 전자적 지급 방법에 의한 대금 지급 등

제12조(수신확인통지 ․ 구매신청 변경 및 취소)

① “몰”은 이용자의 구매신청이 있는 경우 이용자에게 수신확인통지를 합니다.

② 수신확인통지를 받은 이용자는 의사표시의 불일치 등이 있는 경우에는 수신확인
통지를 받은 후 즉시 구매신청 변경 및 취소를 요청할 수 있고 “몰”은 배송 전
에 이용자의 요청이 있는 경우에는 지체 없이 그 요청에 따라 처리하여야 합니
다. 다만 이미 대금을 지불한 경우에는 제15조의 청약철회 등에 관한 규정에 따
릅니다.

제13조(재화 등의 공급)",10.5604
118,주문,주문하기,방법을 알고 싶습니다. 상품을 구매하고 싶습니다. 자세한 절차도 함께 안내해 주세요.,상품 상세 페이지에서 옵션과 수량을 선택한 후 [구매하기]를 누르거나 [장바구니]에 담아 결제를 진행해 주세요.,"[""상품 상세 페이지에서 옵션과 수량을 선택한 후 [구매하기]를 누르거나 [장바구니]에 담아 주문을 진행해 주세요.""]","[정책 문서 1: 쇼핑몰 이용약관 및 운영정책.pdf]
1. 주문 정책 (Ordering Policy)

1.1 주문 접수 및 계약 성립 기준
주문 진행 절차: 원하는 상품의 상세 페이지에서 옵션과 수량을 선택한 후 [구매하기]를 누르거나 [장바구니]에 담아 결제를 진행합니다.
주문 성립 시점: 고객이 상품을 선택하여 결제를 완료하고, 시스템에서 [주문 완료] 메시지 또는 알림(이메일/알림톡)이 발송된 시점에 당사 간의 매매 계약이 성립됩니다.
재고 연동 및 품절 안내: 모든 주문은 실시간 재고 확보를 전제로 합니다. 단, 시스템 반영 시차로 인해 결제 완료 후 품절이 발생할 수 있으며, 이 경우 즉시 이메일/문자로 안
내 후 자동 취소 및 전액 환불 절차가 진행됩니다.
주문 제한 규정: 타인의 명의 도용, 매크로 등 불법 프로그램 이용, 재판매(리셀) 목적의 대량 주문으로 판단될 경우 회사는 사전 통보 없이 해당 주문을 임의 취소할 수 있습
니다.

[정책 문서 2: 전자상거래_표준약관.pdf]
1. 재화 등의 검색 및 선택

2. 받는 사람의 성명, 주소, 전화번호, 전자우편주소(또는 이동전화번호) 등의
입력

3. 약관내용, 청약철회권이 제한되는 서비스, 배송료 ․ 설치비 등의 비용부담과
관련한 내용에 대한 확인

4. 이 약관에 동의하고 위 3.호의 사항을 확인하거나 거부하는 표시
(예, 마우스 클릭)

5. 재화등의 구매신청 및 이에 관한 확인 또는 “몰”의 확인에 대한 동의

6. 결제방법의 선택

② “몰”이 제3자에게 구매자 개인정보를 제공할 필요가 있는 경우 1) 개인정보를
제공받는 자, 2)개인정보를 제공받는 자의 개인정보 이용목적, 3) 제공하는 개
인정보의 항목, 4) 개인정보를 제공받는 자의 개인정보 보유 및 이용기간을 구
매자에게 알리고 동의를 받아야 합니다. (동의를 받은 사항이 변경되는 경우에
도 같습니다.)

[정책 문서 3: 전자상거래_표준약관.pdf]
2. 선불카드, 직불카드, 신용카드 등의 각종 카드 결제

3. 온라인무통장입금

4. 전자화폐에 의한 결제

5. 수령 시 대금지급

6. 마일리지 등 “몰”이 지급한 포인트에 의한 결제
7. “몰”과 계약을 맺었거나 “몰”이 인정한 상품권에 의한 결제 

8. 기타 전자적 지급 방법에 의한 대금 지급 등

제12조(수신확인통지 ․ 구매신청 변경 및 취소)

① “몰”은 이용자의 구매신청이 있는 경우 이용자에게 수신확인통지를 합니다.

② 수신확인통지를 받은 이용자는 의사표시의 불일치 등이 있는 경우에는 수신확인
통지를 받은 후 즉시 구매신청 변경 및 취소를 요청할 수 있고 “몰”은 배송 전
에 이용자의 요청이 있는 경우에는 지체 없이 그 요청에 따라 처리하여야 합니
다. 다만 이미 대금을 지불한 경우에는 제15조의 청약철회 등에 관한 규정에 따
릅니다.

제13조(재화 등의 공급)",10.6306
119,주문,주문하기,방법을 알고 싶습니다. 장바구니에서 상품 주문을 완료하는 방법이 궁금합니다. 자세한 절차도 함께 안내해 주세요.,상품 상세 페이지에서 옵션과 수량을 선택한 후 [구매하기]를 누르거나 [장바구니]에 담아 결제를 진행해 주세요.,"[""상품 상세 페이지에서 옵션과 수량을 선택한 후 [구매하기]를 누르거나 [장바구니]에 담아 주문을 진행해 주세요.""]","[정책 문서 1: 쇼핑몰 이용약관 및 운영정책.pdf]
1. 주문 정책 (Ordering Policy)

1.1 주문 접수 및 계약 성립 기준
주문 진행 절차: 원하는 상품의 상세 페이지에서 옵션과 수량을 선택한 후 [구매하기]를 누르거나 [장바구니]에 담아 결제를 진행합니다.
주문 성립 시점: 고객이 상품을 선택하여 결제를 완료하고, 시스템에서 [주문 완료] 메시지 또는 알림(이메일/알림톡)이 발송된 시점에 당사 간의 매매 계약이 성립됩니다.
재고 연동 및 품절 안내: 모든 주문은 실시간 재고 확보를 전제로 합니다. 단, 시스템 반영 시차로 인해 결제 완료 후 품절이 발생할 수 있으며, 이 경우 즉시 이메일/문자로 안
내 후 자동 취소 및 전액 환불 절차가 진행됩니다.
주문 제한 규정: 타인의 명의 도용, 매크로 등 불법 프로그램 이용, 재판매(리셀) 목적의 대량 주문으로 판단될 경우 회사는 사전 통보 없이 해당 주문을 임의 취소할 수 있습
니다.

[정책 문서 2: 쇼핑몰 이용약관 및 운영정책.pdf]
1.3 주문 상품 구성(품목·옵션·수량) 변경 불가 안내
배송지·수령인 정보와 달리, 이미 결제 완료된 주문의 
상품 품목, 옵션(색상/사이즈 등), 수량
은 주문 상태와 무관하게 변경이 불가합니다.
변경이 필요한 경우 기존 주문을 취소한 후 원하는 구성으로 다시 주문해야 하며, 이미 '상품 준비 중' 이후 단계라면 취소 불가 규정(3항)이 함께 적용됩니다.
수량을 늘리고 싶은 경우도 기존 주문 수정이 아닌 신규 주문으로 진행해야 합니다.
TIP
주문 관련 팁 (RAG 응답 기준)
고객이 주문 후 배송지 변경을 요청할 때, 주문 상태가 '결제 완료' 이하인지 먼저 확인해야 합니다. 이미 '상품 준비 중'으로 변경된 경우 물류 시스템 특성상 자동 수정이 불가능합니
다.

2. 결제 정책 (Payment Policy)

[정책 문서 3: 쇼핑몰 이용약관 및 운영정책.pdf]
1.2 주문 정보 변경 (배송지 및 옵션)
변경 가능 단계: 주문 상태가 '입금 대기' 또는 '결제 완료' 단계일 경우에만 [마이페이지 > 주문내역]에서 직접 변경하거나 고객센터를 통해 변경 신청이 가능합니다.
변경 불가 단계: 주문 상태가 '상품 준비 중' 또는 '배송 중'으로 전환된 이후에는 물류센터 포장 및 송장 출력 작업이 완료되어 배송지 및 옵션 변경이 불가합니다. 이 경우 상
품 수령 후 반품/교환 절차를 따라야 합니다.",8.734
120,주문,주문하기,처리 방법이 궁금합니다. 상품을 구매하고 싶습니다. 자세한 절차도 함께 안내해 주세요.,상품 상세 페이지에서 옵션과 수량을 선택한 후 [구매하기]를 누르거나 [장바구니]에 담아 결제를 진행해 주세요.,"[""상품 상세 페이지에서 옵션과 수량을 선택한 후 [구매하기]를 누르거나 [장바구니]에 담아 주문을 진행해 주세요.""]","[정책 문서 1: 쇼핑몰 이용약관 및 운영정책.pdf]
1. 주문 정책 (Ordering Policy)

1.1 주문 접수 및 계약 성립 기준
주문 진행 절차: 원하는 상품의 상세 페이지에서 옵션과 수량을 선택한 후 [구매하기]를 누르거나 [장바구니]에 담아 결제를 진행합니다.
주문 성립 시점: 고객이 상품을 선택하여 결제를 완료하고, 시스템에서 [주문 완료] 메시지 또는 알림(이메일/알림톡)이 발송된 시점에 당사 간의 매매 계약이 성립됩니다.
재고 연동 및 품절 안내: 모든 주문은 실시간 재고 확보를 전제로 합니다. 단, 시스템 반영 시차로 인해 결제 완료 후 품절이 발생할 수 있으며, 이 경우 즉시 이메일/문자로 안
내 후 자동 취소 및 전액 환불 절차가 진행됩니다.
주문 제한 규정: 타인의 명의 도용, 매크로 등 불법 프로그램 이용, 재판매(리셀) 목적의 대량 주문으로 판단될 경우 회사는 사전 통보 없이 해당 주문을 임의 취소할 수 있습
니다.

[정책 문서 2: 전자상거래_표준약관.pdf]
1. 재화 등의 검색 및 선택

2. 받는 사람의 성명, 주소, 전화번호, 전자우편주소(또는 이동전화번호) 등의
입력

3. 약관내용, 청약철회권이 제한되는 서비스, 배송료 ․ 설치비 등의 비용부담과
관련한 내용에 대한 확인

4. 이 약관에 동의하고 위 3.호의 사항을 확인하거나 거부하는 표시
(예, 마우스 클릭)

5. 재화등의 구매신청 및 이에 관한 확인 또는 “몰”의 확인에 대한 동의

6. 결제방법의 선택

② “몰”이 제3자에게 구매자 개인정보를 제공할 필요가 있는 경우 1) 개인정보를
제공받는 자, 2)개인정보를 제공받는 자의 개인정보 이용목적, 3) 제공하는 개
인정보의 항목, 4) 개인정보를 제공받는 자의 개인정보 보유 및 이용기간을 구
매자에게 알리고 동의를 받아야 합니다. (동의를 받은 사항이 변경되는 경우에
도 같습니다.)

[정책 문서 3: 전자상거래_표준약관.pdf]
2. 선불카드, 직불카드, 신용카드 등의 각종 카드 결제

3. 온라인무통장입금

4. 전자화폐에 의한 결제

5. 수령 시 대금지급

6. 마일리지 등 “몰”이 지급한 포인트에 의한 결제
7. “몰”과 계약을 맺었거나 “몰”이 인정한 상품권에 의한 결제 

8. 기타 전자적 지급 방법에 의한 대금 지급 등

제12조(수신확인통지 ․ 구매신청 변경 및 취소)

① “몰”은 이용자의 구매신청이 있는 경우 이용자에게 수신확인통지를 합니다.

② 수신확인통지를 받은 이용자는 의사표시의 불일치 등이 있는 경우에는 수신확인
통지를 받은 후 즉시 구매신청 변경 및 취소를 요청할 수 있고 “몰”은 배송 전
에 이용자의 요청이 있는 경우에는 지체 없이 그 요청에 따라 처리하여야 합니
다. 다만 이미 대금을 지불한 경우에는 제15조의 청약철회 등에 관한 규정에 따
릅니다.

제13조(재화 등의 공급)",9.8523
121,주문,주문하기,자세한 안내 부탁드립니다. 상품을 처음 주문하는데 절차를 안내해 주세요. 자세한 절차도 함께 안내해 주세요.,상품 상세 페이지에서 옵션과 수량을 선택한 후 [구매하기]를 누르거나 [장바구니]에 담아 결제를 진행해 주세요.,"[""상품 상세 페이지에서 옵션과 수량을 선택한 후 [구매하기]를 누르거나 [장바구니]에 담아 주문을 진행해 주세요.""]","[정책 문서 1: 쇼핑몰 이용약관 및 운영정책.pdf]
1. 주문 정책 (Ordering Policy)

1.1 주문 접수 및 계약 성립 기준
주문 진행 절차: 원하는 상품의 상세 페이지에서 옵션과 수량을 선택한 후 [구매하기]를 누르거나 [장바구니]에 담아 결제를 진행합니다.
주문 성립 시점: 고객이 상품을 선택하여 결제를 완료하고, 시스템에서 [주문 완료] 메시지 또는 알림(이메일/알림톡)이 발송된 시점에 당사 간의 매매 계약이 성립됩니다.
재고 연동 및 품절 안내: 모든 주문은 실시간 재고 확보를 전제로 합니다. 단, 시스템 반영 시차로 인해 결제 완료 후 품절이 발생할 수 있으며, 이 경우 즉시 이메일/문자로 안
내 후 자동 취소 및 전액 환불 절차가 진행됩니다.
주문 제한 규정: 타인의 명의 도용, 매크로 등 불법 프로그램 이용, 재판매(리셀) 목적의 대량 주문으로 판단될 경우 회사는 사전 통보 없이 해당 주문을 임의 취소할 수 있습
니다.

[정책 문서 2: 전자상거래_표준약관.pdf]
1. 재화 등의 검색 및 선택

2. 받는 사람의 성명, 주소, 전화번호, 전자우편주소(또는 이동전화번호) 등의
입력

3. 약관내용, 청약철회권이 제한되는 서비스, 배송료 ․ 설치비 등의 비용부담과
관련한 내용에 대한 확인

4. 이 약관에 동의하고 위 3.호의 사항을 확인하거나 거부하는 표시
(예, 마우스 클릭)

5. 재화등의 구매신청 및 이에 관한 확인 또는 “몰”의 확인에 대한 동의

6. 결제방법의 선택

② “몰”이 제3자에게 구매자 개인정보를 제공할 필요가 있는 경우 1) 개인정보를
제공받는 자, 2)개인정보를 제공받는 자의 개인정보 이용목적, 3) 제공하는 개
인정보의 항목, 4) 개인정보를 제공받는 자의 개인정보 보유 및 이용기간을 구
매자에게 알리고 동의를 받아야 합니다. (동의를 받은 사항이 변경되는 경우에
도 같습니다.)

[정책 문서 3: 쇼핑몰 이용약관 및 운영정책.pdf]
TIP
결제 오류 관련 팁 (RAG 응답 기준)
""결제가 안 돼요""라는 문의는 먼저 실제 결제/주문 완료 여부부터 확인하도록 안내하고, 이중 결제가 의심되는 경우 임의로 환불을 약속하지 말고 승인 내역 확인 절차부터 안내합니
다.",8.7144
122,주문,주문하기,이용 중 궁금한 점이 있습니다. 상품을 처음 주문하는데 절차를 안내해 주세요. 자세한 절차도 함께 안내해 주세요.,상품 상세 페이지에서 옵션과 수량을 선택한 후 [구매하기]를 누르거나 [장바구니]에 담아 결제를 진행해 주세요.,"[""상품 상세 페이지에서 옵션과 수량을 선택한 후 [구매하기]를 누르거나 [장바구니]에 담아 주문을 진행해 주세요.""]","[정책 문서 1: 쇼핑몰 이용약관 및 운영정책.pdf]
1. 주문 정책 (Ordering Policy)

1.1 주문 접수 및 계약 성립 기준
주문 진행 절차: 원하는 상품의 상세 페이지에서 옵션과 수량을 선택한 후 [구매하기]를 누르거나 [장바구니]에 담아 결제를 진행합니다.
주문 성립 시점: 고객이 상품을 선택하여 결제를 완료하고, 시스템에서 [주문 완료] 메시지 또는 알림(이메일/알림톡)이 발송된 시점에 당사 간의 매매 계약이 성립됩니다.
재고 연동 및 품절 안내: 모든 주문은 실시간 재고 확보를 전제로 합니다. 단, 시스템 반영 시차로 인해 결제 완료 후 품절이 발생할 수 있으며, 이 경우 즉시 이메일/문자로 안
내 후 자동 취소 및 전액 환불 절차가 진행됩니다.
주문 제한 규정: 타인의 명의 도용, 매크로 등 불법 프로그램 이용, 재판매(리셀) 목적의 대량 주문으로 판단될 경우 회사는 사전 통보 없이 해당 주문을 임의 취소할 수 있습
니다.

[정책 문서 2: 전자상거래_표준약관.pdf]
1. 재화 등의 검색 및 선택

2. 받는 사람의 성명, 주소, 전화번호, 전자우편주소(또는 이동전화번호) 등의
입력

3. 약관내용, 청약철회권이 제한되는 서비스, 배송료 ․ 설치비 등의 비용부담과
관련한 내용에 대한 확인

4. 이 약관에 동의하고 위 3.호의 사항을 확인하거나 거부하는 표시
(예, 마우스 클릭)

5. 재화등의 구매신청 및 이에 관한 확인 또는 “몰”의 확인에 대한 동의

6. 결제방법의 선택

② “몰”이 제3자에게 구매자 개인정보를 제공할 필요가 있는 경우 1) 개인정보를
제공받는 자, 2)개인정보를 제공받는 자의 개인정보 이용목적, 3) 제공하는 개
인정보의 항목, 4) 개인정보를 제공받는 자의 개인정보 보유 및 이용기간을 구
매자에게 알리고 동의를 받아야 합니다. (동의를 받은 사항이 변경되는 경우에
도 같습니다.)

[정책 문서 3: 쇼핑몰 이용약관 및 운영정책.pdf]
TIP
결제 오류 관련 팁 (RAG 응답 기준)
""결제가 안 돼요""라는 문의는 먼저 실제 결제/주문 완료 여부부터 확인하도록 안내하고, 이중 결제가 의심되는 경우 임의로 환불을 약속하지 말고 승인 내역 확인 절차부터 안내합니
다.",9.3335
123,주문,주문하기,관련 메뉴를 찾지 못했습니다. 상품을 다른 상품과 함께 주문할 수 있나요? 자세한 절차도 함께 안내해 주세요.,상품 상세 페이지에서 옵션과 수량을 선택한 후 [구매하기]를 누르거나 [장바구니]에 담아 결제를 진행해 주세요.,"[""상품 상세 페이지에서 옵션과 수량을 선택한 후 [구매하기]를 누르거나 [장바구니]에 담아 주문을 진행해 주세요.""]","[정책 문서 1: 쇼핑몰 이용약관 및 운영정책.pdf]
1. 주문 정책 (Ordering Policy)

1.1 주문 접수 및 계약 성립 기준
주문 진행 절차: 원하는 상품의 상세 페이지에서 옵션과 수량을 선택한 후 [구매하기]를 누르거나 [장바구니]에 담아 결제를 진행합니다.
주문 성립 시점: 고객이 상품을 선택하여 결제를 완료하고, 시스템에서 [주문 완료] 메시지 또는 알림(이메일/알림톡)이 발송된 시점에 당사 간의 매매 계약이 성립됩니다.
재고 연동 및 품절 안내: 모든 주문은 실시간 재고 확보를 전제로 합니다. 단, 시스템 반영 시차로 인해 결제 완료 후 품절이 발생할 수 있으며, 이 경우 즉시 이메일/문자로 안
내 후 자동 취소 및 전액 환불 절차가 진행됩니다.
주문 제한 규정: 타인의 명의 도용, 매크로 등 불법 프로그램 이용, 재판매(리셀) 목적의 대량 주문으로 판단될 경우 회사는 사전 통보 없이 해당 주문을 임의 취소할 수 있습
니다.

[정책 문서 2: 쇼핑몰 이용약관 및 운영정책.pdf]
5. 교환 정책 (Exchange Policy)
동일 상품 옵션 교환: 동일 상품의 색상 또는 사이즈 변경은 재고가 있는 경우 7일 이내 교환이 가능하며, 왕복 배송비는 고객 부담입니다.
타 상품으로의 교환: 다른 상품으로의 직접 교환은 불가하므로, 기존 주문을 [반품/환불] 처리한 후 원하시는 상품으로 재주문하셔야 합니다.
불량 및 오배송 교환: 동일 상품으로 무상 맞교환을 원칙으로 하며, 단종 또는 품절 시에는 전액 환불 처리됩니다.

6. 배송 정책 (Shipping Policy)

[정책 문서 3: 쇼핑몰 이용약관 및 운영정책.pdf]
1.3 주문 상품 구성(품목·옵션·수량) 변경 불가 안내
배송지·수령인 정보와 달리, 이미 결제 완료된 주문의 
상품 품목, 옵션(색상/사이즈 등), 수량
은 주문 상태와 무관하게 변경이 불가합니다.
변경이 필요한 경우 기존 주문을 취소한 후 원하는 구성으로 다시 주문해야 하며, 이미 '상품 준비 중' 이후 단계라면 취소 불가 규정(3항)이 함께 적용됩니다.
수량을 늘리고 싶은 경우도 기존 주문 수정이 아닌 신규 주문으로 진행해야 합니다.
TIP
주문 관련 팁 (RAG 응답 기준)
고객이 주문 후 배송지 변경을 요청할 때, 주문 상태가 '결제 완료' 이하인지 먼저 확인해야 합니다. 이미 '상품 준비 중'으로 변경된 경우 물류 시스템 특성상 자동 수정이 불가능합니
다.

2. 결제 정책 (Payment Policy)",8.696
124,주문,주문하기,관련 메뉴를 찾지 못했습니다. 상품을 처음 주문하는데 절차를 안내해 주세요. 자세한 절차도 함께 안내해 주세요.,상품 상세 페이지에서 옵션과 수량을 선택한 후 [구매하기]를 누르거나 [장바구니]에 담아 결제를 진행해 주세요.,"[""상품 상세 페이지에서 옵션과 수량을 선택한 후 [구매하기]를 누르거나 [장바구니]에 담아 주문을 진행해 주세요.""]","[정책 문서 1: 쇼핑몰 이용약관 및 운영정책.pdf]
1. 주문 정책 (Ordering Policy)

1.1 주문 접수 및 계약 성립 기준
주문 진행 절차: 원하는 상품의 상세 페이지에서 옵션과 수량을 선택한 후 [구매하기]를 누르거나 [장바구니]에 담아 결제를 진행합니다.
주문 성립 시점: 고객이 상품을 선택하여 결제를 완료하고, 시스템에서 [주문 완료] 메시지 또는 알림(이메일/알림톡)이 발송된 시점에 당사 간의 매매 계약이 성립됩니다.
재고 연동 및 품절 안내: 모든 주문은 실시간 재고 확보를 전제로 합니다. 단, 시스템 반영 시차로 인해 결제 완료 후 품절이 발생할 수 있으며, 이 경우 즉시 이메일/문자로 안
내 후 자동 취소 및 전액 환불 절차가 진행됩니다.
주문 제한 규정: 타인의 명의 도용, 매크로 등 불법 프로그램 이용, 재판매(리셀) 목적의 대량 주문으로 판단될 경우 회사는 사전 통보 없이 해당 주문을 임의 취소할 수 있습
니다.

[정책 문서 2: 쇼핑몰 이용약관 및 운영정책.pdf]
1.3 주문 상품 구성(품목·옵션·수량) 변경 불가 안내
배송지·수령인 정보와 달리, 이미 결제 완료된 주문의 
상품 품목, 옵션(색상/사이즈 등), 수량
은 주문 상태와 무관하게 변경이 불가합니다.
변경이 필요한 경우 기존 주문을 취소한 후 원하는 구성으로 다시 주문해야 하며, 이미 '상품 준비 중' 이후 단계라면 취소 불가 규정(3항)이 함께 적용됩니다.
수량을 늘리고 싶은 경우도 기존 주문 수정이 아닌 신규 주문으로 진행해야 합니다.
TIP
주문 관련 팁 (RAG 응답 기준)
고객이 주문 후 배송지 변경을 요청할 때, 주문 상태가 '결제 완료' 이하인지 먼저 확인해야 합니다. 이미 '상품 준비 중'으로 변경된 경우 물류 시스템 특성상 자동 수정이 불가능합니
다.

2. 결제 정책 (Payment Policy)

[정책 문서 3: 전자상거래_표준약관.pdf]
2. 선불카드, 직불카드, 신용카드 등의 각종 카드 결제

3. 온라인무통장입금

4. 전자화폐에 의한 결제

5. 수령 시 대금지급

6. 마일리지 등 “몰”이 지급한 포인트에 의한 결제
7. “몰”과 계약을 맺었거나 “몰”이 인정한 상품권에 의한 결제 

8. 기타 전자적 지급 방법에 의한 대금 지급 등

제12조(수신확인통지 ․ 구매신청 변경 및 취소)

① “몰”은 이용자의 구매신청이 있는 경우 이용자에게 수신확인통지를 합니다.

② 수신확인통지를 받은 이용자는 의사표시의 불일치 등이 있는 경우에는 수신확인
통지를 받은 후 즉시 구매신청 변경 및 취소를 요청할 수 있고 “몰”은 배송 전
에 이용자의 요청이 있는 경우에는 지체 없이 그 요청에 따라 처리하여야 합니
다. 다만 이미 대금을 지불한 경우에는 제15조의 청약철회 등에 관한 규정에 따
릅니다.

제13조(재화 등의 공급)",9.5553
125,주문,주문하기,처리 전에 확인하고 싶습니다. 상품을 구매하고 싶습니다. 자세한 절차도 함께 안내해 주세요.,상품 상세 페이지에서 옵션과 수량을 선택한 후 [구매하기]를 누르거나 [장바구니]에 담아 결제를 진행해 주세요.,"[""상품 상세 페이지에서 옵션과 수량을 선택한 후 [구매하기]를 누르거나 [장바구니]에 담아 주문을 진행해 주세요.""]","[정책 문서 1: 쇼핑몰 이용약관 및 운영정책.pdf]
금액·기간 등 수치 정보는 원문 그대로 정확히 인용하고, 임의로 추정하지 않습니다.
법정대리인 동의, 분쟁조정 등 법적 절차가 필요한 문의는 최종 처리 결과를 단정하지 말고 ""확인 후 안내드리겠습니다"" 형태로 고객센터 상담 연결을 병행 안내합니
다.

[정책 문서 2: 쇼핑몰 이용약관 및 운영정책.pdf]
1. 주문 정책 (Ordering Policy)

1.1 주문 접수 및 계약 성립 기준
주문 진행 절차: 원하는 상품의 상세 페이지에서 옵션과 수량을 선택한 후 [구매하기]를 누르거나 [장바구니]에 담아 결제를 진행합니다.
주문 성립 시점: 고객이 상품을 선택하여 결제를 완료하고, 시스템에서 [주문 완료] 메시지 또는 알림(이메일/알림톡)이 발송된 시점에 당사 간의 매매 계약이 성립됩니다.
재고 연동 및 품절 안내: 모든 주문은 실시간 재고 확보를 전제로 합니다. 단, 시스템 반영 시차로 인해 결제 완료 후 품절이 발생할 수 있으며, 이 경우 즉시 이메일/문자로 안
내 후 자동 취소 및 전액 환불 절차가 진행됩니다.
주문 제한 규정: 타인의 명의 도용, 매크로 등 불법 프로그램 이용, 재판매(리셀) 목적의 대량 주문으로 판단될 경우 회사는 사전 통보 없이 해당 주문을 임의 취소할 수 있습
니다.

[정책 문서 3: 전자상거래_표준약관.pdf]
1. 재화 등의 검색 및 선택

2. 받는 사람의 성명, 주소, 전화번호, 전자우편주소(또는 이동전화번호) 등의
입력

3. 약관내용, 청약철회권이 제한되는 서비스, 배송료 ․ 설치비 등의 비용부담과
관련한 내용에 대한 확인

4. 이 약관에 동의하고 위 3.호의 사항을 확인하거나 거부하는 표시
(예, 마우스 클릭)

5. 재화등의 구매신청 및 이에 관한 확인 또는 “몰”의 확인에 대한 동의

6. 결제방법의 선택

② “몰”이 제3자에게 구매자 개인정보를 제공할 필요가 있는 경우 1) 개인정보를
제공받는 자, 2)개인정보를 제공받는 자의 개인정보 이용목적, 3) 제공하는 개
인정보의 항목, 4) 개인정보를 제공받는 자의 개인정보 보유 및 이용기간을 구
매자에게 알리고 동의를 받아야 합니다. (동의를 받은 사항이 변경되는 경우에
도 같습니다.)",8.7072
126,주문,주문하기,처리 전에 확인하고 싶습니다. 장바구니에서 상품 주문을 완료하는 방법이 궁금합니다. 자세한 절차도 함께 안내해 주세요.,상품 상세 페이지에서 옵션과 수량을 선택한 후 [구매하기]를 누르거나 [장바구니]에 담아 결제를 진행해 주세요.,"[""상품 상세 페이지에서 옵션과 수량을 선택한 후 [구매하기]를 누르거나 [장바구니]에 담아 주문을 진행해 주세요.""]","[정책 문서 1: 쇼핑몰 이용약관 및 운영정책.pdf]
1. 주문 정책 (Ordering Policy)

1.1 주문 접수 및 계약 성립 기준
주문 진행 절차: 원하는 상품의 상세 페이지에서 옵션과 수량을 선택한 후 [구매하기]를 누르거나 [장바구니]에 담아 결제를 진행합니다.
주문 성립 시점: 고객이 상품을 선택하여 결제를 완료하고, 시스템에서 [주문 완료] 메시지 또는 알림(이메일/알림톡)이 발송된 시점에 당사 간의 매매 계약이 성립됩니다.
재고 연동 및 품절 안내: 모든 주문은 실시간 재고 확보를 전제로 합니다. 단, 시스템 반영 시차로 인해 결제 완료 후 품절이 발생할 수 있으며, 이 경우 즉시 이메일/문자로 안
내 후 자동 취소 및 전액 환불 절차가 진행됩니다.
주문 제한 규정: 타인의 명의 도용, 매크로 등 불법 프로그램 이용, 재판매(리셀) 목적의 대량 주문으로 판단될 경우 회사는 사전 통보 없이 해당 주문을 임의 취소할 수 있습
니다.

[정책 문서 2: 쇼핑몰 이용약관 및 운영정책.pdf]
TIP
결제 오류 관련 팁 (RAG 응답 기준)
""결제가 안 돼요""라는 문의는 먼저 실제 결제/주문 완료 여부부터 확인하도록 안내하고, 이중 결제가 의심되는 경우 임의로 환불을 약속하지 말고 승인 내역 확인 절차부터 안내합니
다.

[정책 문서 3: 쇼핑몰 이용약관 및 운영정책.pdf]
1.3 주문 상품 구성(품목·옵션·수량) 변경 불가 안내
배송지·수령인 정보와 달리, 이미 결제 완료된 주문의 
상품 품목, 옵션(색상/사이즈 등), 수량
은 주문 상태와 무관하게 변경이 불가합니다.
변경이 필요한 경우 기존 주문을 취소한 후 원하는 구성으로 다시 주문해야 하며, 이미 '상품 준비 중' 이후 단계라면 취소 불가 규정(3항)이 함께 적용됩니다.
수량을 늘리고 싶은 경우도 기존 주문 수정이 아닌 신규 주문으로 진행해야 합니다.
TIP
주문 관련 팁 (RAG 응답 기준)
고객이 주문 후 배송지 변경을 요청할 때, 주문 상태가 '결제 완료' 이하인지 먼저 확인해야 합니다. 이미 '상품 준비 중'으로 변경된 경우 물류 시스템 특성상 자동 수정이 불가능합니
다.

2. 결제 정책 (Payment Policy)",8.8231
127,주문,주문하기,처리 과정을 알려주세요. 상품을 주문하는 방법을 알려주세요. 자세한 절차도 함께 안내해 주세요.,상품 상세 페이지에서 옵션과 수량을 선택한 후 [구매하기]를 누르거나 [장바구니]에 담아 결제를 진행해 주세요.,"[""상품 상세 페이지에서 옵션과 수량을 선택한 후 [구매하기]를 누르거나 [장바구니]에 담아 주문을 진행해 주세요.""]","[정책 문서 1: 쇼핑몰 이용약관 및 운영정책.pdf]
1. 주문 정책 (Ordering Policy)

1.1 주문 접수 및 계약 성립 기준
주문 진행 절차: 원하는 상품의 상세 페이지에서 옵션과 수량을 선택한 후 [구매하기]를 누르거나 [장바구니]에 담아 결제를 진행합니다.
주문 성립 시점: 고객이 상품을 선택하여 결제를 완료하고, 시스템에서 [주문 완료] 메시지 또는 알림(이메일/알림톡)이 발송된 시점에 당사 간의 매매 계약이 성립됩니다.
재고 연동 및 품절 안내: 모든 주문은 실시간 재고 확보를 전제로 합니다. 단, 시스템 반영 시차로 인해 결제 완료 후 품절이 발생할 수 있으며, 이 경우 즉시 이메일/문자로 안
내 후 자동 취소 및 전액 환불 절차가 진행됩니다.
주문 제한 규정: 타인의 명의 도용, 매크로 등 불법 프로그램 이용, 재판매(리셀) 목적의 대량 주문으로 판단될 경우 회사는 사전 통보 없이 해당 주문을 임의 취소할 수 있습
니다.

[정책 문서 2: 전자상거래_표준약관.pdf]
1. 재화 등의 검색 및 선택

2. 받는 사람의 성명, 주소, 전화번호, 전자우편주소(또는 이동전화번호) 등의
입력

3. 약관내용, 청약철회권이 제한되는 서비스, 배송료 ․ 설치비 등의 비용부담과
관련한 내용에 대한 확인

4. 이 약관에 동의하고 위 3.호의 사항을 확인하거나 거부하는 표시
(예, 마우스 클릭)

5. 재화등의 구매신청 및 이에 관한 확인 또는 “몰”의 확인에 대한 동의

6. 결제방법의 선택

② “몰”이 제3자에게 구매자 개인정보를 제공할 필요가 있는 경우 1) 개인정보를
제공받는 자, 2)개인정보를 제공받는 자의 개인정보 이용목적, 3) 제공하는 개
인정보의 항목, 4) 개인정보를 제공받는 자의 개인정보 보유 및 이용기간을 구
매자에게 알리고 동의를 받아야 합니다. (동의를 받은 사항이 변경되는 경우에
도 같습니다.)

[정책 문서 3: 쇼핑몰 이용약관 및 운영정책.pdf]
금액·기간 등 수치 정보는 원문 그대로 정확히 인용하고, 임의로 추정하지 않습니다.
법정대리인 동의, 분쟁조정 등 법적 절차가 필요한 문의는 최종 처리 결과를 단정하지 말고 ""확인 후 안내드리겠습니다"" 형태로 고객센터 상담 연결을 병행 안내합니
다.",8.7633
128,주문,주문하기,처리 과정을 알려주세요. 상품을 다른 상품과 함께 주문할 수 있나요? 자세한 절차도 함께 안내해 주세요.,상품 상세 페이지에서 옵션과 수량을 선택한 후 [구매하기]를 누르거나 [장바구니]에 담아 결제를 진행해 주세요.,"[""상품 상세 페이지에서 옵션과 수량을 선택한 후 [구매하기]를 누르거나 [장바구니]에 담아 주문을 진행해 주세요.""]","[정책 문서 1: 쇼핑몰 이용약관 및 운영정책.pdf]
1. 주문 정책 (Ordering Policy)

1.1 주문 접수 및 계약 성립 기준
주문 진행 절차: 원하는 상품의 상세 페이지에서 옵션과 수량을 선택한 후 [구매하기]를 누르거나 [장바구니]에 담아 결제를 진행합니다.
주문 성립 시점: 고객이 상품을 선택하여 결제를 완료하고, 시스템에서 [주문 완료] 메시지 또는 알림(이메일/알림톡)이 발송된 시점에 당사 간의 매매 계약이 성립됩니다.
재고 연동 및 품절 안내: 모든 주문은 실시간 재고 확보를 전제로 합니다. 단, 시스템 반영 시차로 인해 결제 완료 후 품절이 발생할 수 있으며, 이 경우 즉시 이메일/문자로 안
내 후 자동 취소 및 전액 환불 절차가 진행됩니다.
주문 제한 규정: 타인의 명의 도용, 매크로 등 불법 프로그램 이용, 재판매(리셀) 목적의 대량 주문으로 판단될 경우 회사는 사전 통보 없이 해당 주문을 임의 취소할 수 있습
니다.

[정책 문서 2: 쇼핑몰 이용약관 및 운영정책.pdf]
금액·기간 등 수치 정보는 원문 그대로 정확히 인용하고, 임의로 추정하지 않습니다.
법정대리인 동의, 분쟁조정 등 법적 절차가 필요한 문의는 최종 처리 결과를 단정하지 말고 ""확인 후 안내드리겠습니다"" 형태로 고객센터 상담 연결을 병행 안내합니
다.

[정책 문서 3: 쇼핑몰 이용약관 및 운영정책.pdf]
3. 주문 취소 정책 (Cancellation Policy)
주문 취소 가능 여부는 배송 진행 단계에 따라 엄격하게 구분됩니다.
입금대기 / 결제완료 — 즉시 취소 가능
: 마이페이지에서 고객이 직접 즉시 취소 처리할 수 있습니다.
상품 준비 중 — 취소 거절 가능
: 포장 및 출고 상태에 따라 취소가 제한되거나 거절될 수 있습니다.
배송 중 — 취소 불가
: 이미 출고되어 배송이 시작된 건은 취소가 불가하며, 상품 수령 후 반품 절차를 통해서만 환불이 가능합니다.",7.9616
129,주문,주문하기,현재 상황을 확인하고 싶습니다. 장바구니에서 상품 주문을 완료하는 방법이 궁금합니다. 자세한 절차도 함께 안내해 주세요.,상품 상세 페이지에서 옵션과 수량을 선택한 후 [구매하기]를 누르거나 [장바구니]에 담아 결제를 진행해 주세요.,"[""상품 상세 페이지에서 옵션과 수량을 선택한 후 [구매하기]를 누르거나 [장바구니]에 담아 주문을 진행해 주세요.""]","[정책 문서 1: 쇼핑몰 이용약관 및 운영정책.pdf]
1. 주문 정책 (Ordering Policy)

1.1 주문 접수 및 계약 성립 기준
주문 진행 절차: 원하는 상품의 상세 페이지에서 옵션과 수량을 선택한 후 [구매하기]를 누르거나 [장바구니]에 담아 결제를 진행합니다.
주문 성립 시점: 고객이 상품을 선택하여 결제를 완료하고, 시스템에서 [주문 완료] 메시지 또는 알림(이메일/알림톡)이 발송된 시점에 당사 간의 매매 계약이 성립됩니다.
재고 연동 및 품절 안내: 모든 주문은 실시간 재고 확보를 전제로 합니다. 단, 시스템 반영 시차로 인해 결제 완료 후 품절이 발생할 수 있으며, 이 경우 즉시 이메일/문자로 안
내 후 자동 취소 및 전액 환불 절차가 진행됩니다.
주문 제한 규정: 타인의 명의 도용, 매크로 등 불법 프로그램 이용, 재판매(리셀) 목적의 대량 주문으로 판단될 경우 회사는 사전 통보 없이 해당 주문을 임의 취소할 수 있습
니다.

[정책 문서 2: 쇼핑몰 이용약관 및 운영정책.pdf]
4.5 환불 진행 상황 조회 방법
[마이페이지 > 주문내역 > 환불/취소 내역]에서 처리 단계(반품 접수 → 입고 확인 → 검품 승인 → 환불 처리 완료)를 실시간으로 확인할 수 있습니다.
검품 승인 이후 4.4항의 환불 소요 기간이 지나도 반영되지 않은 경우, 결제 수단과 반품 승인일을 확인한 뒤 고객센터로 문의해야 합니다.
부분 환불(일부 품목만 반품 등)의 경우 환불 금액이 전체 결제 금액과 다를 수 있으므로, 반품 접수 시 안내된 예상 환불 금액을 우선 확인합니다.
TIP
환불 조회 관련 팁 (RAG 응답 기준)
""환불 언제 되나요""라는 문의는 먼저 [마이페이지] 조회 경로를 안내하고, 4.4항의 결제 수단별 소요 기간 이내인지 확인한 뒤, 소요 기간을 초과한 경우에만 고객센터 개별 확인으로
연결합니다.

[정책 문서 3: 쇼핑몰 이용약관 및 운영정책.pdf]
1.3 주문 상품 구성(품목·옵션·수량) 변경 불가 안내
배송지·수령인 정보와 달리, 이미 결제 완료된 주문의 
상품 품목, 옵션(색상/사이즈 등), 수량
은 주문 상태와 무관하게 변경이 불가합니다.
변경이 필요한 경우 기존 주문을 취소한 후 원하는 구성으로 다시 주문해야 하며, 이미 '상품 준비 중' 이후 단계라면 취소 불가 규정(3항)이 함께 적용됩니다.
수량을 늘리고 싶은 경우도 기존 주문 수정이 아닌 신규 주문으로 진행해야 합니다.
TIP
주문 관련 팁 (RAG 응답 기준)
고객이 주문 후 배송지 변경을 요청할 때, 주문 상태가 '결제 완료' 이하인지 먼저 확인해야 합니다. 이미 '상품 준비 중'으로 변경된 경우 물류 시스템 특성상 자동 수정이 불가능합니
다.

2. 결제 정책 (Payment Policy)",9.5674
130,주문,주문하기,온라인에서 처리하려고 합니다. 상품을 처음 주문하는데 절차를 안내해 주세요. 자세한 절차도 함께 안내해 주세요.,상품 상세 페이지에서 옵션과 수량을 선택한 후 [구매하기]를 누르거나 [장바구니]에 담아 결제를 진행해 주세요.,"[""상품 상세 페이지에서 옵션과 수량을 선택한 후 [구매하기]를 누르거나 [장바구니]에 담아 주문을 진행해 주세요.""]","[정책 문서 1: 쇼핑몰 이용약관 및 운영정책.pdf]
1. 주문 정책 (Ordering Policy)

1.1 주문 접수 및 계약 성립 기준
주문 진행 절차: 원하는 상품의 상세 페이지에서 옵션과 수량을 선택한 후 [구매하기]를 누르거나 [장바구니]에 담아 결제를 진행합니다.
주문 성립 시점: 고객이 상품을 선택하여 결제를 완료하고, 시스템에서 [주문 완료] 메시지 또는 알림(이메일/알림톡)이 발송된 시점에 당사 간의 매매 계약이 성립됩니다.
재고 연동 및 품절 안내: 모든 주문은 실시간 재고 확보를 전제로 합니다. 단, 시스템 반영 시차로 인해 결제 완료 후 품절이 발생할 수 있으며, 이 경우 즉시 이메일/문자로 안
내 후 자동 취소 및 전액 환불 절차가 진행됩니다.
주문 제한 규정: 타인의 명의 도용, 매크로 등 불법 프로그램 이용, 재판매(리셀) 목적의 대량 주문으로 판단될 경우 회사는 사전 통보 없이 해당 주문을 임의 취소할 수 있습
니다.

[정책 문서 2: 전자상거래_표준약관.pdf]
1. 재화 등의 검색 및 선택

2. 받는 사람의 성명, 주소, 전화번호, 전자우편주소(또는 이동전화번호) 등의
입력

3. 약관내용, 청약철회권이 제한되는 서비스, 배송료 ․ 설치비 등의 비용부담과
관련한 내용에 대한 확인

4. 이 약관에 동의하고 위 3.호의 사항을 확인하거나 거부하는 표시
(예, 마우스 클릭)

5. 재화등의 구매신청 및 이에 관한 확인 또는 “몰”의 확인에 대한 동의

6. 결제방법의 선택

② “몰”이 제3자에게 구매자 개인정보를 제공할 필요가 있는 경우 1) 개인정보를
제공받는 자, 2)개인정보를 제공받는 자의 개인정보 이용목적, 3) 제공하는 개
인정보의 항목, 4) 개인정보를 제공받는 자의 개인정보 보유 및 이용기간을 구
매자에게 알리고 동의를 받아야 합니다. (동의를 받은 사항이 변경되는 경우에
도 같습니다.)

[정책 문서 3: 전자상거래_표준약관.pdf]
2. 선불카드, 직불카드, 신용카드 등의 각종 카드 결제

3. 온라인무통장입금

4. 전자화폐에 의한 결제

5. 수령 시 대금지급

6. 마일리지 등 “몰”이 지급한 포인트에 의한 결제
7. “몰”과 계약을 맺었거나 “몰”이 인정한 상품권에 의한 결제 

8. 기타 전자적 지급 방법에 의한 대금 지급 등

제12조(수신확인통지 ․ 구매신청 변경 및 취소)

① “몰”은 이용자의 구매신청이 있는 경우 이용자에게 수신확인통지를 합니다.

② 수신확인통지를 받은 이용자는 의사표시의 불일치 등이 있는 경우에는 수신확인
통지를 받은 후 즉시 구매신청 변경 및 취소를 요청할 수 있고 “몰”은 배송 전
에 이용자의 요청이 있는 경우에는 지체 없이 그 요청에 따라 처리하여야 합니
다. 다만 이미 대금을 지불한 경우에는 제15조의 청약철회 등에 관한 규정에 따
릅니다.

제13조(재화 등의 공급)",10.5059
131,주문,주문하기,정확한 기준을 알고 싶습니다. 상품을 구매하고 싶습니다. 자세한 절차도 함께 안내해 주세요.,상품 상세 페이지에서 옵션과 수량을 선택한 후 [구매하기]를 누르거나 [장바구니]에 담아 결제를 진행해 주세요.,"[""상품 상세 페이지에서 옵션과 수량을 선택한 후 [구매하기]를 누르거나 [장바구니]에 담아 주문을 진행해 주세요.""]","[정책 문서 1: 쇼핑몰 이용약관 및 운영정책.pdf]
1. 주문 정책 (Ordering Policy)

1.1 주문 접수 및 계약 성립 기준
주문 진행 절차: 원하는 상품의 상세 페이지에서 옵션과 수량을 선택한 후 [구매하기]를 누르거나 [장바구니]에 담아 결제를 진행합니다.
주문 성립 시점: 고객이 상품을 선택하여 결제를 완료하고, 시스템에서 [주문 완료] 메시지 또는 알림(이메일/알림톡)이 발송된 시점에 당사 간의 매매 계약이 성립됩니다.
재고 연동 및 품절 안내: 모든 주문은 실시간 재고 확보를 전제로 합니다. 단, 시스템 반영 시차로 인해 결제 완료 후 품절이 발생할 수 있으며, 이 경우 즉시 이메일/문자로 안
내 후 자동 취소 및 전액 환불 절차가 진행됩니다.
주문 제한 규정: 타인의 명의 도용, 매크로 등 불법 프로그램 이용, 재판매(리셀) 목적의 대량 주문으로 판단될 경우 회사는 사전 통보 없이 해당 주문을 임의 취소할 수 있습
니다.

[정책 문서 2: 전자상거래_표준약관.pdf]
1. 재화 등의 검색 및 선택

2. 받는 사람의 성명, 주소, 전화번호, 전자우편주소(또는 이동전화번호) 등의
입력

3. 약관내용, 청약철회권이 제한되는 서비스, 배송료 ․ 설치비 등의 비용부담과
관련한 내용에 대한 확인

4. 이 약관에 동의하고 위 3.호의 사항을 확인하거나 거부하는 표시
(예, 마우스 클릭)

5. 재화등의 구매신청 및 이에 관한 확인 또는 “몰”의 확인에 대한 동의

6. 결제방법의 선택

② “몰”이 제3자에게 구매자 개인정보를 제공할 필요가 있는 경우 1) 개인정보를
제공받는 자, 2)개인정보를 제공받는 자의 개인정보 이용목적, 3) 제공하는 개
인정보의 항목, 4) 개인정보를 제공받는 자의 개인정보 보유 및 이용기간을 구
매자에게 알리고 동의를 받아야 합니다. (동의를 받은 사항이 변경되는 경우에
도 같습니다.)

[정책 문서 3: 쇼핑몰 이용약관 및 운영정책.pdf]
금액·기간 등 수치 정보는 원문 그대로 정확히 인용하고, 임의로 추정하지 않습니다.
법정대리인 동의, 분쟁조정 등 법적 절차가 필요한 문의는 최종 처리 결과를 단정하지 말고 ""확인 후 안내드리겠습니다"" 형태로 고객센터 상담 연결을 병행 안내합니
다.",8.6793
132,주문,주문하기,정확한 기준을 알고 싶습니다. 상품을 처음 주문하는데 절차를 안내해 주세요. 자세한 절차도 함께 안내해 주세요.,상품 상세 페이지에서 옵션과 수량을 선택한 후 [구매하기]를 누르거나 [장바구니]에 담아 결제를 진행해 주세요.,"[""상품 상세 페이지에서 옵션과 수량을 선택한 후 [구매하기]를 누르거나 [장바구니]에 담아 주문을 진행해 주세요.""]","[정책 문서 1: 쇼핑몰 이용약관 및 운영정책.pdf]
1. 주문 정책 (Ordering Policy)

1.1 주문 접수 및 계약 성립 기준
주문 진행 절차: 원하는 상품의 상세 페이지에서 옵션과 수량을 선택한 후 [구매하기]를 누르거나 [장바구니]에 담아 결제를 진행합니다.
주문 성립 시점: 고객이 상품을 선택하여 결제를 완료하고, 시스템에서 [주문 완료] 메시지 또는 알림(이메일/알림톡)이 발송된 시점에 당사 간의 매매 계약이 성립됩니다.
재고 연동 및 품절 안내: 모든 주문은 실시간 재고 확보를 전제로 합니다. 단, 시스템 반영 시차로 인해 결제 완료 후 품절이 발생할 수 있으며, 이 경우 즉시 이메일/문자로 안
내 후 자동 취소 및 전액 환불 절차가 진행됩니다.
주문 제한 규정: 타인의 명의 도용, 매크로 등 불법 프로그램 이용, 재판매(리셀) 목적의 대량 주문으로 판단될 경우 회사는 사전 통보 없이 해당 주문을 임의 취소할 수 있습
니다.

[정책 문서 2: 전자상거래_표준약관.pdf]
1. 재화 등의 검색 및 선택

2. 받는 사람의 성명, 주소, 전화번호, 전자우편주소(또는 이동전화번호) 등의
입력

3. 약관내용, 청약철회권이 제한되는 서비스, 배송료 ․ 설치비 등의 비용부담과
관련한 내용에 대한 확인

4. 이 약관에 동의하고 위 3.호의 사항을 확인하거나 거부하는 표시
(예, 마우스 클릭)

5. 재화등의 구매신청 및 이에 관한 확인 또는 “몰”의 확인에 대한 동의

6. 결제방법의 선택

② “몰”이 제3자에게 구매자 개인정보를 제공할 필요가 있는 경우 1) 개인정보를
제공받는 자, 2)개인정보를 제공받는 자의 개인정보 이용목적, 3) 제공하는 개
인정보의 항목, 4) 개인정보를 제공받는 자의 개인정보 보유 및 이용기간을 구
매자에게 알리고 동의를 받아야 합니다. (동의를 받은 사항이 변경되는 경우에
도 같습니다.)

[정책 문서 3: 쇼핑몰 이용약관 및 운영정책.pdf]
1.3 주문 상품 구성(품목·옵션·수량) 변경 불가 안내
배송지·수령인 정보와 달리, 이미 결제 완료된 주문의 
상품 품목, 옵션(색상/사이즈 등), 수량
은 주문 상태와 무관하게 변경이 불가합니다.
변경이 필요한 경우 기존 주문을 취소한 후 원하는 구성으로 다시 주문해야 하며, 이미 '상품 준비 중' 이후 단계라면 취소 불가 규정(3항)이 함께 적용됩니다.
수량을 늘리고 싶은 경우도 기존 주문 수정이 아닌 신규 주문으로 진행해야 합니다.
TIP
주문 관련 팁 (RAG 응답 기준)
고객이 주문 후 배송지 변경을 요청할 때, 주문 상태가 '결제 완료' 이하인지 먼저 확인해야 합니다. 이미 '상품 준비 중'으로 변경된 경우 물류 시스템 특성상 자동 수정이 불가능합니
다.

2. 결제 정책 (Payment Policy)",9.4358
133,주문,주문하기,문의드립니다. 상품을 주문하는 방법을 알려주세요. 가능한 처리 방법을 알려주세요.,상품 상세 페이지에서 옵션과 수량을 선택한 후 [구매하기]를 누르거나 [장바구니]에 담아 결제를 진행해 주세요.,"[""상품 상세 페이지에서 옵션과 수량을 선택한 후 [구매하기]를 누르거나 [장바구니]에 담아 주문을 진행해 주세요.""]","[정책 문서 1: 쇼핑몰 이용약관 및 운영정책.pdf]
1. 주문 정책 (Ordering Policy)

1.1 주문 접수 및 계약 성립 기준
주문 진행 절차: 원하는 상품의 상세 페이지에서 옵션과 수량을 선택한 후 [구매하기]를 누르거나 [장바구니]에 담아 결제를 진행합니다.
주문 성립 시점: 고객이 상품을 선택하여 결제를 완료하고, 시스템에서 [주문 완료] 메시지 또는 알림(이메일/알림톡)이 발송된 시점에 당사 간의 매매 계약이 성립됩니다.
재고 연동 및 품절 안내: 모든 주문은 실시간 재고 확보를 전제로 합니다. 단, 시스템 반영 시차로 인해 결제 완료 후 품절이 발생할 수 있으며, 이 경우 즉시 이메일/문자로 안
내 후 자동 취소 및 전액 환불 절차가 진행됩니다.
주문 제한 규정: 타인의 명의 도용, 매크로 등 불법 프로그램 이용, 재판매(리셀) 목적의 대량 주문으로 판단될 경우 회사는 사전 통보 없이 해당 주문을 임의 취소할 수 있습
니다.

[정책 문서 2: 전자상거래_표준약관.pdf]
2. 선불카드, 직불카드, 신용카드 등의 각종 카드 결제

3. 온라인무통장입금

4. 전자화폐에 의한 결제

5. 수령 시 대금지급

6. 마일리지 등 “몰”이 지급한 포인트에 의한 결제
7. “몰”과 계약을 맺었거나 “몰”이 인정한 상품권에 의한 결제 

8. 기타 전자적 지급 방법에 의한 대금 지급 등

제12조(수신확인통지 ․ 구매신청 변경 및 취소)

① “몰”은 이용자의 구매신청이 있는 경우 이용자에게 수신확인통지를 합니다.

② 수신확인통지를 받은 이용자는 의사표시의 불일치 등이 있는 경우에는 수신확인
통지를 받은 후 즉시 구매신청 변경 및 취소를 요청할 수 있고 “몰”은 배송 전
에 이용자의 요청이 있는 경우에는 지체 없이 그 요청에 따라 처리하여야 합니
다. 다만 이미 대금을 지불한 경우에는 제15조의 청약철회 등에 관한 규정에 따
릅니다.

제13조(재화 등의 공급)

[정책 문서 3: 쇼핑몰 이용약관 및 운영정책.pdf]
3. 주문 취소 정책 (Cancellation Policy)
주문 취소 가능 여부는 배송 진행 단계에 따라 엄격하게 구분됩니다.
입금대기 / 결제완료 — 즉시 취소 가능
: 마이페이지에서 고객이 직접 즉시 취소 처리할 수 있습니다.
상품 준비 중 — 취소 거절 가능
: 포장 및 출고 상태에 따라 취소가 제한되거나 거절될 수 있습니다.
배송 중 — 취소 불가
: 이미 출고되어 배송이 시작된 건은 취소가 불가하며, 상품 수령 후 반품 절차를 통해서만 환불이 가능합니다.",9.1127
134,주문,주문하기,문의드립니다. 상품을 구매하고 싶습니다. 가능한 처리 방법을 알려주세요.,상품 상세 페이지에서 옵션과 수량을 선택한 후 [구매하기]를 누르거나 [장바구니]에 담아 결제를 진행해 주세요.,"[""상품 상세 페이지에서 옵션과 수량을 선택한 후 [구매하기]를 누르거나 [장바구니]에 담아 주문을 진행해 주세요.""]","[정책 문서 1: 쇼핑몰 이용약관 및 운영정책.pdf]
1. 주문 정책 (Ordering Policy)

1.1 주문 접수 및 계약 성립 기준
주문 진행 절차: 원하는 상품의 상세 페이지에서 옵션과 수량을 선택한 후 [구매하기]를 누르거나 [장바구니]에 담아 결제를 진행합니다.
주문 성립 시점: 고객이 상품을 선택하여 결제를 완료하고, 시스템에서 [주문 완료] 메시지 또는 알림(이메일/알림톡)이 발송된 시점에 당사 간의 매매 계약이 성립됩니다.
재고 연동 및 품절 안내: 모든 주문은 실시간 재고 확보를 전제로 합니다. 단, 시스템 반영 시차로 인해 결제 완료 후 품절이 발생할 수 있으며, 이 경우 즉시 이메일/문자로 안
내 후 자동 취소 및 전액 환불 절차가 진행됩니다.
주문 제한 규정: 타인의 명의 도용, 매크로 등 불법 프로그램 이용, 재판매(리셀) 목적의 대량 주문으로 판단될 경우 회사는 사전 통보 없이 해당 주문을 임의 취소할 수 있습
니다.

[정책 문서 2: 전자상거래_표준약관.pdf]
2. 선불카드, 직불카드, 신용카드 등의 각종 카드 결제

3. 온라인무통장입금

4. 전자화폐에 의한 결제

5. 수령 시 대금지급

6. 마일리지 등 “몰”이 지급한 포인트에 의한 결제
7. “몰”과 계약을 맺었거나 “몰”이 인정한 상품권에 의한 결제 

8. 기타 전자적 지급 방법에 의한 대금 지급 등

제12조(수신확인통지 ․ 구매신청 변경 및 취소)

① “몰”은 이용자의 구매신청이 있는 경우 이용자에게 수신확인통지를 합니다.

② 수신확인통지를 받은 이용자는 의사표시의 불일치 등이 있는 경우에는 수신확인
통지를 받은 후 즉시 구매신청 변경 및 취소를 요청할 수 있고 “몰”은 배송 전
에 이용자의 요청이 있는 경우에는 지체 없이 그 요청에 따라 처리하여야 합니
다. 다만 이미 대금을 지불한 경우에는 제15조의 청약철회 등에 관한 규정에 따
릅니다.

제13조(재화 등의 공급)

[정책 문서 3: 전자상거래_표준약관.pdf]
1. 신청 내용에 허위, 기재누락, 오기가 있는 경우

2. 미성년자가 담배, 주류 등 청소년보호법에서 금지하는 재화 및 용역을 구매하
는 경우

3. 기타 구매신청에 승낙하는 것이 “몰” 기술상 현저히 지장이 있다고 판단하
는 경우

② “몰”의 승낙이 제12조제1항의 수신확인통지형태로 이용자에게 도달한 시점에
계약이 성립한 것으로 봅니다.

③ “몰”의 승낙의 의사표시에는 이용자의 구매 신청에 대한 확인 및 판매가능 여
부, 구매신청의 정정 취소 등에 관한 정보 등을 포함하여야 합니다.

제11조(지급방법) “몰”에서 구매한 재화 또는 용역에 대한 대금지급방법은 다음
각 호의 방법중 가용한 방법으로 할 수 있습니다. 단, “몰”은 이용자의 지급방법
에 대하여 재화 등의 대금에 어떠한 명목의 수수료도 추가하여 징수할 수 없습니
다.

1. 폰뱅킹, 인터넷뱅킹, 메일 뱅킹 등의 각종 계좌이체

2. 선불카드, 직불카드, 신용카드 등의 각종 카드 결제

3. 온라인무통장입금",10.5888
135,주문,주문하기,도움이 필요합니다. 상품을 구매하고 싶습니다. 가능한 처리 방법을 알려주세요.,상품 상세 페이지에서 옵션과 수량을 선택한 후 [구매하기]를 누르거나 [장바구니]에 담아 결제를 진행해 주세요.,"[""상품 상세 페이지에서 옵션과 수량을 선택한 후 [구매하기]를 누르거나 [장바구니]에 담아 주문을 진행해 주세요.""]","[정책 문서 1: 쇼핑몰 이용약관 및 운영정책.pdf]
1. 주문 정책 (Ordering Policy)

1.1 주문 접수 및 계약 성립 기준
주문 진행 절차: 원하는 상품의 상세 페이지에서 옵션과 수량을 선택한 후 [구매하기]를 누르거나 [장바구니]에 담아 결제를 진행합니다.
주문 성립 시점: 고객이 상품을 선택하여 결제를 완료하고, 시스템에서 [주문 완료] 메시지 또는 알림(이메일/알림톡)이 발송된 시점에 당사 간의 매매 계약이 성립됩니다.
재고 연동 및 품절 안내: 모든 주문은 실시간 재고 확보를 전제로 합니다. 단, 시스템 반영 시차로 인해 결제 완료 후 품절이 발생할 수 있으며, 이 경우 즉시 이메일/문자로 안
내 후 자동 취소 및 전액 환불 절차가 진행됩니다.
주문 제한 규정: 타인의 명의 도용, 매크로 등 불법 프로그램 이용, 재판매(리셀) 목적의 대량 주문으로 판단될 경우 회사는 사전 통보 없이 해당 주문을 임의 취소할 수 있습
니다.

[정책 문서 2: 전자상거래_표준약관.pdf]
2. 선불카드, 직불카드, 신용카드 등의 각종 카드 결제

3. 온라인무통장입금

4. 전자화폐에 의한 결제

5. 수령 시 대금지급

6. 마일리지 등 “몰”이 지급한 포인트에 의한 결제
7. “몰”과 계약을 맺었거나 “몰”이 인정한 상품권에 의한 결제 

8. 기타 전자적 지급 방법에 의한 대금 지급 등

제12조(수신확인통지 ․ 구매신청 변경 및 취소)

① “몰”은 이용자의 구매신청이 있는 경우 이용자에게 수신확인통지를 합니다.

② 수신확인통지를 받은 이용자는 의사표시의 불일치 등이 있는 경우에는 수신확인
통지를 받은 후 즉시 구매신청 변경 및 취소를 요청할 수 있고 “몰”은 배송 전
에 이용자의 요청이 있는 경우에는 지체 없이 그 요청에 따라 처리하여야 합니
다. 다만 이미 대금을 지불한 경우에는 제15조의 청약철회 등에 관한 규정에 따
릅니다.

제13조(재화 등의 공급)

[정책 문서 3: 쇼핑몰 이용약관 및 운영정책.pdf]
3. 주문 취소 정책 (Cancellation Policy)
주문 취소 가능 여부는 배송 진행 단계에 따라 엄격하게 구분됩니다.
입금대기 / 결제완료 — 즉시 취소 가능
: 마이페이지에서 고객이 직접 즉시 취소 처리할 수 있습니다.
상품 준비 중 — 취소 거절 가능
: 포장 및 출고 상태에 따라 취소가 제한되거나 거절될 수 있습니다.
배송 중 — 취소 불가
: 이미 출고되어 배송이 시작된 건은 취소가 불가하며, 상품 수령 후 반품 절차를 통해서만 환불이 가능합니다.",9.6909
136,주문,주문하기,자세한 안내 부탁드립니다. 상품을 처음 주문하는데 절차를 안내해 주세요. 가능한 처리 방법을 알려주세요.,상품 상세 페이지에서 옵션과 수량을 선택한 후 [구매하기]를 누르거나 [장바구니]에 담아 결제를 진행해 주세요. 결제 과정에서 고객님의 계정에 로그인하거나 새 계정을 만들 수 있습니다. 로그인한 후에는 [내 계정] 또는 [프로필] 섹션으로 이동하여 [주문 내역] 또는 [주문 추적] 탭을 찾아 주세요. 여기에서 주문을 확인하고 필요한 경우 주문을 취소할 수 있습니다.,"[""상품 상세 페이지에서 옵션과 수량을 선택한 후 [구매하기]를 누르거나 [장바구니]에 담아 주문을 진행해 주세요.""]","[정책 문서 1: 쇼핑몰 이용약관 및 운영정책.pdf]
1. 주문 정책 (Ordering Policy)

1.1 주문 접수 및 계약 성립 기준
주문 진행 절차: 원하는 상품의 상세 페이지에서 옵션과 수량을 선택한 후 [구매하기]를 누르거나 [장바구니]에 담아 결제를 진행합니다.
주문 성립 시점: 고객이 상품을 선택하여 결제를 완료하고, 시스템에서 [주문 완료] 메시지 또는 알림(이메일/알림톡)이 발송된 시점에 당사 간의 매매 계약이 성립됩니다.
재고 연동 및 품절 안내: 모든 주문은 실시간 재고 확보를 전제로 합니다. 단, 시스템 반영 시차로 인해 결제 완료 후 품절이 발생할 수 있으며, 이 경우 즉시 이메일/문자로 안
내 후 자동 취소 및 전액 환불 절차가 진행됩니다.
주문 제한 규정: 타인의 명의 도용, 매크로 등 불법 프로그램 이용, 재판매(리셀) 목적의 대량 주문으로 판단될 경우 회사는 사전 통보 없이 해당 주문을 임의 취소할 수 있습
니다.

[정책 문서 2: 전자상거래_표준약관.pdf]
1. 재화 등의 검색 및 선택

2. 받는 사람의 성명, 주소, 전화번호, 전자우편주소(또는 이동전화번호) 등의
입력

3. 약관내용, 청약철회권이 제한되는 서비스, 배송료 ․ 설치비 등의 비용부담과
관련한 내용에 대한 확인

4. 이 약관에 동의하고 위 3.호의 사항을 확인하거나 거부하는 표시
(예, 마우스 클릭)

5. 재화등의 구매신청 및 이에 관한 확인 또는 “몰”의 확인에 대한 동의

6. 결제방법의 선택

② “몰”이 제3자에게 구매자 개인정보를 제공할 필요가 있는 경우 1) 개인정보를
제공받는 자, 2)개인정보를 제공받는 자의 개인정보 이용목적, 3) 제공하는 개
인정보의 항목, 4) 개인정보를 제공받는 자의 개인정보 보유 및 이용기간을 구
매자에게 알리고 동의를 받아야 합니다. (동의를 받은 사항이 변경되는 경우에
도 같습니다.)

[정책 문서 3: 쇼핑몰 이용약관 및 운영정책.pdf]
3. 주문 취소 정책 (Cancellation Policy)
주문 취소 가능 여부는 배송 진행 단계에 따라 엄격하게 구분됩니다.
입금대기 / 결제완료 — 즉시 취소 가능
: 마이페이지에서 고객이 직접 즉시 취소 처리할 수 있습니다.
상품 준비 중 — 취소 거절 가능
: 포장 및 출고 상태에 따라 취소가 제한되거나 거절될 수 있습니다.
배송 중 — 취소 불가
: 이미 출고되어 배송이 시작된 건은 취소가 불가하며, 상품 수령 후 반품 절차를 통해서만 환불이 가능합니다.",17.2744
137,주문,주문하기,이용 중 궁금한 점이 있습니다. 장바구니에서 상품 주문을 완료하는 방법이 궁금합니다. 가능한 처리 방법을 알려주세요.,상품 상세 페이지에서 옵션과 수량을 선택한 후 [구매하기]를 누르거나 [장바구니]에 담아 결제를 진행해 주세요.,"[""상품 상세 페이지에서 옵션과 수량을 선택한 후 [구매하기]를 누르거나 [장바구니]에 담아 주문을 진행해 주세요.""]","[정책 문서 1: 쇼핑몰 이용약관 및 운영정책.pdf]
1. 주문 정책 (Ordering Policy)

1.1 주문 접수 및 계약 성립 기준
주문 진행 절차: 원하는 상품의 상세 페이지에서 옵션과 수량을 선택한 후 [구매하기]를 누르거나 [장바구니]에 담아 결제를 진행합니다.
주문 성립 시점: 고객이 상품을 선택하여 결제를 완료하고, 시스템에서 [주문 완료] 메시지 또는 알림(이메일/알림톡)이 발송된 시점에 당사 간의 매매 계약이 성립됩니다.
재고 연동 및 품절 안내: 모든 주문은 실시간 재고 확보를 전제로 합니다. 단, 시스템 반영 시차로 인해 결제 완료 후 품절이 발생할 수 있으며, 이 경우 즉시 이메일/문자로 안
내 후 자동 취소 및 전액 환불 절차가 진행됩니다.
주문 제한 규정: 타인의 명의 도용, 매크로 등 불법 프로그램 이용, 재판매(리셀) 목적의 대량 주문으로 판단될 경우 회사는 사전 통보 없이 해당 주문을 임의 취소할 수 있습
니다.

[정책 문서 2: 쇼핑몰 이용약관 및 운영정책.pdf]
2. 결제 정책 (Payment Policy)

2.1 지원 결제 수단
신용/체크카드: 국내외 주요 카드사 승인 지원 (전자결제 PG사 연동)
간편결제: 네이버페이, 카카오페이, 토스페이, 페이코 등
실시간 계좌이체 및 가상계좌: 본인 명의 계좌를 통한 이체 및 주문별 전용 계좌 발급
포인트 및 쿠폰: 회사 규정에 따라 발급된 적립금 및 할인 쿠폰 복합 사용 가능

2.2 가상계좌(무통장입금) 입금 기한 및 오입금 처리
주의
가상계좌 입금 유의사항
· 입금 유효 기간: 발급 시점으로부터 24시간 이내에 입금해야 하며, 미입금 시 주문은 자동 취소됩니다.
· 오입금 처리: 주문 금액과 실제 입금액이 불일치하거나 입금자명이 다른 경우 자동 처리되지 않으므로, 입금증을 첨부하여 고객센터로 수동 확인을 요청해야 합니다.

[정책 문서 3: 전자상거래_표준약관.pdf]
2. 선불카드, 직불카드, 신용카드 등의 각종 카드 결제

3. 온라인무통장입금

4. 전자화폐에 의한 결제

5. 수령 시 대금지급

6. 마일리지 등 “몰”이 지급한 포인트에 의한 결제
7. “몰”과 계약을 맺었거나 “몰”이 인정한 상품권에 의한 결제 

8. 기타 전자적 지급 방법에 의한 대금 지급 등

제12조(수신확인통지 ․ 구매신청 변경 및 취소)

① “몰”은 이용자의 구매신청이 있는 경우 이용자에게 수신확인통지를 합니다.

② 수신확인통지를 받은 이용자는 의사표시의 불일치 등이 있는 경우에는 수신확인
통지를 받은 후 즉시 구매신청 변경 및 취소를 요청할 수 있고 “몰”은 배송 전
에 이용자의 요청이 있는 경우에는 지체 없이 그 요청에 따라 처리하여야 합니
다. 다만 이미 대금을 지불한 경우에는 제15조의 청약철회 등에 관한 규정에 따
릅니다.

제13조(재화 등의 공급)",9.7361
138,주문,주문하기,직접 처리하려고 합니다. 상품의 옵션과 수량을 선택한 뒤 어떻게 주문하나요? 가능한 처리 방법을 알려주세요.,상품 상세 페이지에서 옵션과 수량을 선택한 후 [구매하기]를 누르거나 [장바구니]에 담아 결제를 진행해 주세요.,"[""상품 상세 페이지에서 옵션과 수량을 선택한 후 [구매하기]를 누르거나 [장바구니]에 담아 주문을 진행해 주세요.""]","[정책 문서 1: 쇼핑몰 이용약관 및 운영정책.pdf]
1. 주문 정책 (Ordering Policy)

1.1 주문 접수 및 계약 성립 기준
주문 진행 절차: 원하는 상품의 상세 페이지에서 옵션과 수량을 선택한 후 [구매하기]를 누르거나 [장바구니]에 담아 결제를 진행합니다.
주문 성립 시점: 고객이 상품을 선택하여 결제를 완료하고, 시스템에서 [주문 완료] 메시지 또는 알림(이메일/알림톡)이 발송된 시점에 당사 간의 매매 계약이 성립됩니다.
재고 연동 및 품절 안내: 모든 주문은 실시간 재고 확보를 전제로 합니다. 단, 시스템 반영 시차로 인해 결제 완료 후 품절이 발생할 수 있으며, 이 경우 즉시 이메일/문자로 안
내 후 자동 취소 및 전액 환불 절차가 진행됩니다.
주문 제한 규정: 타인의 명의 도용, 매크로 등 불법 프로그램 이용, 재판매(리셀) 목적의 대량 주문으로 판단될 경우 회사는 사전 통보 없이 해당 주문을 임의 취소할 수 있습
니다.

[정책 문서 2: 쇼핑몰 이용약관 및 운영정책.pdf]
1.3 주문 상품 구성(품목·옵션·수량) 변경 불가 안내
배송지·수령인 정보와 달리, 이미 결제 완료된 주문의 
상품 품목, 옵션(색상/사이즈 등), 수량
은 주문 상태와 무관하게 변경이 불가합니다.
변경이 필요한 경우 기존 주문을 취소한 후 원하는 구성으로 다시 주문해야 하며, 이미 '상품 준비 중' 이후 단계라면 취소 불가 규정(3항)이 함께 적용됩니다.
수량을 늘리고 싶은 경우도 기존 주문 수정이 아닌 신규 주문으로 진행해야 합니다.
TIP
주문 관련 팁 (RAG 응답 기준)
고객이 주문 후 배송지 변경을 요청할 때, 주문 상태가 '결제 완료' 이하인지 먼저 확인해야 합니다. 이미 '상품 준비 중'으로 변경된 경우 물류 시스템 특성상 자동 수정이 불가능합니
다.

2. 결제 정책 (Payment Policy)

[정책 문서 3: 쇼핑몰 이용약관 및 운영정책.pdf]
1.2 주문 정보 변경 (배송지 및 옵션)
변경 가능 단계: 주문 상태가 '입금 대기' 또는 '결제 완료' 단계일 경우에만 [마이페이지 > 주문내역]에서 직접 변경하거나 고객센터를 통해 변경 신청이 가능합니다.
변경 불가 단계: 주문 상태가 '상품 준비 중' 또는 '배송 중'으로 전환된 이후에는 물류센터 포장 및 송장 출력 작업이 완료되어 배송지 및 옵션 변경이 불가합니다. 이 경우 상
품 수령 후 반품/교환 절차를 따라야 합니다.",9.2775
139,주문,주문하기,처리 과정을 알려주세요. 상품의 옵션과 수량을 선택한 뒤 어떻게 주문하나요? 가능한 처리 방법을 알려주세요.,상품 상세 페이지에서 옵션과 수량을 선택한 후 [구매하기]를 누르거나 [장바구니]에 담아 결제를 진행해 주세요.,"[""상품 상세 페이지에서 옵션과 수량을 선택한 후 [구매하기]를 누르거나 [장바구니]에 담아 주문을 진행해 주세요.""]","[정책 문서 1: 쇼핑몰 이용약관 및 운영정책.pdf]
1. 주문 정책 (Ordering Policy)

1.1 주문 접수 및 계약 성립 기준
주문 진행 절차: 원하는 상품의 상세 페이지에서 옵션과 수량을 선택한 후 [구매하기]를 누르거나 [장바구니]에 담아 결제를 진행합니다.
주문 성립 시점: 고객이 상품을 선택하여 결제를 완료하고, 시스템에서 [주문 완료] 메시지 또는 알림(이메일/알림톡)이 발송된 시점에 당사 간의 매매 계약이 성립됩니다.
재고 연동 및 품절 안내: 모든 주문은 실시간 재고 확보를 전제로 합니다. 단, 시스템 반영 시차로 인해 결제 완료 후 품절이 발생할 수 있으며, 이 경우 즉시 이메일/문자로 안
내 후 자동 취소 및 전액 환불 절차가 진행됩니다.
주문 제한 규정: 타인의 명의 도용, 매크로 등 불법 프로그램 이용, 재판매(리셀) 목적의 대량 주문으로 판단될 경우 회사는 사전 통보 없이 해당 주문을 임의 취소할 수 있습
니다.

[정책 문서 2: 쇼핑몰 이용약관 및 운영정책.pdf]
1.3 주문 상품 구성(품목·옵션·수량) 변경 불가 안내
배송지·수령인 정보와 달리, 이미 결제 완료된 주문의 
상품 품목, 옵션(색상/사이즈 등), 수량
은 주문 상태와 무관하게 변경이 불가합니다.
변경이 필요한 경우 기존 주문을 취소한 후 원하는 구성으로 다시 주문해야 하며, 이미 '상품 준비 중' 이후 단계라면 취소 불가 규정(3항)이 함께 적용됩니다.
수량을 늘리고 싶은 경우도 기존 주문 수정이 아닌 신규 주문으로 진행해야 합니다.
TIP
주문 관련 팁 (RAG 응답 기준)
고객이 주문 후 배송지 변경을 요청할 때, 주문 상태가 '결제 완료' 이하인지 먼저 확인해야 합니다. 이미 '상품 준비 중'으로 변경된 경우 물류 시스템 특성상 자동 수정이 불가능합니
다.

2. 결제 정책 (Payment Policy)

[정책 문서 3: 쇼핑몰 이용약관 및 운영정책.pdf]
1.2 주문 정보 변경 (배송지 및 옵션)
변경 가능 단계: 주문 상태가 '입금 대기' 또는 '결제 완료' 단계일 경우에만 [마이페이지 > 주문내역]에서 직접 변경하거나 고객센터를 통해 변경 신청이 가능합니다.
변경 불가 단계: 주문 상태가 '상품 준비 중' 또는 '배송 중'으로 전환된 이후에는 물류센터 포장 및 송장 출력 작업이 완료되어 배송지 및 옵션 변경이 불가합니다. 이 경우 상
품 수령 후 반품/교환 절차를 따라야 합니다.",8.6504
140,주문,주문하기,현재 상황을 확인하고 싶습니다. 상품을 주문하는 방법을 알려주세요. 가능한 처리 방법을 알려주세요.,상품 상세 페이지에서 옵션과 수량을 선택한 후 [구매하기]를 누르거나 [장바구니]에 담아 결제를 진행해 주세요.,"[""상품 상세 페이지에서 옵션과 수량을 선택한 후 [구매하기]를 누르거나 [장바구니]에 담아 주문을 진행해 주세요.""]","[정책 문서 1: 쇼핑몰 이용약관 및 운영정책.pdf]
1. 주문 정책 (Ordering Policy)

1.1 주문 접수 및 계약 성립 기준
주문 진행 절차: 원하는 상품의 상세 페이지에서 옵션과 수량을 선택한 후 [구매하기]를 누르거나 [장바구니]에 담아 결제를 진행합니다.
주문 성립 시점: 고객이 상품을 선택하여 결제를 완료하고, 시스템에서 [주문 완료] 메시지 또는 알림(이메일/알림톡)이 발송된 시점에 당사 간의 매매 계약이 성립됩니다.
재고 연동 및 품절 안내: 모든 주문은 실시간 재고 확보를 전제로 합니다. 단, 시스템 반영 시차로 인해 결제 완료 후 품절이 발생할 수 있으며, 이 경우 즉시 이메일/문자로 안
내 후 자동 취소 및 전액 환불 절차가 진행됩니다.
주문 제한 규정: 타인의 명의 도용, 매크로 등 불법 프로그램 이용, 재판매(리셀) 목적의 대량 주문으로 판단될 경우 회사는 사전 통보 없이 해당 주문을 임의 취소할 수 있습
니다.

[정책 문서 2: 쇼핑몰 이용약관 및 운영정책.pdf]
1.3 주문 상품 구성(품목·옵션·수량) 변경 불가 안내
배송지·수령인 정보와 달리, 이미 결제 완료된 주문의 
상품 품목, 옵션(색상/사이즈 등), 수량
은 주문 상태와 무관하게 변경이 불가합니다.
변경이 필요한 경우 기존 주문을 취소한 후 원하는 구성으로 다시 주문해야 하며, 이미 '상품 준비 중' 이후 단계라면 취소 불가 규정(3항)이 함께 적용됩니다.
수량을 늘리고 싶은 경우도 기존 주문 수정이 아닌 신규 주문으로 진행해야 합니다.
TIP
주문 관련 팁 (RAG 응답 기준)
고객이 주문 후 배송지 변경을 요청할 때, 주문 상태가 '결제 완료' 이하인지 먼저 확인해야 합니다. 이미 '상품 준비 중'으로 변경된 경우 물류 시스템 특성상 자동 수정이 불가능합니
다.

2. 결제 정책 (Payment Policy)

[정책 문서 3: 쇼핑몰 이용약관 및 운영정책.pdf]
1.2 주문 정보 변경 (배송지 및 옵션)
변경 가능 단계: 주문 상태가 '입금 대기' 또는 '결제 완료' 단계일 경우에만 [마이페이지 > 주문내역]에서 직접 변경하거나 고객센터를 통해 변경 신청이 가능합니다.
변경 불가 단계: 주문 상태가 '상품 준비 중' 또는 '배송 중'으로 전환된 이후에는 물류센터 포장 및 송장 출력 작업이 완료되어 배송지 및 옵션 변경이 불가합니다. 이 경우 상
품 수령 후 반품/교환 절차를 따라야 합니다.",8.7487
141,주문,주문하기,현재 상황을 확인하고 싶습니다. 상품을 다른 상품과 함께 주문할 수 있나요? 가능한 처리 방법을 알려주세요.,상품 상세 페이지에서 옵션과 수량을 선택한 후 [구매하기]를 누르거나 [장바구니]에 담아 결제를 진행해 주세요.,"[""상품 상세 페이지에서 옵션과 수량을 선택한 후 [구매하기]를 누르거나 [장바구니]에 담아 주문을 진행해 주세요.""]","[정책 문서 1: 쇼핑몰 이용약관 및 운영정책.pdf]
1. 주문 정책 (Ordering Policy)

1.1 주문 접수 및 계약 성립 기준
주문 진행 절차: 원하는 상품의 상세 페이지에서 옵션과 수량을 선택한 후 [구매하기]를 누르거나 [장바구니]에 담아 결제를 진행합니다.
주문 성립 시점: 고객이 상품을 선택하여 결제를 완료하고, 시스템에서 [주문 완료] 메시지 또는 알림(이메일/알림톡)이 발송된 시점에 당사 간의 매매 계약이 성립됩니다.
재고 연동 및 품절 안내: 모든 주문은 실시간 재고 확보를 전제로 합니다. 단, 시스템 반영 시차로 인해 결제 완료 후 품절이 발생할 수 있으며, 이 경우 즉시 이메일/문자로 안
내 후 자동 취소 및 전액 환불 절차가 진행됩니다.
주문 제한 규정: 타인의 명의 도용, 매크로 등 불법 프로그램 이용, 재판매(리셀) 목적의 대량 주문으로 판단될 경우 회사는 사전 통보 없이 해당 주문을 임의 취소할 수 있습
니다.

[정책 문서 2: 쇼핑몰 이용약관 및 운영정책.pdf]
1.3 주문 상품 구성(품목·옵션·수량) 변경 불가 안내
배송지·수령인 정보와 달리, 이미 결제 완료된 주문의 
상품 품목, 옵션(색상/사이즈 등), 수량
은 주문 상태와 무관하게 변경이 불가합니다.
변경이 필요한 경우 기존 주문을 취소한 후 원하는 구성으로 다시 주문해야 하며, 이미 '상품 준비 중' 이후 단계라면 취소 불가 규정(3항)이 함께 적용됩니다.
수량을 늘리고 싶은 경우도 기존 주문 수정이 아닌 신규 주문으로 진행해야 합니다.
TIP
주문 관련 팁 (RAG 응답 기준)
고객이 주문 후 배송지 변경을 요청할 때, 주문 상태가 '결제 완료' 이하인지 먼저 확인해야 합니다. 이미 '상품 준비 중'으로 변경된 경우 물류 시스템 특성상 자동 수정이 불가능합니
다.

2. 결제 정책 (Payment Policy)

[정책 문서 3: 쇼핑몰 이용약관 및 운영정책.pdf]
3. 주문 취소 정책 (Cancellation Policy)
주문 취소 가능 여부는 배송 진행 단계에 따라 엄격하게 구분됩니다.
입금대기 / 결제완료 — 즉시 취소 가능
: 마이페이지에서 고객이 직접 즉시 취소 처리할 수 있습니다.
상품 준비 중 — 취소 거절 가능
: 포장 및 출고 상태에 따라 취소가 제한되거나 거절될 수 있습니다.
배송 중 — 취소 불가
: 이미 출고되어 배송이 시작된 건은 취소가 불가하며, 상품 수령 후 반품 절차를 통해서만 환불이 가능합니다.",8.9771
142,주문,주문하기,온라인에서 처리하려고 합니다. 상품을 처음 주문하는데 절차를 안내해 주세요. 가능한 처리 방법을 알려주세요.,상품 상세 페이지에서 옵션과 수량을 선택한 후 [구매하기]를 누르거나 [장바구니]에 담아 결제를 진행해 주세요.,"[""상품 상세 페이지에서 옵션과 수량을 선택한 후 [구매하기]를 누르거나 [장바구니]에 담아 주문을 진행해 주세요.""]","[정책 문서 1: 쇼핑몰 이용약관 및 운영정책.pdf]
1. 주문 정책 (Ordering Policy)

1.1 주문 접수 및 계약 성립 기준
주문 진행 절차: 원하는 상품의 상세 페이지에서 옵션과 수량을 선택한 후 [구매하기]를 누르거나 [장바구니]에 담아 결제를 진행합니다.
주문 성립 시점: 고객이 상품을 선택하여 결제를 완료하고, 시스템에서 [주문 완료] 메시지 또는 알림(이메일/알림톡)이 발송된 시점에 당사 간의 매매 계약이 성립됩니다.
재고 연동 및 품절 안내: 모든 주문은 실시간 재고 확보를 전제로 합니다. 단, 시스템 반영 시차로 인해 결제 완료 후 품절이 발생할 수 있으며, 이 경우 즉시 이메일/문자로 안
내 후 자동 취소 및 전액 환불 절차가 진행됩니다.
주문 제한 규정: 타인의 명의 도용, 매크로 등 불법 프로그램 이용, 재판매(리셀) 목적의 대량 주문으로 판단될 경우 회사는 사전 통보 없이 해당 주문을 임의 취소할 수 있습
니다.

[정책 문서 2: 전자상거래_표준약관.pdf]
2. 선불카드, 직불카드, 신용카드 등의 각종 카드 결제

3. 온라인무통장입금

4. 전자화폐에 의한 결제

5. 수령 시 대금지급

6. 마일리지 등 “몰”이 지급한 포인트에 의한 결제
7. “몰”과 계약을 맺었거나 “몰”이 인정한 상품권에 의한 결제 

8. 기타 전자적 지급 방법에 의한 대금 지급 등

제12조(수신확인통지 ․ 구매신청 변경 및 취소)

① “몰”은 이용자의 구매신청이 있는 경우 이용자에게 수신확인통지를 합니다.

② 수신확인통지를 받은 이용자는 의사표시의 불일치 등이 있는 경우에는 수신확인
통지를 받은 후 즉시 구매신청 변경 및 취소를 요청할 수 있고 “몰”은 배송 전
에 이용자의 요청이 있는 경우에는 지체 없이 그 요청에 따라 처리하여야 합니
다. 다만 이미 대금을 지불한 경우에는 제15조의 청약철회 등에 관한 규정에 따
릅니다.

제13조(재화 등의 공급)

[정책 문서 3: 전자상거래_표준약관.pdf]
1. 신청 내용에 허위, 기재누락, 오기가 있는 경우

2. 미성년자가 담배, 주류 등 청소년보호법에서 금지하는 재화 및 용역을 구매하
는 경우

3. 기타 구매신청에 승낙하는 것이 “몰” 기술상 현저히 지장이 있다고 판단하
는 경우

② “몰”의 승낙이 제12조제1항의 수신확인통지형태로 이용자에게 도달한 시점에
계약이 성립한 것으로 봅니다.

③ “몰”의 승낙의 의사표시에는 이용자의 구매 신청에 대한 확인 및 판매가능 여
부, 구매신청의 정정 취소 등에 관한 정보 등을 포함하여야 합니다.

제11조(지급방법) “몰”에서 구매한 재화 또는 용역에 대한 대금지급방법은 다음
각 호의 방법중 가용한 방법으로 할 수 있습니다. 단, “몰”은 이용자의 지급방법
에 대하여 재화 등의 대금에 어떠한 명목의 수수료도 추가하여 징수할 수 없습니
다.

1. 폰뱅킹, 인터넷뱅킹, 메일 뱅킹 등의 각종 계좌이체

2. 선불카드, 직불카드, 신용카드 등의 각종 카드 결제

3. 온라인무통장입금",10.6289
143,주문,주문하기,정확한 기준을 알고 싶습니다. 상품을 구매하고 싶습니다. 가능한 처리 방법을 알려주세요.,상품 상세 페이지에서 옵션과 수량을 선택한 후 [구매하기]를 누르거나 [장바구니]에 담아 결제를 진행해 주세요.,"[""상품 상세 페이지에서 옵션과 수량을 선택한 후 [구매하기]를 누르거나 [장바구니]에 담아 주문을 진행해 주세요.""]","[정책 문서 1: 쇼핑몰 이용약관 및 운영정책.pdf]
1. 주문 정책 (Ordering Policy)

1.1 주문 접수 및 계약 성립 기준
주문 진행 절차: 원하는 상품의 상세 페이지에서 옵션과 수량을 선택한 후 [구매하기]를 누르거나 [장바구니]에 담아 결제를 진행합니다.
주문 성립 시점: 고객이 상품을 선택하여 결제를 완료하고, 시스템에서 [주문 완료] 메시지 또는 알림(이메일/알림톡)이 발송된 시점에 당사 간의 매매 계약이 성립됩니다.
재고 연동 및 품절 안내: 모든 주문은 실시간 재고 확보를 전제로 합니다. 단, 시스템 반영 시차로 인해 결제 완료 후 품절이 발생할 수 있으며, 이 경우 즉시 이메일/문자로 안
내 후 자동 취소 및 전액 환불 절차가 진행됩니다.
주문 제한 규정: 타인의 명의 도용, 매크로 등 불법 프로그램 이용, 재판매(리셀) 목적의 대량 주문으로 판단될 경우 회사는 사전 통보 없이 해당 주문을 임의 취소할 수 있습
니다.

[정책 문서 2: 전자상거래_표준약관.pdf]
1. 재화 등의 검색 및 선택

2. 받는 사람의 성명, 주소, 전화번호, 전자우편주소(또는 이동전화번호) 등의
입력

3. 약관내용, 청약철회권이 제한되는 서비스, 배송료 ․ 설치비 등의 비용부담과
관련한 내용에 대한 확인

4. 이 약관에 동의하고 위 3.호의 사항을 확인하거나 거부하는 표시
(예, 마우스 클릭)

5. 재화등의 구매신청 및 이에 관한 확인 또는 “몰”의 확인에 대한 동의

6. 결제방법의 선택

② “몰”이 제3자에게 구매자 개인정보를 제공할 필요가 있는 경우 1) 개인정보를
제공받는 자, 2)개인정보를 제공받는 자의 개인정보 이용목적, 3) 제공하는 개
인정보의 항목, 4) 개인정보를 제공받는 자의 개인정보 보유 및 이용기간을 구
매자에게 알리고 동의를 받아야 합니다. (동의를 받은 사항이 변경되는 경우에
도 같습니다.)

[정책 문서 3: 쇼핑몰 이용약관 및 운영정책.pdf]
금액·기간 등 수치 정보는 원문 그대로 정확히 인용하고, 임의로 추정하지 않습니다.
법정대리인 동의, 분쟁조정 등 법적 절차가 필요한 문의는 최종 처리 결과를 단정하지 말고 ""확인 후 안내드리겠습니다"" 형태로 고객센터 상담 연결을 병행 안내합니
다.",8.7556
144,주문,주문하기,정확한 기준을 알고 싶습니다. 장바구니에서 상품 주문을 완료하는 방법이 궁금합니다. 가능한 처리 방법을 알려주세요.,상품 상세 페이지에서 옵션과 수량을 선택한 후 [구매하기]를 누르거나 [장바구니]에 담아 결제를 진행해 주세요.,"[""상품 상세 페이지에서 옵션과 수량을 선택한 후 [구매하기]를 누르거나 [장바구니]에 담아 주문을 진행해 주세요.""]","[정책 문서 1: 쇼핑몰 이용약관 및 운영정책.pdf]
1. 주문 정책 (Ordering Policy)

1.1 주문 접수 및 계약 성립 기준
주문 진행 절차: 원하는 상품의 상세 페이지에서 옵션과 수량을 선택한 후 [구매하기]를 누르거나 [장바구니]에 담아 결제를 진행합니다.
주문 성립 시점: 고객이 상품을 선택하여 결제를 완료하고, 시스템에서 [주문 완료] 메시지 또는 알림(이메일/알림톡)이 발송된 시점에 당사 간의 매매 계약이 성립됩니다.
재고 연동 및 품절 안내: 모든 주문은 실시간 재고 확보를 전제로 합니다. 단, 시스템 반영 시차로 인해 결제 완료 후 품절이 발생할 수 있으며, 이 경우 즉시 이메일/문자로 안
내 후 자동 취소 및 전액 환불 절차가 진행됩니다.
주문 제한 규정: 타인의 명의 도용, 매크로 등 불법 프로그램 이용, 재판매(리셀) 목적의 대량 주문으로 판단될 경우 회사는 사전 통보 없이 해당 주문을 임의 취소할 수 있습
니다.

[정책 문서 2: 쇼핑몰 이용약관 및 운영정책.pdf]
1.3 주문 상품 구성(품목·옵션·수량) 변경 불가 안내
배송지·수령인 정보와 달리, 이미 결제 완료된 주문의 
상품 품목, 옵션(색상/사이즈 등), 수량
은 주문 상태와 무관하게 변경이 불가합니다.
변경이 필요한 경우 기존 주문을 취소한 후 원하는 구성으로 다시 주문해야 하며, 이미 '상품 준비 중' 이후 단계라면 취소 불가 규정(3항)이 함께 적용됩니다.
수량을 늘리고 싶은 경우도 기존 주문 수정이 아닌 신규 주문으로 진행해야 합니다.
TIP
주문 관련 팁 (RAG 응답 기준)
고객이 주문 후 배송지 변경을 요청할 때, 주문 상태가 '결제 완료' 이하인지 먼저 확인해야 합니다. 이미 '상품 준비 중'으로 변경된 경우 물류 시스템 특성상 자동 수정이 불가능합니
다.

2. 결제 정책 (Payment Policy)

[정책 문서 3: 쇼핑몰 이용약관 및 운영정책.pdf]
1.2 주문 정보 변경 (배송지 및 옵션)
변경 가능 단계: 주문 상태가 '입금 대기' 또는 '결제 완료' 단계일 경우에만 [마이페이지 > 주문내역]에서 직접 변경하거나 고객센터를 통해 변경 신청이 가능합니다.
변경 불가 단계: 주문 상태가 '상품 준비 중' 또는 '배송 중'으로 전환된 이후에는 물류센터 포장 및 송장 출력 작업이 완료되어 배송지 및 옵션 변경이 불가합니다. 이 경우 상
품 수령 후 반품/교환 절차를 따라야 합니다.",8.7518
145,주문,주문하기,정확한 기준을 알고 싶습니다. 상품의 옵션과 수량을 선택한 뒤 어떻게 주문하나요? 가능한 처리 방법을 알려주세요.,상품 상세 페이지에서 옵션과 수량을 선택한 후 [구매하기]를 누르거나 [장바구니]에 담아 결제를 진행해 주세요.,"[""상품 상세 페이지에서 옵션과 수량을 선택한 후 [구매하기]를 누르거나 [장바구니]에 담아 주문을 진행해 주세요.""]","[정책 문서 1: 쇼핑몰 이용약관 및 운영정책.pdf]
1. 주문 정책 (Ordering Policy)

1.1 주문 접수 및 계약 성립 기준
주문 진행 절차: 원하는 상품의 상세 페이지에서 옵션과 수량을 선택한 후 [구매하기]를 누르거나 [장바구니]에 담아 결제를 진행합니다.
주문 성립 시점: 고객이 상품을 선택하여 결제를 완료하고, 시스템에서 [주문 완료] 메시지 또는 알림(이메일/알림톡)이 발송된 시점에 당사 간의 매매 계약이 성립됩니다.
재고 연동 및 품절 안내: 모든 주문은 실시간 재고 확보를 전제로 합니다. 단, 시스템 반영 시차로 인해 결제 완료 후 품절이 발생할 수 있으며, 이 경우 즉시 이메일/문자로 안
내 후 자동 취소 및 전액 환불 절차가 진행됩니다.
주문 제한 규정: 타인의 명의 도용, 매크로 등 불법 프로그램 이용, 재판매(리셀) 목적의 대량 주문으로 판단될 경우 회사는 사전 통보 없이 해당 주문을 임의 취소할 수 있습
니다.

[정책 문서 2: 쇼핑몰 이용약관 및 운영정책.pdf]
1.3 주문 상품 구성(품목·옵션·수량) 변경 불가 안내
배송지·수령인 정보와 달리, 이미 결제 완료된 주문의 
상품 품목, 옵션(색상/사이즈 등), 수량
은 주문 상태와 무관하게 변경이 불가합니다.
변경이 필요한 경우 기존 주문을 취소한 후 원하는 구성으로 다시 주문해야 하며, 이미 '상품 준비 중' 이후 단계라면 취소 불가 규정(3항)이 함께 적용됩니다.
수량을 늘리고 싶은 경우도 기존 주문 수정이 아닌 신규 주문으로 진행해야 합니다.
TIP
주문 관련 팁 (RAG 응답 기준)
고객이 주문 후 배송지 변경을 요청할 때, 주문 상태가 '결제 완료' 이하인지 먼저 확인해야 합니다. 이미 '상품 준비 중'으로 변경된 경우 물류 시스템 특성상 자동 수정이 불가능합니
다.

2. 결제 정책 (Payment Policy)

[정책 문서 3: 쇼핑몰 이용약관 및 운영정책.pdf]
1.2 주문 정보 변경 (배송지 및 옵션)
변경 가능 단계: 주문 상태가 '입금 대기' 또는 '결제 완료' 단계일 경우에만 [마이페이지 > 주문내역]에서 직접 변경하거나 고객센터를 통해 변경 신청이 가능합니다.
변경 불가 단계: 주문 상태가 '상품 준비 중' 또는 '배송 중'으로 전환된 이후에는 물류센터 포장 및 송장 출력 작업이 완료되어 배송지 및 옵션 변경이 불가합니다. 이 경우 상
품 수령 후 반품/교환 절차를 따라야 합니다.",8.6951
146,주문,주문하기,정확한 기준을 알고 싶습니다. 상품을 처음 주문하는데 절차를 안내해 주세요. 가능한 처리 방법을 알려주세요.,상품 상세 페이지에서 옵션과 수량을 선택한 후 [구매하기]를 누르거나 [장바구니]에 담아 결제를 진행해 주세요.,"[""상품 상세 페이지에서 옵션과 수량을 선택한 후 [구매하기]를 누르거나 [장바구니]에 담아 주문을 진행해 주세요.""]","[정책 문서 1: 쇼핑몰 이용약관 및 운영정책.pdf]
1. 주문 정책 (Ordering Policy)

1.1 주문 접수 및 계약 성립 기준
주문 진행 절차: 원하는 상품의 상세 페이지에서 옵션과 수량을 선택한 후 [구매하기]를 누르거나 [장바구니]에 담아 결제를 진행합니다.
주문 성립 시점: 고객이 상품을 선택하여 결제를 완료하고, 시스템에서 [주문 완료] 메시지 또는 알림(이메일/알림톡)이 발송된 시점에 당사 간의 매매 계약이 성립됩니다.
재고 연동 및 품절 안내: 모든 주문은 실시간 재고 확보를 전제로 합니다. 단, 시스템 반영 시차로 인해 결제 완료 후 품절이 발생할 수 있으며, 이 경우 즉시 이메일/문자로 안
내 후 자동 취소 및 전액 환불 절차가 진행됩니다.
주문 제한 규정: 타인의 명의 도용, 매크로 등 불법 프로그램 이용, 재판매(리셀) 목적의 대량 주문으로 판단될 경우 회사는 사전 통보 없이 해당 주문을 임의 취소할 수 있습
니다.

[정책 문서 2: 쇼핑몰 이용약관 및 운영정책.pdf]
1.3 주문 상품 구성(품목·옵션·수량) 변경 불가 안내
배송지·수령인 정보와 달리, 이미 결제 완료된 주문의 
상품 품목, 옵션(색상/사이즈 등), 수량
은 주문 상태와 무관하게 변경이 불가합니다.
변경이 필요한 경우 기존 주문을 취소한 후 원하는 구성으로 다시 주문해야 하며, 이미 '상품 준비 중' 이후 단계라면 취소 불가 규정(3항)이 함께 적용됩니다.
수량을 늘리고 싶은 경우도 기존 주문 수정이 아닌 신규 주문으로 진행해야 합니다.
TIP
주문 관련 팁 (RAG 응답 기준)
고객이 주문 후 배송지 변경을 요청할 때, 주문 상태가 '결제 완료' 이하인지 먼저 확인해야 합니다. 이미 '상품 준비 중'으로 변경된 경우 물류 시스템 특성상 자동 수정이 불가능합니
다.

2. 결제 정책 (Payment Policy)

[정책 문서 3: 쇼핑몰 이용약관 및 운영정책.pdf]
6.4 배송 방법 옵션
배송 방법
배송비
소요 기간
비고
표준 배송
기본 배송비(6.1항 기준)
영업일 2~4일
전 상품 대상
빠른 배송(익일)
추가 배송비 3,000원
오후 2시 이전 주문 시 익일 도착
일부 물류센터 보유 상품 한정
매장 픽업
무료
준비 완료 알림 후 즉시 수령 가능
픽업 가능 매장 보유 재고에 한함
TIP
배송 관련 팁 (RAG 응답 기준)
배송비 문의는 기본 배송비 → 무료배송 조건 → 도서산간 추가비용 순서로 안내합니다. 배송 지연 문의는 먼저 [배송조회] 확인을 안내한 후, 확인이 안 될 경우에만 고객센터 개별 문
의로 연결합니다.

7. 회원 정책 (Membership Policy)",9.7005
147,주문,주문하기,상품을 주문하는 방법을 알려주세요. 제가 직접 확인할 수 있는 방법도 알려주세요.,상품 상세 페이지에서 옵션과 수량을 선택한 후 [구매하기]를 누르거나 [장바구니]에 담아 결제를 진행해 주세요.,"[""상품 상세 페이지에서 옵션과 수량을 선택한 후 [구매하기]를 누르거나 [장바구니]에 담아 주문을 진행해 주세요.""]","[정책 문서 1: 쇼핑몰 이용약관 및 운영정책.pdf]
1. 주문 정책 (Ordering Policy)

1.1 주문 접수 및 계약 성립 기준
주문 진행 절차: 원하는 상품의 상세 페이지에서 옵션과 수량을 선택한 후 [구매하기]를 누르거나 [장바구니]에 담아 결제를 진행합니다.
주문 성립 시점: 고객이 상품을 선택하여 결제를 완료하고, 시스템에서 [주문 완료] 메시지 또는 알림(이메일/알림톡)이 발송된 시점에 당사 간의 매매 계약이 성립됩니다.
재고 연동 및 품절 안내: 모든 주문은 실시간 재고 확보를 전제로 합니다. 단, 시스템 반영 시차로 인해 결제 완료 후 품절이 발생할 수 있으며, 이 경우 즉시 이메일/문자로 안
내 후 자동 취소 및 전액 환불 절차가 진행됩니다.
주문 제한 규정: 타인의 명의 도용, 매크로 등 불법 프로그램 이용, 재판매(리셀) 목적의 대량 주문으로 판단될 경우 회사는 사전 통보 없이 해당 주문을 임의 취소할 수 있습
니다.

[정책 문서 2: 전자상거래_표준약관.pdf]
1. 재화 등의 검색 및 선택

2. 받는 사람의 성명, 주소, 전화번호, 전자우편주소(또는 이동전화번호) 등의
입력

3. 약관내용, 청약철회권이 제한되는 서비스, 배송료 ․ 설치비 등의 비용부담과
관련한 내용에 대한 확인

4. 이 약관에 동의하고 위 3.호의 사항을 확인하거나 거부하는 표시
(예, 마우스 클릭)

5. 재화등의 구매신청 및 이에 관한 확인 또는 “몰”의 확인에 대한 동의

6. 결제방법의 선택

② “몰”이 제3자에게 구매자 개인정보를 제공할 필요가 있는 경우 1) 개인정보를
제공받는 자, 2)개인정보를 제공받는 자의 개인정보 이용목적, 3) 제공하는 개
인정보의 항목, 4) 개인정보를 제공받는 자의 개인정보 보유 및 이용기간을 구
매자에게 알리고 동의를 받아야 합니다. (동의를 받은 사항이 변경되는 경우에
도 같습니다.)

[정책 문서 3: 전자상거래_표준약관.pdf]
제13조(재화 등의 공급)

① “몰”은 이용자와 재화 등의 공급시기에 관하여 별도의 약정이 없는 이상, 이용
자가 청약을 한 날부터 7일 이내에 재화 등을 배송할 수 있도록 주문제작, 포장
등 기타의 필요한 조치를 취합니다. 다만, “몰”이 이미 재화 등의 대금의 전
부 또는 일부를 받은 경우에는 대금의 전부 또는 일부를 받은 날부터 3영업일 이
내에 조치를 취합니다. 이때 “몰”은 이용자가 재화 등의 공급 절차 및 진행
사항을 확인할 수 있도록 적절한 조치를 합니다.",9.3429
148,주문,주문하기,안녕하세요. 상품을 처음 주문하는데 절차를 안내해 주세요. 제가 직접 확인할 수 있는 방법도 알려주세요.,상품 상세 페이지에서 옵션과 수량을 선택한 후 [구매하기]를 누르거나 [장바구니]에 담아 결제를 진행해 주세요.,"[""상품 상세 페이지에서 옵션과 수량을 선택한 후 [구매하기]를 누르거나 [장바구니]에 담아 주문을 진행해 주세요.""]","[정책 문서 1: 쇼핑몰 이용약관 및 운영정책.pdf]
1. 주문 정책 (Ordering Policy)

1.1 주문 접수 및 계약 성립 기준
주문 진행 절차: 원하는 상품의 상세 페이지에서 옵션과 수량을 선택한 후 [구매하기]를 누르거나 [장바구니]에 담아 결제를 진행합니다.
주문 성립 시점: 고객이 상품을 선택하여 결제를 완료하고, 시스템에서 [주문 완료] 메시지 또는 알림(이메일/알림톡)이 발송된 시점에 당사 간의 매매 계약이 성립됩니다.
재고 연동 및 품절 안내: 모든 주문은 실시간 재고 확보를 전제로 합니다. 단, 시스템 반영 시차로 인해 결제 완료 후 품절이 발생할 수 있으며, 이 경우 즉시 이메일/문자로 안
내 후 자동 취소 및 전액 환불 절차가 진행됩니다.
주문 제한 규정: 타인의 명의 도용, 매크로 등 불법 프로그램 이용, 재판매(리셀) 목적의 대량 주문으로 판단될 경우 회사는 사전 통보 없이 해당 주문을 임의 취소할 수 있습
니다.

[정책 문서 2: 전자상거래_표준약관.pdf]
1. 재화 등의 검색 및 선택

2. 받는 사람의 성명, 주소, 전화번호, 전자우편주소(또는 이동전화번호) 등의
입력

3. 약관내용, 청약철회권이 제한되는 서비스, 배송료 ․ 설치비 등의 비용부담과
관련한 내용에 대한 확인

4. 이 약관에 동의하고 위 3.호의 사항을 확인하거나 거부하는 표시
(예, 마우스 클릭)

5. 재화등의 구매신청 및 이에 관한 확인 또는 “몰”의 확인에 대한 동의

6. 결제방법의 선택

② “몰”이 제3자에게 구매자 개인정보를 제공할 필요가 있는 경우 1) 개인정보를
제공받는 자, 2)개인정보를 제공받는 자의 개인정보 이용목적, 3) 제공하는 개
인정보의 항목, 4) 개인정보를 제공받는 자의 개인정보 보유 및 이용기간을 구
매자에게 알리고 동의를 받아야 합니다. (동의를 받은 사항이 변경되는 경우에
도 같습니다.)

[정책 문서 3: 쇼핑몰 이용약관 및 운영정책.pdf]
TIP
결제 오류 관련 팁 (RAG 응답 기준)
""결제가 안 돼요""라는 문의는 먼저 실제 결제/주문 완료 여부부터 확인하도록 안내하고, 이중 결제가 의심되는 경우 임의로 환불을 약속하지 말고 승인 내역 확인 절차부터 안내합니
다.",8.6799
149,주문,주문하기,확인 부탁드립니다. 상품을 처음 주문하는데 절차를 안내해 주세요. 제가 직접 확인할 수 있는 방법도 알려주세요.,상품 상세 페이지에서 옵션과 수량을 선택한 후 [구매하기]를 누르거나 [장바구니]에 담아 결제를 진행해 주세요.,"[""상품 상세 페이지에서 옵션과 수량을 선택한 후 [구매하기]를 누르거나 [장바구니]에 담아 주문을 진행해 주세요.""]","[정책 문서 1: 쇼핑몰 이용약관 및 운영정책.pdf]
1. 주문 정책 (Ordering Policy)

1.1 주문 접수 및 계약 성립 기준
주문 진행 절차: 원하는 상품의 상세 페이지에서 옵션과 수량을 선택한 후 [구매하기]를 누르거나 [장바구니]에 담아 결제를 진행합니다.
주문 성립 시점: 고객이 상품을 선택하여 결제를 완료하고, 시스템에서 [주문 완료] 메시지 또는 알림(이메일/알림톡)이 발송된 시점에 당사 간의 매매 계약이 성립됩니다.
재고 연동 및 품절 안내: 모든 주문은 실시간 재고 확보를 전제로 합니다. 단, 시스템 반영 시차로 인해 결제 완료 후 품절이 발생할 수 있으며, 이 경우 즉시 이메일/문자로 안
내 후 자동 취소 및 전액 환불 절차가 진행됩니다.
주문 제한 규정: 타인의 명의 도용, 매크로 등 불법 프로그램 이용, 재판매(리셀) 목적의 대량 주문으로 판단될 경우 회사는 사전 통보 없이 해당 주문을 임의 취소할 수 있습
니다.

[정책 문서 2: 전자상거래_표준약관.pdf]
1. 재화 등의 검색 및 선택

2. 받는 사람의 성명, 주소, 전화번호, 전자우편주소(또는 이동전화번호) 등의
입력

3. 약관내용, 청약철회권이 제한되는 서비스, 배송료 ․ 설치비 등의 비용부담과
관련한 내용에 대한 확인

4. 이 약관에 동의하고 위 3.호의 사항을 확인하거나 거부하는 표시
(예, 마우스 클릭)

5. 재화등의 구매신청 및 이에 관한 확인 또는 “몰”의 확인에 대한 동의

6. 결제방법의 선택

② “몰”이 제3자에게 구매자 개인정보를 제공할 필요가 있는 경우 1) 개인정보를
제공받는 자, 2)개인정보를 제공받는 자의 개인정보 이용목적, 3) 제공하는 개
인정보의 항목, 4) 개인정보를 제공받는 자의 개인정보 보유 및 이용기간을 구
매자에게 알리고 동의를 받아야 합니다. (동의를 받은 사항이 변경되는 경우에
도 같습니다.)

[정책 문서 3: 쇼핑몰 이용약관 및 운영정책.pdf]
TIP
결제 오류 관련 팁 (RAG 응답 기준)
""결제가 안 돼요""라는 문의는 먼저 실제 결제/주문 완료 여부부터 확인하도록 안내하고, 이중 결제가 의심되는 경우 임의로 환불을 약속하지 말고 승인 내역 확인 절차부터 안내합니
다.",8.6572
150,주문,주문하기,방법을 알고 싶습니다. 상품을 다른 상품과 함께 주문할 수 있나요? 제가 직접 확인할 수 있는 방법도 알려주세요.,상품 상세 페이지에서 옵션과 수량을 선택한 후 [구매하기]를 누르거나 [장바구니]에 담아 결제를 진행해 주세요.,"[""상품 상세 페이지에서 옵션과 수량을 선택한 후 [구매하기]를 누르거나 [장바구니]에 담아 주문을 진행해 주세요.""]","[정책 문서 1: 쇼핑몰 이용약관 및 운영정책.pdf]
1. 주문 정책 (Ordering Policy)

1.1 주문 접수 및 계약 성립 기준
주문 진행 절차: 원하는 상품의 상세 페이지에서 옵션과 수량을 선택한 후 [구매하기]를 누르거나 [장바구니]에 담아 결제를 진행합니다.
주문 성립 시점: 고객이 상품을 선택하여 결제를 완료하고, 시스템에서 [주문 완료] 메시지 또는 알림(이메일/알림톡)이 발송된 시점에 당사 간의 매매 계약이 성립됩니다.
재고 연동 및 품절 안내: 모든 주문은 실시간 재고 확보를 전제로 합니다. 단, 시스템 반영 시차로 인해 결제 완료 후 품절이 발생할 수 있으며, 이 경우 즉시 이메일/문자로 안
내 후 자동 취소 및 전액 환불 절차가 진행됩니다.
주문 제한 규정: 타인의 명의 도용, 매크로 등 불법 프로그램 이용, 재판매(리셀) 목적의 대량 주문으로 판단될 경우 회사는 사전 통보 없이 해당 주문을 임의 취소할 수 있습
니다.

[정책 문서 2: 쇼핑몰 이용약관 및 운영정책.pdf]
5. 교환 정책 (Exchange Policy)
동일 상품 옵션 교환: 동일 상품의 색상 또는 사이즈 변경은 재고가 있는 경우 7일 이내 교환이 가능하며, 왕복 배송비는 고객 부담입니다.
타 상품으로의 교환: 다른 상품으로의 직접 교환은 불가하므로, 기존 주문을 [반품/환불] 처리한 후 원하시는 상품으로 재주문하셔야 합니다.
불량 및 오배송 교환: 동일 상품으로 무상 맞교환을 원칙으로 하며, 단종 또는 품절 시에는 전액 환불 처리됩니다.

6. 배송 정책 (Shipping Policy)

[정책 문서 3: 쇼핑몰 이용약관 및 운영정책.pdf]
1.3 주문 상품 구성(품목·옵션·수량) 변경 불가 안내
배송지·수령인 정보와 달리, 이미 결제 완료된 주문의 
상품 품목, 옵션(색상/사이즈 등), 수량
은 주문 상태와 무관하게 변경이 불가합니다.
변경이 필요한 경우 기존 주문을 취소한 후 원하는 구성으로 다시 주문해야 하며, 이미 '상품 준비 중' 이후 단계라면 취소 불가 규정(3항)이 함께 적용됩니다.
수량을 늘리고 싶은 경우도 기존 주문 수정이 아닌 신규 주문으로 진행해야 합니다.
TIP
주문 관련 팁 (RAG 응답 기준)
고객이 주문 후 배송지 변경을 요청할 때, 주문 상태가 '결제 완료' 이하인지 먼저 확인해야 합니다. 이미 '상품 준비 중'으로 변경된 경우 물류 시스템 특성상 자동 수정이 불가능합니
다.

2. 결제 정책 (Payment Policy)",8.652
151,주문,주문하기,절차를 안내받고 싶습니다. 상품을 다른 상품과 함께 주문할 수 있나요? 제가 직접 확인할 수 있는 방법도 알려주세요.,상품 상세 페이지에서 옵션과 수량을 선택한 후 [구매하기]를 누르거나 [장바구니]에 담아 결제를 진행해 주세요.,"[""상품 상세 페이지에서 옵션과 수량을 선택한 후 [구매하기]를 누르거나 [장바구니]에 담아 주문을 진행해 주세요.""]","[정책 문서 1: 쇼핑몰 이용약관 및 운영정책.pdf]
1. 주문 정책 (Ordering Policy)

1.1 주문 접수 및 계약 성립 기준
주문 진행 절차: 원하는 상품의 상세 페이지에서 옵션과 수량을 선택한 후 [구매하기]를 누르거나 [장바구니]에 담아 결제를 진행합니다.
주문 성립 시점: 고객이 상품을 선택하여 결제를 완료하고, 시스템에서 [주문 완료] 메시지 또는 알림(이메일/알림톡)이 발송된 시점에 당사 간의 매매 계약이 성립됩니다.
재고 연동 및 품절 안내: 모든 주문은 실시간 재고 확보를 전제로 합니다. 단, 시스템 반영 시차로 인해 결제 완료 후 품절이 발생할 수 있으며, 이 경우 즉시 이메일/문자로 안
내 후 자동 취소 및 전액 환불 절차가 진행됩니다.
주문 제한 규정: 타인의 명의 도용, 매크로 등 불법 프로그램 이용, 재판매(리셀) 목적의 대량 주문으로 판단될 경우 회사는 사전 통보 없이 해당 주문을 임의 취소할 수 있습
니다.

[정책 문서 2: 전자상거래_표준약관.pdf]
1. 재화 등의 검색 및 선택

2. 받는 사람의 성명, 주소, 전화번호, 전자우편주소(또는 이동전화번호) 등의
입력

3. 약관내용, 청약철회권이 제한되는 서비스, 배송료 ․ 설치비 등의 비용부담과
관련한 내용에 대한 확인

4. 이 약관에 동의하고 위 3.호의 사항을 확인하거나 거부하는 표시
(예, 마우스 클릭)

5. 재화등의 구매신청 및 이에 관한 확인 또는 “몰”의 확인에 대한 동의

6. 결제방법의 선택

② “몰”이 제3자에게 구매자 개인정보를 제공할 필요가 있는 경우 1) 개인정보를
제공받는 자, 2)개인정보를 제공받는 자의 개인정보 이용목적, 3) 제공하는 개
인정보의 항목, 4) 개인정보를 제공받는 자의 개인정보 보유 및 이용기간을 구
매자에게 알리고 동의를 받아야 합니다. (동의를 받은 사항이 변경되는 경우에
도 같습니다.)

[정책 문서 3: 쇼핑몰 이용약관 및 운영정책.pdf]
1.3 주문 상품 구성(품목·옵션·수량) 변경 불가 안내
배송지·수령인 정보와 달리, 이미 결제 완료된 주문의 
상품 품목, 옵션(색상/사이즈 등), 수량
은 주문 상태와 무관하게 변경이 불가합니다.
변경이 필요한 경우 기존 주문을 취소한 후 원하는 구성으로 다시 주문해야 하며, 이미 '상품 준비 중' 이후 단계라면 취소 불가 규정(3항)이 함께 적용됩니다.
수량을 늘리고 싶은 경우도 기존 주문 수정이 아닌 신규 주문으로 진행해야 합니다.
TIP
주문 관련 팁 (RAG 응답 기준)
고객이 주문 후 배송지 변경을 요청할 때, 주문 상태가 '결제 완료' 이하인지 먼저 확인해야 합니다. 이미 '상품 준비 중'으로 변경된 경우 물류 시스템 특성상 자동 수정이 불가능합니
다.

2. 결제 정책 (Payment Policy)",9.9747
152,주문,주문하기,절차를 안내받고 싶습니다. 상품을 처음 주문하는데 절차를 안내해 주세요. 제가 직접 확인할 수 있는 방법도 알려주세요.,상품 상세 페이지에서 옵션과 수량을 선택한 후 [구매하기]를 누르거나 [장바구니]에 담아 결제를 진행해 주세요.,"[""상품 상세 페이지에서 옵션과 수량을 선택한 후 [구매하기]를 누르거나 [장바구니]에 담아 주문을 진행해 주세요.""]","[정책 문서 1: 쇼핑몰 이용약관 및 운영정책.pdf]
1. 주문 정책 (Ordering Policy)

1.1 주문 접수 및 계약 성립 기준
주문 진행 절차: 원하는 상품의 상세 페이지에서 옵션과 수량을 선택한 후 [구매하기]를 누르거나 [장바구니]에 담아 결제를 진행합니다.
주문 성립 시점: 고객이 상품을 선택하여 결제를 완료하고, 시스템에서 [주문 완료] 메시지 또는 알림(이메일/알림톡)이 발송된 시점에 당사 간의 매매 계약이 성립됩니다.
재고 연동 및 품절 안내: 모든 주문은 실시간 재고 확보를 전제로 합니다. 단, 시스템 반영 시차로 인해 결제 완료 후 품절이 발생할 수 있으며, 이 경우 즉시 이메일/문자로 안
내 후 자동 취소 및 전액 환불 절차가 진행됩니다.
주문 제한 규정: 타인의 명의 도용, 매크로 등 불법 프로그램 이용, 재판매(리셀) 목적의 대량 주문으로 판단될 경우 회사는 사전 통보 없이 해당 주문을 임의 취소할 수 있습
니다.

[정책 문서 2: 전자상거래_표준약관.pdf]
1. 재화 등의 검색 및 선택

2. 받는 사람의 성명, 주소, 전화번호, 전자우편주소(또는 이동전화번호) 등의
입력

3. 약관내용, 청약철회권이 제한되는 서비스, 배송료 ․ 설치비 등의 비용부담과
관련한 내용에 대한 확인

4. 이 약관에 동의하고 위 3.호의 사항을 확인하거나 거부하는 표시
(예, 마우스 클릭)

5. 재화등의 구매신청 및 이에 관한 확인 또는 “몰”의 확인에 대한 동의

6. 결제방법의 선택

② “몰”이 제3자에게 구매자 개인정보를 제공할 필요가 있는 경우 1) 개인정보를
제공받는 자, 2)개인정보를 제공받는 자의 개인정보 이용목적, 3) 제공하는 개
인정보의 항목, 4) 개인정보를 제공받는 자의 개인정보 보유 및 이용기간을 구
매자에게 알리고 동의를 받아야 합니다. (동의를 받은 사항이 변경되는 경우에
도 같습니다.)

[정책 문서 3: 쇼핑몰 이용약관 및 운영정책.pdf]
TIP
결제 오류 관련 팁 (RAG 응답 기준)
""결제가 안 돼요""라는 문의는 먼저 실제 결제/주문 완료 여부부터 확인하도록 안내하고, 이중 결제가 의심되는 경우 임의로 환불을 약속하지 말고 승인 내역 확인 절차부터 안내합니
다.",8.9128
153,주문,주문하기,관련 내용을 확인하고 싶습니다. 상품을 구매하고 싶습니다. 제가 직접 확인할 수 있는 방법도 알려주세요.,상품 상세 페이지에서 옵션과 수량을 선택한 후 [구매하기]를 누르거나 [장바구니]에 담아 주문을 진행해 주세요.,"[""상품 상세 페이지에서 옵션과 수량을 선택한 후 [구매하기]를 누르거나 [장바구니]에 담아 주문을 진행해 주세요.""]","[정책 문서 1: 전자상거래_표준약관.pdf]
1. 재화 등의 검색 및 선택

2. 받는 사람의 성명, 주소, 전화번호, 전자우편주소(또는 이동전화번호) 등의
입력

3. 약관내용, 청약철회권이 제한되는 서비스, 배송료 ․ 설치비 등의 비용부담과
관련한 내용에 대한 확인

4. 이 약관에 동의하고 위 3.호의 사항을 확인하거나 거부하는 표시
(예, 마우스 클릭)

5. 재화등의 구매신청 및 이에 관한 확인 또는 “몰”의 확인에 대한 동의

6. 결제방법의 선택

② “몰”이 제3자에게 구매자 개인정보를 제공할 필요가 있는 경우 1) 개인정보를
제공받는 자, 2)개인정보를 제공받는 자의 개인정보 이용목적, 3) 제공하는 개
인정보의 항목, 4) 개인정보를 제공받는 자의 개인정보 보유 및 이용기간을 구
매자에게 알리고 동의를 받아야 합니다. (동의를 받은 사항이 변경되는 경우에
도 같습니다.)

[정책 문서 2: 전자상거래_표준약관.pdf]
1. 신청 내용에 허위, 기재누락, 오기가 있는 경우

2. 미성년자가 담배, 주류 등 청소년보호법에서 금지하는 재화 및 용역을 구매하
는 경우

3. 기타 구매신청에 승낙하는 것이 “몰” 기술상 현저히 지장이 있다고 판단하
는 경우

② “몰”의 승낙이 제12조제1항의 수신확인통지형태로 이용자에게 도달한 시점에
계약이 성립한 것으로 봅니다.

③ “몰”의 승낙의 의사표시에는 이용자의 구매 신청에 대한 확인 및 판매가능 여
부, 구매신청의 정정 취소 등에 관한 정보 등을 포함하여야 합니다.

제11조(지급방법) “몰”에서 구매한 재화 또는 용역에 대한 대금지급방법은 다음
각 호의 방법중 가용한 방법으로 할 수 있습니다. 단, “몰”은 이용자의 지급방법
에 대하여 재화 등의 대금에 어떠한 명목의 수수료도 추가하여 징수할 수 없습니
다.

1. 폰뱅킹, 인터넷뱅킹, 메일 뱅킹 등의 각종 계좌이체

2. 선불카드, 직불카드, 신용카드 등의 각종 카드 결제

3. 온라인무통장입금

[정책 문서 3: 전자상거래_표준약관.pdf]
2. 선불카드, 직불카드, 신용카드 등의 각종 카드 결제

3. 온라인무통장입금

4. 전자화폐에 의한 결제

5. 수령 시 대금지급

6. 마일리지 등 “몰”이 지급한 포인트에 의한 결제
7. “몰”과 계약을 맺었거나 “몰”이 인정한 상품권에 의한 결제 

8. 기타 전자적 지급 방법에 의한 대금 지급 등

제12조(수신확인통지 ․ 구매신청 변경 및 취소)

① “몰”은 이용자의 구매신청이 있는 경우 이용자에게 수신확인통지를 합니다.

② 수신확인통지를 받은 이용자는 의사표시의 불일치 등이 있는 경우에는 수신확인
통지를 받은 후 즉시 구매신청 변경 및 취소를 요청할 수 있고 “몰”은 배송 전
에 이용자의 요청이 있는 경우에는 지체 없이 그 요청에 따라 처리하여야 합니
다. 다만 이미 대금을 지불한 경우에는 제15조의 청약철회 등에 관한 규정에 따
릅니다.

제13조(재화 등의 공급)",10.3701
154,주문,주문하기,자세한 안내 부탁드립니다. 상품을 처음 주문하는데 절차를 안내해 주세요. 제가 직접 확인할 수 있는 방법도 알려주세요.,상품 상세 페이지에서 옵션과 수량을 선택한 후 [구매하기]를 누르거나 [장바구니]에 담아 결제를 진행해 주세요.,"[""상품 상세 페이지에서 옵션과 수량을 선택한 후 [구매하기]를 누르거나 [장바구니]에 담아 주문을 진행해 주세요.""]","[정책 문서 1: 쇼핑몰 이용약관 및 운영정책.pdf]
1. 주문 정책 (Ordering Policy)

1.1 주문 접수 및 계약 성립 기준
주문 진행 절차: 원하는 상품의 상세 페이지에서 옵션과 수량을 선택한 후 [구매하기]를 누르거나 [장바구니]에 담아 결제를 진행합니다.
주문 성립 시점: 고객이 상품을 선택하여 결제를 완료하고, 시스템에서 [주문 완료] 메시지 또는 알림(이메일/알림톡)이 발송된 시점에 당사 간의 매매 계약이 성립됩니다.
재고 연동 및 품절 안내: 모든 주문은 실시간 재고 확보를 전제로 합니다. 단, 시스템 반영 시차로 인해 결제 완료 후 품절이 발생할 수 있으며, 이 경우 즉시 이메일/문자로 안
내 후 자동 취소 및 전액 환불 절차가 진행됩니다.
주문 제한 규정: 타인의 명의 도용, 매크로 등 불법 프로그램 이용, 재판매(리셀) 목적의 대량 주문으로 판단될 경우 회사는 사전 통보 없이 해당 주문을 임의 취소할 수 있습
니다.

[정책 문서 2: 전자상거래_표준약관.pdf]
1. 재화 등의 검색 및 선택

2. 받는 사람의 성명, 주소, 전화번호, 전자우편주소(또는 이동전화번호) 등의
입력

3. 약관내용, 청약철회권이 제한되는 서비스, 배송료 ․ 설치비 등의 비용부담과
관련한 내용에 대한 확인

4. 이 약관에 동의하고 위 3.호의 사항을 확인하거나 거부하는 표시
(예, 마우스 클릭)

5. 재화등의 구매신청 및 이에 관한 확인 또는 “몰”의 확인에 대한 동의

6. 결제방법의 선택

② “몰”이 제3자에게 구매자 개인정보를 제공할 필요가 있는 경우 1) 개인정보를
제공받는 자, 2)개인정보를 제공받는 자의 개인정보 이용목적, 3) 제공하는 개
인정보의 항목, 4) 개인정보를 제공받는 자의 개인정보 보유 및 이용기간을 구
매자에게 알리고 동의를 받아야 합니다. (동의를 받은 사항이 변경되는 경우에
도 같습니다.)

[정책 문서 3: 쇼핑몰 이용약관 및 운영정책.pdf]
TIP
결제 오류 관련 팁 (RAG 응답 기준)
""결제가 안 돼요""라는 문의는 먼저 실제 결제/주문 완료 여부부터 확인하도록 안내하고, 이중 결제가 의심되는 경우 임의로 환불을 약속하지 말고 승인 내역 확인 절차부터 안내합니
다.",8.6913
155,주문,주문하기,이용 중 궁금한 점이 있습니다. 상품을 처음 주문하는데 절차를 안내해 주세요. 제가 직접 확인할 수 있는 방법도 알려주세요.,상품 상세 페이지에서 옵션과 수량을 선택한 후 [구매하기]를 누르거나 [장바구니]에 담아 결제를 진행해 주세요.,"[""상품 상세 페이지에서 옵션과 수량을 선택한 후 [구매하기]를 누르거나 [장바구니]에 담아 주문을 진행해 주세요.""]","[정책 문서 1: 쇼핑몰 이용약관 및 운영정책.pdf]
1. 주문 정책 (Ordering Policy)

1.1 주문 접수 및 계약 성립 기준
주문 진행 절차: 원하는 상품의 상세 페이지에서 옵션과 수량을 선택한 후 [구매하기]를 누르거나 [장바구니]에 담아 결제를 진행합니다.
주문 성립 시점: 고객이 상품을 선택하여 결제를 완료하고, 시스템에서 [주문 완료] 메시지 또는 알림(이메일/알림톡)이 발송된 시점에 당사 간의 매매 계약이 성립됩니다.
재고 연동 및 품절 안내: 모든 주문은 실시간 재고 확보를 전제로 합니다. 단, 시스템 반영 시차로 인해 결제 완료 후 품절이 발생할 수 있으며, 이 경우 즉시 이메일/문자로 안
내 후 자동 취소 및 전액 환불 절차가 진행됩니다.
주문 제한 규정: 타인의 명의 도용, 매크로 등 불법 프로그램 이용, 재판매(리셀) 목적의 대량 주문으로 판단될 경우 회사는 사전 통보 없이 해당 주문을 임의 취소할 수 있습
니다.

[정책 문서 2: 전자상거래_표준약관.pdf]
1. 재화 등의 검색 및 선택

2. 받는 사람의 성명, 주소, 전화번호, 전자우편주소(또는 이동전화번호) 등의
입력

3. 약관내용, 청약철회권이 제한되는 서비스, 배송료 ․ 설치비 등의 비용부담과
관련한 내용에 대한 확인

4. 이 약관에 동의하고 위 3.호의 사항을 확인하거나 거부하는 표시
(예, 마우스 클릭)

5. 재화등의 구매신청 및 이에 관한 확인 또는 “몰”의 확인에 대한 동의

6. 결제방법의 선택

② “몰”이 제3자에게 구매자 개인정보를 제공할 필요가 있는 경우 1) 개인정보를
제공받는 자, 2)개인정보를 제공받는 자의 개인정보 이용목적, 3) 제공하는 개
인정보의 항목, 4) 개인정보를 제공받는 자의 개인정보 보유 및 이용기간을 구
매자에게 알리고 동의를 받아야 합니다. (동의를 받은 사항이 변경되는 경우에
도 같습니다.)

[정책 문서 3: 쇼핑몰 이용약관 및 운영정책.pdf]
TIP
결제 오류 관련 팁 (RAG 응답 기준)
""결제가 안 돼요""라는 문의는 먼저 실제 결제/주문 완료 여부부터 확인하도록 안내하고, 이중 결제가 의심되는 경우 임의로 환불을 약속하지 말고 승인 내역 확인 절차부터 안내합니
다.",8.9418
156,주문,주문하기,현재 상황을 확인하고 싶습니다. 상품을 다른 상품과 함께 주문할 수 있나요? 제가 직접 확인할 수 있는 방법도 알려주세요.,상품 상세 페이지에서 옵션과 수량을 선택한 후 [구매하기]를 누르거나 [장바구니]에 담아 결제를 진행해 주세요.,"[""상품 상세 페이지에서 옵션과 수량을 선택한 후 [구매하기]를 누르거나 [장바구니]에 담아 주문을 진행해 주세요.""]","[정책 문서 1: 쇼핑몰 이용약관 및 운영정책.pdf]
1. 주문 정책 (Ordering Policy)

1.1 주문 접수 및 계약 성립 기준
주문 진행 절차: 원하는 상품의 상세 페이지에서 옵션과 수량을 선택한 후 [구매하기]를 누르거나 [장바구니]에 담아 결제를 진행합니다.
주문 성립 시점: 고객이 상품을 선택하여 결제를 완료하고, 시스템에서 [주문 완료] 메시지 또는 알림(이메일/알림톡)이 발송된 시점에 당사 간의 매매 계약이 성립됩니다.
재고 연동 및 품절 안내: 모든 주문은 실시간 재고 확보를 전제로 합니다. 단, 시스템 반영 시차로 인해 결제 완료 후 품절이 발생할 수 있으며, 이 경우 즉시 이메일/문자로 안
내 후 자동 취소 및 전액 환불 절차가 진행됩니다.
주문 제한 규정: 타인의 명의 도용, 매크로 등 불법 프로그램 이용, 재판매(리셀) 목적의 대량 주문으로 판단될 경우 회사는 사전 통보 없이 해당 주문을 임의 취소할 수 있습
니다.

[정책 문서 2: 쇼핑몰 이용약관 및 운영정책.pdf]
1.2 주문 정보 변경 (배송지 및 옵션)
변경 가능 단계: 주문 상태가 '입금 대기' 또는 '결제 완료' 단계일 경우에만 [마이페이지 > 주문내역]에서 직접 변경하거나 고객센터를 통해 변경 신청이 가능합니다.
변경 불가 단계: 주문 상태가 '상품 준비 중' 또는 '배송 중'으로 전환된 이후에는 물류센터 포장 및 송장 출력 작업이 완료되어 배송지 및 옵션 변경이 불가합니다. 이 경우 상
품 수령 후 반품/교환 절차를 따라야 합니다.

[정책 문서 3: 쇼핑몰 이용약관 및 운영정책.pdf]
1.3 주문 상품 구성(품목·옵션·수량) 변경 불가 안내
배송지·수령인 정보와 달리, 이미 결제 완료된 주문의 
상품 품목, 옵션(색상/사이즈 등), 수량
은 주문 상태와 무관하게 변경이 불가합니다.
변경이 필요한 경우 기존 주문을 취소한 후 원하는 구성으로 다시 주문해야 하며, 이미 '상품 준비 중' 이후 단계라면 취소 불가 규정(3항)이 함께 적용됩니다.
수량을 늘리고 싶은 경우도 기존 주문 수정이 아닌 신규 주문으로 진행해야 합니다.
TIP
주문 관련 팁 (RAG 응답 기준)
고객이 주문 후 배송지 변경을 요청할 때, 주문 상태가 '결제 완료' 이하인지 먼저 확인해야 합니다. 이미 '상품 준비 중'으로 변경된 경우 물류 시스템 특성상 자동 수정이 불가능합니
다.

2. 결제 정책 (Payment Policy)",9.1709
157,주문,주문하기,정확한 기준을 알고 싶습니다. 장바구니에서 상품 주문을 완료하는 방법이 궁금합니다. 제가 직접 확인할 수 있는 방법도 알려주세요.,상품 상세 페이지에서 옵션과 수량을 선택한 후 [구매하기]를 누르거나 [장바구니]에 담아 결제를 진행해 주세요.,"[""상품 상세 페이지에서 옵션과 수량을 선택한 후 [구매하기]를 누르거나 [장바구니]에 담아 주문을 진행해 주세요.""]","[정책 문서 1: 쇼핑몰 이용약관 및 운영정책.pdf]
1. 주문 정책 (Ordering Policy)

1.1 주문 접수 및 계약 성립 기준
주문 진행 절차: 원하는 상품의 상세 페이지에서 옵션과 수량을 선택한 후 [구매하기]를 누르거나 [장바구니]에 담아 결제를 진행합니다.
주문 성립 시점: 고객이 상품을 선택하여 결제를 완료하고, 시스템에서 [주문 완료] 메시지 또는 알림(이메일/알림톡)이 발송된 시점에 당사 간의 매매 계약이 성립됩니다.
재고 연동 및 품절 안내: 모든 주문은 실시간 재고 확보를 전제로 합니다. 단, 시스템 반영 시차로 인해 결제 완료 후 품절이 발생할 수 있으며, 이 경우 즉시 이메일/문자로 안
내 후 자동 취소 및 전액 환불 절차가 진행됩니다.
주문 제한 규정: 타인의 명의 도용, 매크로 등 불법 프로그램 이용, 재판매(리셀) 목적의 대량 주문으로 판단될 경우 회사는 사전 통보 없이 해당 주문을 임의 취소할 수 있습
니다.

[정책 문서 2: 쇼핑몰 이용약관 및 운영정책.pdf]
1.3 주문 상품 구성(품목·옵션·수량) 변경 불가 안내
배송지·수령인 정보와 달리, 이미 결제 완료된 주문의 
상품 품목, 옵션(색상/사이즈 등), 수량
은 주문 상태와 무관하게 변경이 불가합니다.
변경이 필요한 경우 기존 주문을 취소한 후 원하는 구성으로 다시 주문해야 하며, 이미 '상품 준비 중' 이후 단계라면 취소 불가 규정(3항)이 함께 적용됩니다.
수량을 늘리고 싶은 경우도 기존 주문 수정이 아닌 신규 주문으로 진행해야 합니다.
TIP
주문 관련 팁 (RAG 응답 기준)
고객이 주문 후 배송지 변경을 요청할 때, 주문 상태가 '결제 완료' 이하인지 먼저 확인해야 합니다. 이미 '상품 준비 중'으로 변경된 경우 물류 시스템 특성상 자동 수정이 불가능합니
다.

2. 결제 정책 (Payment Policy)

[정책 문서 3: 쇼핑몰 이용약관 및 운영정책.pdf]
TIP
결제 오류 관련 팁 (RAG 응답 기준)
""결제가 안 돼요""라는 문의는 먼저 실제 결제/주문 완료 여부부터 확인하도록 안내하고, 이중 결제가 의심되는 경우 임의로 환불을 약속하지 말고 승인 내역 확인 절차부터 안내합니
다.",8.2999
158,주문,주문하기,추가 안내가 필요합니다. 상품을 다른 상품과 함께 주문할 수 있나요? 제가 직접 확인할 수 있는 방법도 알려주세요.,상품 상세 페이지에서 옵션과 수량을 선택한 후 [구매하기]를 누르거나 [장바구니]에 담아 결제를 진행해 주세요.,"[""상품 상세 페이지에서 옵션과 수량을 선택한 후 [구매하기]를 누르거나 [장바구니]에 담아 주문을 진행해 주세요.""]","[정책 문서 1: 쇼핑몰 이용약관 및 운영정책.pdf]
1. 주문 정책 (Ordering Policy)

1.1 주문 접수 및 계약 성립 기준
주문 진행 절차: 원하는 상품의 상세 페이지에서 옵션과 수량을 선택한 후 [구매하기]를 누르거나 [장바구니]에 담아 결제를 진행합니다.
주문 성립 시점: 고객이 상품을 선택하여 결제를 완료하고, 시스템에서 [주문 완료] 메시지 또는 알림(이메일/알림톡)이 발송된 시점에 당사 간의 매매 계약이 성립됩니다.
재고 연동 및 품절 안내: 모든 주문은 실시간 재고 확보를 전제로 합니다. 단, 시스템 반영 시차로 인해 결제 완료 후 품절이 발생할 수 있으며, 이 경우 즉시 이메일/문자로 안
내 후 자동 취소 및 전액 환불 절차가 진행됩니다.
주문 제한 규정: 타인의 명의 도용, 매크로 등 불법 프로그램 이용, 재판매(리셀) 목적의 대량 주문으로 판단될 경우 회사는 사전 통보 없이 해당 주문을 임의 취소할 수 있습
니다.

[정책 문서 2: 쇼핑몰 이용약관 및 운영정책.pdf]
1.3 주문 상품 구성(품목·옵션·수량) 변경 불가 안내
배송지·수령인 정보와 달리, 이미 결제 완료된 주문의 
상품 품목, 옵션(색상/사이즈 등), 수량
은 주문 상태와 무관하게 변경이 불가합니다.
변경이 필요한 경우 기존 주문을 취소한 후 원하는 구성으로 다시 주문해야 하며, 이미 '상품 준비 중' 이후 단계라면 취소 불가 규정(3항)이 함께 적용됩니다.
수량을 늘리고 싶은 경우도 기존 주문 수정이 아닌 신규 주문으로 진행해야 합니다.
TIP
주문 관련 팁 (RAG 응답 기준)
고객이 주문 후 배송지 변경을 요청할 때, 주문 상태가 '결제 완료' 이하인지 먼저 확인해야 합니다. 이미 '상품 준비 중'으로 변경된 경우 물류 시스템 특성상 자동 수정이 불가능합니
다.

2. 결제 정책 (Payment Policy)

[정책 문서 3: 쇼핑몰 이용약관 및 운영정책.pdf]
6.4 배송 방법 옵션
배송 방법
배송비
소요 기간
비고
표준 배송
기본 배송비(6.1항 기준)
영업일 2~4일
전 상품 대상
빠른 배송(익일)
추가 배송비 3,000원
오후 2시 이전 주문 시 익일 도착
일부 물류센터 보유 상품 한정
매장 픽업
무료
준비 완료 알림 후 즉시 수령 가능
픽업 가능 매장 보유 재고에 한함
TIP
배송 관련 팁 (RAG 응답 기준)
배송비 문의는 기본 배송비 → 무료배송 조건 → 도서산간 추가비용 순서로 안내합니다. 배송 지연 문의는 먼저 [배송조회] 확인을 안내한 후, 확인이 안 될 경우에만 고객센터 개별 문
의로 연결합니다.

7. 회원 정책 (Membership Policy)",9.0577
159,주문,주문하기,추가 안내가 필요합니다. 상품의 옵션과 수량을 선택한 뒤 어떻게 주문하나요? 제가 직접 확인할 수 있는 방법도 알려주세요.,상품 상세 페이지에서 옵션과 수량을 선택한 후 [구매하기]를 누르거나 [장바구니]에 담아 결제를 진행해 주세요.,"[""상품 상세 페이지에서 옵션과 수량을 선택한 후 [구매하기]를 누르거나 [장바구니]에 담아 주문을 진행해 주세요.""]","[정책 문서 1: 쇼핑몰 이용약관 및 운영정책.pdf]
1. 주문 정책 (Ordering Policy)

1.1 주문 접수 및 계약 성립 기준
주문 진행 절차: 원하는 상품의 상세 페이지에서 옵션과 수량을 선택한 후 [구매하기]를 누르거나 [장바구니]에 담아 결제를 진행합니다.
주문 성립 시점: 고객이 상품을 선택하여 결제를 완료하고, 시스템에서 [주문 완료] 메시지 또는 알림(이메일/알림톡)이 발송된 시점에 당사 간의 매매 계약이 성립됩니다.
재고 연동 및 품절 안내: 모든 주문은 실시간 재고 확보를 전제로 합니다. 단, 시스템 반영 시차로 인해 결제 완료 후 품절이 발생할 수 있으며, 이 경우 즉시 이메일/문자로 안
내 후 자동 취소 및 전액 환불 절차가 진행됩니다.
주문 제한 규정: 타인의 명의 도용, 매크로 등 불법 프로그램 이용, 재판매(리셀) 목적의 대량 주문으로 판단될 경우 회사는 사전 통보 없이 해당 주문을 임의 취소할 수 있습
니다.

[정책 문서 2: 쇼핑몰 이용약관 및 운영정책.pdf]
1.3 주문 상품 구성(품목·옵션·수량) 변경 불가 안내
배송지·수령인 정보와 달리, 이미 결제 완료된 주문의 
상품 품목, 옵션(색상/사이즈 등), 수량
은 주문 상태와 무관하게 변경이 불가합니다.
변경이 필요한 경우 기존 주문을 취소한 후 원하는 구성으로 다시 주문해야 하며, 이미 '상품 준비 중' 이후 단계라면 취소 불가 규정(3항)이 함께 적용됩니다.
수량을 늘리고 싶은 경우도 기존 주문 수정이 아닌 신규 주문으로 진행해야 합니다.
TIP
주문 관련 팁 (RAG 응답 기준)
고객이 주문 후 배송지 변경을 요청할 때, 주문 상태가 '결제 완료' 이하인지 먼저 확인해야 합니다. 이미 '상품 준비 중'으로 변경된 경우 물류 시스템 특성상 자동 수정이 불가능합니
다.

2. 결제 정책 (Payment Policy)

[정책 문서 3: 전자상거래_표준약관.pdf]
1. 재화 등의 검색 및 선택

2. 받는 사람의 성명, 주소, 전화번호, 전자우편주소(또는 이동전화번호) 등의
입력

3. 약관내용, 청약철회권이 제한되는 서비스, 배송료 ․ 설치비 등의 비용부담과
관련한 내용에 대한 확인

4. 이 약관에 동의하고 위 3.호의 사항을 확인하거나 거부하는 표시
(예, 마우스 클릭)

5. 재화등의 구매신청 및 이에 관한 확인 또는 “몰”의 확인에 대한 동의

6. 결제방법의 선택

② “몰”이 제3자에게 구매자 개인정보를 제공할 필요가 있는 경우 1) 개인정보를
제공받는 자, 2)개인정보를 제공받는 자의 개인정보 이용목적, 3) 제공하는 개
인정보의 항목, 4) 개인정보를 제공받는 자의 개인정보 보유 및 이용기간을 구
매자에게 알리고 동의를 받아야 합니다. (동의를 받은 사항이 변경되는 경우에
도 같습니다.)",9.7697
160,주문,주문하기,상품을 주문하는 방법을 알려주세요. 필요한 정보가 있다면 함께 알려주세요.,상품 상세 페이지에서 옵션과 수량을 선택한 후 [구매하기]를 누르거나 [장바구니]에 담아 결제를 진행해 주세요.,"[""상품 상세 페이지에서 옵션과 수량을 선택한 후 [구매하기]를 누르거나 [장바구니]에 담아 주문을 진행해 주세요.""]","[정책 문서 1: 쇼핑몰 이용약관 및 운영정책.pdf]
1. 주문 정책 (Ordering Policy)

1.1 주문 접수 및 계약 성립 기준
주문 진행 절차: 원하는 상품의 상세 페이지에서 옵션과 수량을 선택한 후 [구매하기]를 누르거나 [장바구니]에 담아 결제를 진행합니다.
주문 성립 시점: 고객이 상품을 선택하여 결제를 완료하고, 시스템에서 [주문 완료] 메시지 또는 알림(이메일/알림톡)이 발송된 시점에 당사 간의 매매 계약이 성립됩니다.
재고 연동 및 품절 안내: 모든 주문은 실시간 재고 확보를 전제로 합니다. 단, 시스템 반영 시차로 인해 결제 완료 후 품절이 발생할 수 있으며, 이 경우 즉시 이메일/문자로 안
내 후 자동 취소 및 전액 환불 절차가 진행됩니다.
주문 제한 규정: 타인의 명의 도용, 매크로 등 불법 프로그램 이용, 재판매(리셀) 목적의 대량 주문으로 판단될 경우 회사는 사전 통보 없이 해당 주문을 임의 취소할 수 있습
니다.

[정책 문서 2: 전자상거래_표준약관.pdf]
1. 재화 등의 검색 및 선택

2. 받는 사람의 성명, 주소, 전화번호, 전자우편주소(또는 이동전화번호) 등의
입력

3. 약관내용, 청약철회권이 제한되는 서비스, 배송료 ․ 설치비 등의 비용부담과
관련한 내용에 대한 확인

4. 이 약관에 동의하고 위 3.호의 사항을 확인하거나 거부하는 표시
(예, 마우스 클릭)

5. 재화등의 구매신청 및 이에 관한 확인 또는 “몰”의 확인에 대한 동의

6. 결제방법의 선택

② “몰”이 제3자에게 구매자 개인정보를 제공할 필요가 있는 경우 1) 개인정보를
제공받는 자, 2)개인정보를 제공받는 자의 개인정보 이용목적, 3) 제공하는 개
인정보의 항목, 4) 개인정보를 제공받는 자의 개인정보 보유 및 이용기간을 구
매자에게 알리고 동의를 받아야 합니다. (동의를 받은 사항이 변경되는 경우에
도 같습니다.)

[정책 문서 3: 쇼핑몰 이용약관 및 운영정책.pdf]
1.3 주문 상품 구성(품목·옵션·수량) 변경 불가 안내
배송지·수령인 정보와 달리, 이미 결제 완료된 주문의 
상품 품목, 옵션(색상/사이즈 등), 수량
은 주문 상태와 무관하게 변경이 불가합니다.
변경이 필요한 경우 기존 주문을 취소한 후 원하는 구성으로 다시 주문해야 하며, 이미 '상품 준비 중' 이후 단계라면 취소 불가 규정(3항)이 함께 적용됩니다.
수량을 늘리고 싶은 경우도 기존 주문 수정이 아닌 신규 주문으로 진행해야 합니다.
TIP
주문 관련 팁 (RAG 응답 기준)
고객이 주문 후 배송지 변경을 요청할 때, 주문 상태가 '결제 완료' 이하인지 먼저 확인해야 합니다. 이미 '상품 준비 중'으로 변경된 경우 물류 시스템 특성상 자동 수정이 불가능합니
다.

2. 결제 정책 (Payment Policy)",10.1083
161,주문,주문하기,방법을 알고 싶습니다. 상품의 옵션과 수량을 선택한 뒤 어떻게 주문하나요? 필요한 정보가 있다면 함께 알려주세요.,상품 상세 페이지에서 옵션과 수량을 선택한 후 [구매하기]를 누르거나 [장바구니]에 담아 결제를 진행해 주세요.,"[""상품 상세 페이지에서 옵션과 수량을 선택한 후 [구매하기]를 누르거나 [장바구니]에 담아 주문을 진행해 주세요.""]","[정책 문서 1: 쇼핑몰 이용약관 및 운영정책.pdf]
1. 주문 정책 (Ordering Policy)

1.1 주문 접수 및 계약 성립 기준
주문 진행 절차: 원하는 상품의 상세 페이지에서 옵션과 수량을 선택한 후 [구매하기]를 누르거나 [장바구니]에 담아 결제를 진행합니다.
주문 성립 시점: 고객이 상품을 선택하여 결제를 완료하고, 시스템에서 [주문 완료] 메시지 또는 알림(이메일/알림톡)이 발송된 시점에 당사 간의 매매 계약이 성립됩니다.
재고 연동 및 품절 안내: 모든 주문은 실시간 재고 확보를 전제로 합니다. 단, 시스템 반영 시차로 인해 결제 완료 후 품절이 발생할 수 있으며, 이 경우 즉시 이메일/문자로 안
내 후 자동 취소 및 전액 환불 절차가 진행됩니다.
주문 제한 규정: 타인의 명의 도용, 매크로 등 불법 프로그램 이용, 재판매(리셀) 목적의 대량 주문으로 판단될 경우 회사는 사전 통보 없이 해당 주문을 임의 취소할 수 있습
니다.

[정책 문서 2: 쇼핑몰 이용약관 및 운영정책.pdf]
1.3 주문 상품 구성(품목·옵션·수량) 변경 불가 안내
배송지·수령인 정보와 달리, 이미 결제 완료된 주문의 
상품 품목, 옵션(색상/사이즈 등), 수량
은 주문 상태와 무관하게 변경이 불가합니다.
변경이 필요한 경우 기존 주문을 취소한 후 원하는 구성으로 다시 주문해야 하며, 이미 '상품 준비 중' 이후 단계라면 취소 불가 규정(3항)이 함께 적용됩니다.
수량을 늘리고 싶은 경우도 기존 주문 수정이 아닌 신규 주문으로 진행해야 합니다.
TIP
주문 관련 팁 (RAG 응답 기준)
고객이 주문 후 배송지 변경을 요청할 때, 주문 상태가 '결제 완료' 이하인지 먼저 확인해야 합니다. 이미 '상품 준비 중'으로 변경된 경우 물류 시스템 특성상 자동 수정이 불가능합니
다.

2. 결제 정책 (Payment Policy)

[정책 문서 3: 전자상거래_표준약관.pdf]
1. 재화 등의 검색 및 선택

2. 받는 사람의 성명, 주소, 전화번호, 전자우편주소(또는 이동전화번호) 등의
입력

3. 약관내용, 청약철회권이 제한되는 서비스, 배송료 ․ 설치비 등의 비용부담과
관련한 내용에 대한 확인

4. 이 약관에 동의하고 위 3.호의 사항을 확인하거나 거부하는 표시
(예, 마우스 클릭)

5. 재화등의 구매신청 및 이에 관한 확인 또는 “몰”의 확인에 대한 동의

6. 결제방법의 선택

② “몰”이 제3자에게 구매자 개인정보를 제공할 필요가 있는 경우 1) 개인정보를
제공받는 자, 2)개인정보를 제공받는 자의 개인정보 이용목적, 3) 제공하는 개
인정보의 항목, 4) 개인정보를 제공받는 자의 개인정보 보유 및 이용기간을 구
매자에게 알리고 동의를 받아야 합니다. (동의를 받은 사항이 변경되는 경우에
도 같습니다.)",9.7555
162,주문,주문하기,절차를 안내받고 싶습니다. 상품을 주문하는 방법을 알려주세요. 필요한 정보가 있다면 함께 알려주세요.,상품 상세 페이지에서 옵션과 수량을 선택한 후 [구매하기]를 누르거나 [장바구니]에 담아 결제를 진행해 주세요.,"[""상품 상세 페이지에서 옵션과 수량을 선택한 후 [구매하기]를 누르거나 [장바구니]에 담아 주문을 진행해 주세요.""]","[정책 문서 1: 쇼핑몰 이용약관 및 운영정책.pdf]
1. 주문 정책 (Ordering Policy)

1.1 주문 접수 및 계약 성립 기준
주문 진행 절차: 원하는 상품의 상세 페이지에서 옵션과 수량을 선택한 후 [구매하기]를 누르거나 [장바구니]에 담아 결제를 진행합니다.
주문 성립 시점: 고객이 상품을 선택하여 결제를 완료하고, 시스템에서 [주문 완료] 메시지 또는 알림(이메일/알림톡)이 발송된 시점에 당사 간의 매매 계약이 성립됩니다.
재고 연동 및 품절 안내: 모든 주문은 실시간 재고 확보를 전제로 합니다. 단, 시스템 반영 시차로 인해 결제 완료 후 품절이 발생할 수 있으며, 이 경우 즉시 이메일/문자로 안
내 후 자동 취소 및 전액 환불 절차가 진행됩니다.
주문 제한 규정: 타인의 명의 도용, 매크로 등 불법 프로그램 이용, 재판매(리셀) 목적의 대량 주문으로 판단될 경우 회사는 사전 통보 없이 해당 주문을 임의 취소할 수 있습
니다.

[정책 문서 2: 전자상거래_표준약관.pdf]
1. 재화 등의 검색 및 선택

2. 받는 사람의 성명, 주소, 전화번호, 전자우편주소(또는 이동전화번호) 등의
입력

3. 약관내용, 청약철회권이 제한되는 서비스, 배송료 ․ 설치비 등의 비용부담과
관련한 내용에 대한 확인

4. 이 약관에 동의하고 위 3.호의 사항을 확인하거나 거부하는 표시
(예, 마우스 클릭)

5. 재화등의 구매신청 및 이에 관한 확인 또는 “몰”의 확인에 대한 동의

6. 결제방법의 선택

② “몰”이 제3자에게 구매자 개인정보를 제공할 필요가 있는 경우 1) 개인정보를
제공받는 자, 2)개인정보를 제공받는 자의 개인정보 이용목적, 3) 제공하는 개
인정보의 항목, 4) 개인정보를 제공받는 자의 개인정보 보유 및 이용기간을 구
매자에게 알리고 동의를 받아야 합니다. (동의를 받은 사항이 변경되는 경우에
도 같습니다.)

[정책 문서 3: 쇼핑몰 이용약관 및 운영정책.pdf]
금액·기간 등 수치 정보는 원문 그대로 정확히 인용하고, 임의로 추정하지 않습니다.
법정대리인 동의, 분쟁조정 등 법적 절차가 필요한 문의는 최종 처리 결과를 단정하지 말고 ""확인 후 안내드리겠습니다"" 형태로 고객센터 상담 연결을 병행 안내합니
다.",8.7057
163,주문,주문하기,처리 방법이 궁금합니다. 상품을 주문하는 방법을 알려주세요. 필요한 정보가 있다면 함께 알려주세요.,상품 상세 페이지에서 옵션과 수량을 선택한 후 [구매하기]를 누르거나 [장바구니]에 담아 결제를 진행해 주세요.,"[""상품 상세 페이지에서 옵션과 수량을 선택한 후 [구매하기]를 누르거나 [장바구니]에 담아 주문을 진행해 주세요.""]","[정책 문서 1: 쇼핑몰 이용약관 및 운영정책.pdf]
1. 주문 정책 (Ordering Policy)

1.1 주문 접수 및 계약 성립 기준
주문 진행 절차: 원하는 상품의 상세 페이지에서 옵션과 수량을 선택한 후 [구매하기]를 누르거나 [장바구니]에 담아 결제를 진행합니다.
주문 성립 시점: 고객이 상품을 선택하여 결제를 완료하고, 시스템에서 [주문 완료] 메시지 또는 알림(이메일/알림톡)이 발송된 시점에 당사 간의 매매 계약이 성립됩니다.
재고 연동 및 품절 안내: 모든 주문은 실시간 재고 확보를 전제로 합니다. 단, 시스템 반영 시차로 인해 결제 완료 후 품절이 발생할 수 있으며, 이 경우 즉시 이메일/문자로 안
내 후 자동 취소 및 전액 환불 절차가 진행됩니다.
주문 제한 규정: 타인의 명의 도용, 매크로 등 불법 프로그램 이용, 재판매(리셀) 목적의 대량 주문으로 판단될 경우 회사는 사전 통보 없이 해당 주문을 임의 취소할 수 있습
니다.

[정책 문서 2: 전자상거래_표준약관.pdf]
1. 재화 등의 검색 및 선택

2. 받는 사람의 성명, 주소, 전화번호, 전자우편주소(또는 이동전화번호) 등의
입력

3. 약관내용, 청약철회권이 제한되는 서비스, 배송료 ․ 설치비 등의 비용부담과
관련한 내용에 대한 확인

4. 이 약관에 동의하고 위 3.호의 사항을 확인하거나 거부하는 표시
(예, 마우스 클릭)

5. 재화등의 구매신청 및 이에 관한 확인 또는 “몰”의 확인에 대한 동의

6. 결제방법의 선택

② “몰”이 제3자에게 구매자 개인정보를 제공할 필요가 있는 경우 1) 개인정보를
제공받는 자, 2)개인정보를 제공받는 자의 개인정보 이용목적, 3) 제공하는 개
인정보의 항목, 4) 개인정보를 제공받는 자의 개인정보 보유 및 이용기간을 구
매자에게 알리고 동의를 받아야 합니다. (동의를 받은 사항이 변경되는 경우에
도 같습니다.)

[정책 문서 3: 쇼핑몰 이용약관 및 운영정책.pdf]
1.3 주문 상품 구성(품목·옵션·수량) 변경 불가 안내
배송지·수령인 정보와 달리, 이미 결제 완료된 주문의 
상품 품목, 옵션(색상/사이즈 등), 수량
은 주문 상태와 무관하게 변경이 불가합니다.
변경이 필요한 경우 기존 주문을 취소한 후 원하는 구성으로 다시 주문해야 하며, 이미 '상품 준비 중' 이후 단계라면 취소 불가 규정(3항)이 함께 적용됩니다.
수량을 늘리고 싶은 경우도 기존 주문 수정이 아닌 신규 주문으로 진행해야 합니다.
TIP
주문 관련 팁 (RAG 응답 기준)
고객이 주문 후 배송지 변경을 요청할 때, 주문 상태가 '결제 완료' 이하인지 먼저 확인해야 합니다. 이미 '상품 준비 중'으로 변경된 경우 물류 시스템 특성상 자동 수정이 불가능합니
다.

2. 결제 정책 (Payment Policy)",9.5268
164,주문,주문하기,자세한 안내 부탁드립니다. 상품을 주문하는 방법을 알려주세요. 필요한 정보가 있다면 함께 알려주세요.,상품 상세 페이지에서 옵션과 수량을 선택한 후 [구매하기]를 누르거나 [장바구니]에 담아 결제를 진행해 주세요.,"[""상품 상세 페이지에서 옵션과 수량을 선택한 후 [구매하기]를 누르거나 [장바구니]에 담아 주문을 진행해 주세요.""]","[정책 문서 1: 쇼핑몰 이용약관 및 운영정책.pdf]
1. 주문 정책 (Ordering Policy)

1.1 주문 접수 및 계약 성립 기준
주문 진행 절차: 원하는 상품의 상세 페이지에서 옵션과 수량을 선택한 후 [구매하기]를 누르거나 [장바구니]에 담아 결제를 진행합니다.
주문 성립 시점: 고객이 상품을 선택하여 결제를 완료하고, 시스템에서 [주문 완료] 메시지 또는 알림(이메일/알림톡)이 발송된 시점에 당사 간의 매매 계약이 성립됩니다.
재고 연동 및 품절 안내: 모든 주문은 실시간 재고 확보를 전제로 합니다. 단, 시스템 반영 시차로 인해 결제 완료 후 품절이 발생할 수 있으며, 이 경우 즉시 이메일/문자로 안
내 후 자동 취소 및 전액 환불 절차가 진행됩니다.
주문 제한 규정: 타인의 명의 도용, 매크로 등 불법 프로그램 이용, 재판매(리셀) 목적의 대량 주문으로 판단될 경우 회사는 사전 통보 없이 해당 주문을 임의 취소할 수 있습
니다.

[정책 문서 2: 전자상거래_표준약관.pdf]
1. 재화 등의 검색 및 선택

2. 받는 사람의 성명, 주소, 전화번호, 전자우편주소(또는 이동전화번호) 등의
입력

3. 약관내용, 청약철회권이 제한되는 서비스, 배송료 ․ 설치비 등의 비용부담과
관련한 내용에 대한 확인

4. 이 약관에 동의하고 위 3.호의 사항을 확인하거나 거부하는 표시
(예, 마우스 클릭)

5. 재화등의 구매신청 및 이에 관한 확인 또는 “몰”의 확인에 대한 동의

6. 결제방법의 선택

② “몰”이 제3자에게 구매자 개인정보를 제공할 필요가 있는 경우 1) 개인정보를
제공받는 자, 2)개인정보를 제공받는 자의 개인정보 이용목적, 3) 제공하는 개
인정보의 항목, 4) 개인정보를 제공받는 자의 개인정보 보유 및 이용기간을 구
매자에게 알리고 동의를 받아야 합니다. (동의를 받은 사항이 변경되는 경우에
도 같습니다.)

[정책 문서 3: 쇼핑몰 이용약관 및 운영정책.pdf]
금액·기간 등 수치 정보는 원문 그대로 정확히 인용하고, 임의로 추정하지 않습니다.
법정대리인 동의, 분쟁조정 등 법적 절차가 필요한 문의는 최종 처리 결과를 단정하지 말고 ""확인 후 안내드리겠습니다"" 형태로 고객센터 상담 연결을 병행 안내합니
다.",9.2658
165,주문,주문하기,자세한 안내 부탁드립니다. 상품을 다른 상품과 함께 주문할 수 있나요? 필요한 정보가 있다면 함께 알려주세요.,상품 상세 페이지에서 옵션과 수량을 선택한 후 [구매하기]를 누르거나 [장바구니]에 담아 주문을 진행해 주세요.,"[""상품 상세 페이지에서 옵션과 수량을 선택한 후 [구매하기]를 누르거나 [장바구니]에 담아 주문을 진행해 주세요.""]","[정책 문서 1: 쇼핑몰 이용약관 및 운영정책.pdf]
5. 교환 정책 (Exchange Policy)
동일 상품 옵션 교환: 동일 상품의 색상 또는 사이즈 변경은 재고가 있는 경우 7일 이내 교환이 가능하며, 왕복 배송비는 고객 부담입니다.
타 상품으로의 교환: 다른 상품으로의 직접 교환은 불가하므로, 기존 주문을 [반품/환불] 처리한 후 원하시는 상품으로 재주문하셔야 합니다.
불량 및 오배송 교환: 동일 상품으로 무상 맞교환을 원칙으로 하며, 단종 또는 품절 시에는 전액 환불 처리됩니다.

6. 배송 정책 (Shipping Policy)

[정책 문서 2: 쇼핑몰 이용약관 및 운영정책.pdf]
1.3 주문 상품 구성(품목·옵션·수량) 변경 불가 안내
배송지·수령인 정보와 달리, 이미 결제 완료된 주문의 
상품 품목, 옵션(색상/사이즈 등), 수량
은 주문 상태와 무관하게 변경이 불가합니다.
변경이 필요한 경우 기존 주문을 취소한 후 원하는 구성으로 다시 주문해야 하며, 이미 '상품 준비 중' 이후 단계라면 취소 불가 규정(3항)이 함께 적용됩니다.
수량을 늘리고 싶은 경우도 기존 주문 수정이 아닌 신규 주문으로 진행해야 합니다.
TIP
주문 관련 팁 (RAG 응답 기준)
고객이 주문 후 배송지 변경을 요청할 때, 주문 상태가 '결제 완료' 이하인지 먼저 확인해야 합니다. 이미 '상품 준비 중'으로 변경된 경우 물류 시스템 특성상 자동 수정이 불가능합니
다.

2. 결제 정책 (Payment Policy)

[정책 문서 3: 전자상거래_표준약관.pdf]
1. 재화 등의 검색 및 선택

2. 받는 사람의 성명, 주소, 전화번호, 전자우편주소(또는 이동전화번호) 등의
입력

3. 약관내용, 청약철회권이 제한되는 서비스, 배송료 ․ 설치비 등의 비용부담과
관련한 내용에 대한 확인

4. 이 약관에 동의하고 위 3.호의 사항을 확인하거나 거부하는 표시
(예, 마우스 클릭)

5. 재화등의 구매신청 및 이에 관한 확인 또는 “몰”의 확인에 대한 동의

6. 결제방법의 선택

② “몰”이 제3자에게 구매자 개인정보를 제공할 필요가 있는 경우 1) 개인정보를
제공받는 자, 2)개인정보를 제공받는 자의 개인정보 이용목적, 3) 제공하는 개
인정보의 항목, 4) 개인정보를 제공받는 자의 개인정보 보유 및 이용기간을 구
매자에게 알리고 동의를 받아야 합니다. (동의를 받은 사항이 변경되는 경우에
도 같습니다.)",9.5444
166,주문,주문하기,이용 중 궁금한 점이 있습니다. 상품을 구매하고 싶습니다. 필요한 정보가 있다면 함께 알려주세요.,상품 상세 페이지에서 옵션과 수량을 선택한 후 [구매하기]를 누르거나 [장바구니]에 담아 주문을 진행해 주세요.,"[""상품 상세 페이지에서 옵션과 수량을 선택한 후 [구매하기]를 누르거나 [장바구니]에 담아 주문을 진행해 주세요.""]","[정책 문서 1: 전자상거래_표준약관.pdf]
1. 재화 등의 검색 및 선택

2. 받는 사람의 성명, 주소, 전화번호, 전자우편주소(또는 이동전화번호) 등의
입력

3. 약관내용, 청약철회권이 제한되는 서비스, 배송료 ․ 설치비 등의 비용부담과
관련한 내용에 대한 확인

4. 이 약관에 동의하고 위 3.호의 사항을 확인하거나 거부하는 표시
(예, 마우스 클릭)

5. 재화등의 구매신청 및 이에 관한 확인 또는 “몰”의 확인에 대한 동의

6. 결제방법의 선택

② “몰”이 제3자에게 구매자 개인정보를 제공할 필요가 있는 경우 1) 개인정보를
제공받는 자, 2)개인정보를 제공받는 자의 개인정보 이용목적, 3) 제공하는 개
인정보의 항목, 4) 개인정보를 제공받는 자의 개인정보 보유 및 이용기간을 구
매자에게 알리고 동의를 받아야 합니다. (동의를 받은 사항이 변경되는 경우에
도 같습니다.)

[정책 문서 2: 쇼핑몰 이용약관 및 운영정책.pdf]
12.2 문의 채널
1:1 채팅 상담: 앱/웹 하단 [고객센터] 메뉴에서 실시간 상담 가능 (운영시간 내)
대표 전화: 상품 페이지 및 마이페이지 하단에 안내된 대표번호로 연결
이메일 문의: 운영시간 외 문의는 이메일로 접수 시 순차 확인 후 회신

[정책 문서 3: 전자상거래_표준약관.pdf]
2. 선불카드, 직불카드, 신용카드 등의 각종 카드 결제

3. 온라인무통장입금

4. 전자화폐에 의한 결제

5. 수령 시 대금지급

6. 마일리지 등 “몰”이 지급한 포인트에 의한 결제
7. “몰”과 계약을 맺었거나 “몰”이 인정한 상품권에 의한 결제 

8. 기타 전자적 지급 방법에 의한 대금 지급 등

제12조(수신확인통지 ․ 구매신청 변경 및 취소)

① “몰”은 이용자의 구매신청이 있는 경우 이용자에게 수신확인통지를 합니다.

② 수신확인통지를 받은 이용자는 의사표시의 불일치 등이 있는 경우에는 수신확인
통지를 받은 후 즉시 구매신청 변경 및 취소를 요청할 수 있고 “몰”은 배송 전
에 이용자의 요청이 있는 경우에는 지체 없이 그 요청에 따라 처리하여야 합니
다. 다만 이미 대금을 지불한 경우에는 제15조의 청약철회 등에 관한 규정에 따
릅니다.

제13조(재화 등의 공급)",9.0843
167,주문,주문하기,처리 전에 확인하고 싶습니다. 상품을 처음 주문하는데 절차를 안내해 주세요. 필요한 정보가 있다면 함께 알려주세요.,상품 상세 페이지에서 옵션과 수량을 선택한 후 [구매하기]를 누르거나 [장바구니]에 담아 결제를 진행해 주세요.,"[""상품 상세 페이지에서 옵션과 수량을 선택한 후 [구매하기]를 누르거나 [장바구니]에 담아 주문을 진행해 주세요.""]","[정책 문서 1: 쇼핑몰 이용약관 및 운영정책.pdf]
1. 주문 정책 (Ordering Policy)

1.1 주문 접수 및 계약 성립 기준
주문 진행 절차: 원하는 상품의 상세 페이지에서 옵션과 수량을 선택한 후 [구매하기]를 누르거나 [장바구니]에 담아 결제를 진행합니다.
주문 성립 시점: 고객이 상품을 선택하여 결제를 완료하고, 시스템에서 [주문 완료] 메시지 또는 알림(이메일/알림톡)이 발송된 시점에 당사 간의 매매 계약이 성립됩니다.
재고 연동 및 품절 안내: 모든 주문은 실시간 재고 확보를 전제로 합니다. 단, 시스템 반영 시차로 인해 결제 완료 후 품절이 발생할 수 있으며, 이 경우 즉시 이메일/문자로 안
내 후 자동 취소 및 전액 환불 절차가 진행됩니다.
주문 제한 규정: 타인의 명의 도용, 매크로 등 불법 프로그램 이용, 재판매(리셀) 목적의 대량 주문으로 판단될 경우 회사는 사전 통보 없이 해당 주문을 임의 취소할 수 있습
니다.

[정책 문서 2: 쇼핑몰 이용약관 및 운영정책.pdf]
금액·기간 등 수치 정보는 원문 그대로 정확히 인용하고, 임의로 추정하지 않습니다.
법정대리인 동의, 분쟁조정 등 법적 절차가 필요한 문의는 최종 처리 결과를 단정하지 말고 ""확인 후 안내드리겠습니다"" 형태로 고객센터 상담 연결을 병행 안내합니
다.

[정책 문서 3: 쇼핑몰 이용약관 및 운영정책.pdf]
TIP
결제 오류 관련 팁 (RAG 응답 기준)
""결제가 안 돼요""라는 문의는 먼저 실제 결제/주문 완료 여부부터 확인하도록 안내하고, 이중 결제가 의심되는 경우 임의로 환불을 약속하지 말고 승인 내역 확인 절차부터 안내합니
다.",7.4655
168,주문,주문하기,추가 안내가 필요합니다. 상품을 다른 상품과 함께 주문할 수 있나요? 필요한 정보가 있다면 함께 알려주세요.,상품 상세 페이지에서 옵션과 수량을 선택한 후 [구매하기]를 누르거나 [장바구니]에 담아 주문을 진행해 주세요.,"[""상품 상세 페이지에서 옵션과 수량을 선택한 후 [구매하기]를 누르거나 [장바구니]에 담아 주문을 진행해 주세요.""]","[정책 문서 1: 쇼핑몰 이용약관 및 운영정책.pdf]
5. 교환 정책 (Exchange Policy)
동일 상품 옵션 교환: 동일 상품의 색상 또는 사이즈 변경은 재고가 있는 경우 7일 이내 교환이 가능하며, 왕복 배송비는 고객 부담입니다.
타 상품으로의 교환: 다른 상품으로의 직접 교환은 불가하므로, 기존 주문을 [반품/환불] 처리한 후 원하시는 상품으로 재주문하셔야 합니다.
불량 및 오배송 교환: 동일 상품으로 무상 맞교환을 원칙으로 하며, 단종 또는 품절 시에는 전액 환불 처리됩니다.

6. 배송 정책 (Shipping Policy)

[정책 문서 2: 쇼핑몰 이용약관 및 운영정책.pdf]
1.3 주문 상품 구성(품목·옵션·수량) 변경 불가 안내
배송지·수령인 정보와 달리, 이미 결제 완료된 주문의 
상품 품목, 옵션(색상/사이즈 등), 수량
은 주문 상태와 무관하게 변경이 불가합니다.
변경이 필요한 경우 기존 주문을 취소한 후 원하는 구성으로 다시 주문해야 하며, 이미 '상품 준비 중' 이후 단계라면 취소 불가 규정(3항)이 함께 적용됩니다.
수량을 늘리고 싶은 경우도 기존 주문 수정이 아닌 신규 주문으로 진행해야 합니다.
TIP
주문 관련 팁 (RAG 응답 기준)
고객이 주문 후 배송지 변경을 요청할 때, 주문 상태가 '결제 완료' 이하인지 먼저 확인해야 합니다. 이미 '상품 준비 중'으로 변경된 경우 물류 시스템 특성상 자동 수정이 불가능합니
다.

2. 결제 정책 (Payment Policy)

[정책 문서 3: 쇼핑몰 이용약관 및 운영정책.pdf]
금액·기간 등 수치 정보는 원문 그대로 정확히 인용하고, 임의로 추정하지 않습니다.
법정대리인 동의, 분쟁조정 등 법적 절차가 필요한 문의는 최종 처리 결과를 단정하지 말고 ""확인 후 안내드리겠습니다"" 형태로 고객센터 상담 연결을 병행 안내합니
다.",8.4728
169,주문,주문하기,상품을 주문하는 방법을 알려주세요. 처리 전에 확인할 사항도 알려주세요.,상품 상세 페이지에서 옵션과 수량을 선택한 후 [구매하기]를 누르거나 [장바구니]에 담아 결제를 진행해 주세요.,"[""상품 상세 페이지에서 옵션과 수량을 선택한 후 [구매하기]를 누르거나 [장바구니]에 담아 주문을 진행해 주세요.""]","[정책 문서 1: 쇼핑몰 이용약관 및 운영정책.pdf]
1. 주문 정책 (Ordering Policy)

1.1 주문 접수 및 계약 성립 기준
주문 진행 절차: 원하는 상품의 상세 페이지에서 옵션과 수량을 선택한 후 [구매하기]를 누르거나 [장바구니]에 담아 결제를 진행합니다.
주문 성립 시점: 고객이 상품을 선택하여 결제를 완료하고, 시스템에서 [주문 완료] 메시지 또는 알림(이메일/알림톡)이 발송된 시점에 당사 간의 매매 계약이 성립됩니다.
재고 연동 및 품절 안내: 모든 주문은 실시간 재고 확보를 전제로 합니다. 단, 시스템 반영 시차로 인해 결제 완료 후 품절이 발생할 수 있으며, 이 경우 즉시 이메일/문자로 안
내 후 자동 취소 및 전액 환불 절차가 진행됩니다.
주문 제한 규정: 타인의 명의 도용, 매크로 등 불법 프로그램 이용, 재판매(리셀) 목적의 대량 주문으로 판단될 경우 회사는 사전 통보 없이 해당 주문을 임의 취소할 수 있습
니다.

[정책 문서 2: 전자상거래_표준약관.pdf]
1. 재화 등의 검색 및 선택

2. 받는 사람의 성명, 주소, 전화번호, 전자우편주소(또는 이동전화번호) 등의
입력

3. 약관내용, 청약철회권이 제한되는 서비스, 배송료 ․ 설치비 등의 비용부담과
관련한 내용에 대한 확인

4. 이 약관에 동의하고 위 3.호의 사항을 확인하거나 거부하는 표시
(예, 마우스 클릭)

5. 재화등의 구매신청 및 이에 관한 확인 또는 “몰”의 확인에 대한 동의

6. 결제방법의 선택

② “몰”이 제3자에게 구매자 개인정보를 제공할 필요가 있는 경우 1) 개인정보를
제공받는 자, 2)개인정보를 제공받는 자의 개인정보 이용목적, 3) 제공하는 개
인정보의 항목, 4) 개인정보를 제공받는 자의 개인정보 보유 및 이용기간을 구
매자에게 알리고 동의를 받아야 합니다. (동의를 받은 사항이 변경되는 경우에
도 같습니다.)

[정책 문서 3: 쇼핑몰 이용약관 및 운영정책.pdf]
1.3 주문 상품 구성(품목·옵션·수량) 변경 불가 안내
배송지·수령인 정보와 달리, 이미 결제 완료된 주문의 
상품 품목, 옵션(색상/사이즈 등), 수량
은 주문 상태와 무관하게 변경이 불가합니다.
변경이 필요한 경우 기존 주문을 취소한 후 원하는 구성으로 다시 주문해야 하며, 이미 '상품 준비 중' 이후 단계라면 취소 불가 규정(3항)이 함께 적용됩니다.
수량을 늘리고 싶은 경우도 기존 주문 수정이 아닌 신규 주문으로 진행해야 합니다.
TIP
주문 관련 팁 (RAG 응답 기준)
고객이 주문 후 배송지 변경을 요청할 때, 주문 상태가 '결제 완료' 이하인지 먼저 확인해야 합니다. 이미 '상품 준비 중'으로 변경된 경우 물류 시스템 특성상 자동 수정이 불가능합니
다.

2. 결제 정책 (Payment Policy)",9.7297
170,주문,주문하기,안녕하세요. 상품을 다른 상품과 함께 주문할 수 있나요? 처리 전에 확인할 사항도 알려주세요.,상품 상세 페이지에서 옵션과 수량을 선택한 후 [구매하기]를 누르거나 [장바구니]에 담아 결제를 진행해 주세요.,"[""상품 상세 페이지에서 옵션과 수량을 선택한 후 [구매하기]를 누르거나 [장바구니]에 담아 주문을 진행해 주세요.""]","[정책 문서 1: 쇼핑몰 이용약관 및 운영정책.pdf]
5. 교환 정책 (Exchange Policy)
동일 상품 옵션 교환: 동일 상품의 색상 또는 사이즈 변경은 재고가 있는 경우 7일 이내 교환이 가능하며, 왕복 배송비는 고객 부담입니다.
타 상품으로의 교환: 다른 상품으로의 직접 교환은 불가하므로, 기존 주문을 [반품/환불] 처리한 후 원하시는 상품으로 재주문하셔야 합니다.
불량 및 오배송 교환: 동일 상품으로 무상 맞교환을 원칙으로 하며, 단종 또는 품절 시에는 전액 환불 처리됩니다.

6. 배송 정책 (Shipping Policy)

[정책 문서 2: 쇼핑몰 이용약관 및 운영정책.pdf]
1. 주문 정책 (Ordering Policy)

1.1 주문 접수 및 계약 성립 기준
주문 진행 절차: 원하는 상품의 상세 페이지에서 옵션과 수량을 선택한 후 [구매하기]를 누르거나 [장바구니]에 담아 결제를 진행합니다.
주문 성립 시점: 고객이 상품을 선택하여 결제를 완료하고, 시스템에서 [주문 완료] 메시지 또는 알림(이메일/알림톡)이 발송된 시점에 당사 간의 매매 계약이 성립됩니다.
재고 연동 및 품절 안내: 모든 주문은 실시간 재고 확보를 전제로 합니다. 단, 시스템 반영 시차로 인해 결제 완료 후 품절이 발생할 수 있으며, 이 경우 즉시 이메일/문자로 안
내 후 자동 취소 및 전액 환불 절차가 진행됩니다.
주문 제한 규정: 타인의 명의 도용, 매크로 등 불법 프로그램 이용, 재판매(리셀) 목적의 대량 주문으로 판단될 경우 회사는 사전 통보 없이 해당 주문을 임의 취소할 수 있습
니다.

[정책 문서 3: 쇼핑몰 이용약관 및 운영정책.pdf]
1.3 주문 상품 구성(품목·옵션·수량) 변경 불가 안내
배송지·수령인 정보와 달리, 이미 결제 완료된 주문의 
상품 품목, 옵션(색상/사이즈 등), 수량
은 주문 상태와 무관하게 변경이 불가합니다.
변경이 필요한 경우 기존 주문을 취소한 후 원하는 구성으로 다시 주문해야 하며, 이미 '상품 준비 중' 이후 단계라면 취소 불가 규정(3항)이 함께 적용됩니다.
수량을 늘리고 싶은 경우도 기존 주문 수정이 아닌 신규 주문으로 진행해야 합니다.
TIP
주문 관련 팁 (RAG 응답 기준)
고객이 주문 후 배송지 변경을 요청할 때, 주문 상태가 '결제 완료' 이하인지 먼저 확인해야 합니다. 이미 '상품 준비 중'으로 변경된 경우 물류 시스템 특성상 자동 수정이 불가능합니
다.

2. 결제 정책 (Payment Policy)",8.6888
171,주문,주문하기,안녕하세요. 상품의 옵션과 수량을 선택한 뒤 어떻게 주문하나요? 처리 전에 확인할 사항도 알려주세요.,상품 상세 페이지에서 옵션과 수량을 선택한 후 [구매하기]를 누르거나 [장바구니]에 담아 결제를 진행해 주세요.,"[""상품 상세 페이지에서 옵션과 수량을 선택한 후 [구매하기]를 누르거나 [장바구니]에 담아 주문을 진행해 주세요.""]","[정책 문서 1: 쇼핑몰 이용약관 및 운영정책.pdf]
1. 주문 정책 (Ordering Policy)

1.1 주문 접수 및 계약 성립 기준
주문 진행 절차: 원하는 상품의 상세 페이지에서 옵션과 수량을 선택한 후 [구매하기]를 누르거나 [장바구니]에 담아 결제를 진행합니다.
주문 성립 시점: 고객이 상품을 선택하여 결제를 완료하고, 시스템에서 [주문 완료] 메시지 또는 알림(이메일/알림톡)이 발송된 시점에 당사 간의 매매 계약이 성립됩니다.
재고 연동 및 품절 안내: 모든 주문은 실시간 재고 확보를 전제로 합니다. 단, 시스템 반영 시차로 인해 결제 완료 후 품절이 발생할 수 있으며, 이 경우 즉시 이메일/문자로 안
내 후 자동 취소 및 전액 환불 절차가 진행됩니다.
주문 제한 규정: 타인의 명의 도용, 매크로 등 불법 프로그램 이용, 재판매(리셀) 목적의 대량 주문으로 판단될 경우 회사는 사전 통보 없이 해당 주문을 임의 취소할 수 있습
니다.

[정책 문서 2: 쇼핑몰 이용약관 및 운영정책.pdf]
1.3 주문 상품 구성(품목·옵션·수량) 변경 불가 안내
배송지·수령인 정보와 달리, 이미 결제 완료된 주문의 
상품 품목, 옵션(색상/사이즈 등), 수량
은 주문 상태와 무관하게 변경이 불가합니다.
변경이 필요한 경우 기존 주문을 취소한 후 원하는 구성으로 다시 주문해야 하며, 이미 '상품 준비 중' 이후 단계라면 취소 불가 규정(3항)이 함께 적용됩니다.
수량을 늘리고 싶은 경우도 기존 주문 수정이 아닌 신규 주문으로 진행해야 합니다.
TIP
주문 관련 팁 (RAG 응답 기준)
고객이 주문 후 배송지 변경을 요청할 때, 주문 상태가 '결제 완료' 이하인지 먼저 확인해야 합니다. 이미 '상품 준비 중'으로 변경된 경우 물류 시스템 특성상 자동 수정이 불가능합니
다.

2. 결제 정책 (Payment Policy)

[정책 문서 3: 전자상거래_표준약관.pdf]
1. 재화 등의 검색 및 선택

2. 받는 사람의 성명, 주소, 전화번호, 전자우편주소(또는 이동전화번호) 등의
입력

3. 약관내용, 청약철회권이 제한되는 서비스, 배송료 ․ 설치비 등의 비용부담과
관련한 내용에 대한 확인

4. 이 약관에 동의하고 위 3.호의 사항을 확인하거나 거부하는 표시
(예, 마우스 클릭)

5. 재화등의 구매신청 및 이에 관한 확인 또는 “몰”의 확인에 대한 동의

6. 결제방법의 선택

② “몰”이 제3자에게 구매자 개인정보를 제공할 필요가 있는 경우 1) 개인정보를
제공받는 자, 2)개인정보를 제공받는 자의 개인정보 이용목적, 3) 제공하는 개
인정보의 항목, 4) 개인정보를 제공받는 자의 개인정보 보유 및 이용기간을 구
매자에게 알리고 동의를 받아야 합니다. (동의를 받은 사항이 변경되는 경우에
도 같습니다.)",9.557
172,주문,주문하기,확인 부탁드립니다. 상품의 옵션과 수량을 선택한 뒤 어떻게 주문하나요? 처리 전에 확인할 사항도 알려주세요.,상품 상세 페이지에서 옵션과 수량을 선택한 후 [구매하기]를 누르거나 [장바구니]에 담아 결제를 진행해 주세요.,"[""상품 상세 페이지에서 옵션과 수량을 선택한 후 [구매하기]를 누르거나 [장바구니]에 담아 주문을 진행해 주세요.""]","[정책 문서 1: 쇼핑몰 이용약관 및 운영정책.pdf]
1. 주문 정책 (Ordering Policy)

1.1 주문 접수 및 계약 성립 기준
주문 진행 절차: 원하는 상품의 상세 페이지에서 옵션과 수량을 선택한 후 [구매하기]를 누르거나 [장바구니]에 담아 결제를 진행합니다.
주문 성립 시점: 고객이 상품을 선택하여 결제를 완료하고, 시스템에서 [주문 완료] 메시지 또는 알림(이메일/알림톡)이 발송된 시점에 당사 간의 매매 계약이 성립됩니다.
재고 연동 및 품절 안내: 모든 주문은 실시간 재고 확보를 전제로 합니다. 단, 시스템 반영 시차로 인해 결제 완료 후 품절이 발생할 수 있으며, 이 경우 즉시 이메일/문자로 안
내 후 자동 취소 및 전액 환불 절차가 진행됩니다.
주문 제한 규정: 타인의 명의 도용, 매크로 등 불법 프로그램 이용, 재판매(리셀) 목적의 대량 주문으로 판단될 경우 회사는 사전 통보 없이 해당 주문을 임의 취소할 수 있습
니다.

[정책 문서 2: 쇼핑몰 이용약관 및 운영정책.pdf]
1.3 주문 상품 구성(품목·옵션·수량) 변경 불가 안내
배송지·수령인 정보와 달리, 이미 결제 완료된 주문의 
상품 품목, 옵션(색상/사이즈 등), 수량
은 주문 상태와 무관하게 변경이 불가합니다.
변경이 필요한 경우 기존 주문을 취소한 후 원하는 구성으로 다시 주문해야 하며, 이미 '상품 준비 중' 이후 단계라면 취소 불가 규정(3항)이 함께 적용됩니다.
수량을 늘리고 싶은 경우도 기존 주문 수정이 아닌 신규 주문으로 진행해야 합니다.
TIP
주문 관련 팁 (RAG 응답 기준)
고객이 주문 후 배송지 변경을 요청할 때, 주문 상태가 '결제 완료' 이하인지 먼저 확인해야 합니다. 이미 '상품 준비 중'으로 변경된 경우 물류 시스템 특성상 자동 수정이 불가능합니
다.

2. 결제 정책 (Payment Policy)

[정책 문서 3: 전자상거래_표준약관.pdf]
1. 재화 등의 검색 및 선택

2. 받는 사람의 성명, 주소, 전화번호, 전자우편주소(또는 이동전화번호) 등의
입력

3. 약관내용, 청약철회권이 제한되는 서비스, 배송료 ․ 설치비 등의 비용부담과
관련한 내용에 대한 확인

4. 이 약관에 동의하고 위 3.호의 사항을 확인하거나 거부하는 표시
(예, 마우스 클릭)

5. 재화등의 구매신청 및 이에 관한 확인 또는 “몰”의 확인에 대한 동의

6. 결제방법의 선택

② “몰”이 제3자에게 구매자 개인정보를 제공할 필요가 있는 경우 1) 개인정보를
제공받는 자, 2)개인정보를 제공받는 자의 개인정보 이용목적, 3) 제공하는 개
인정보의 항목, 4) 개인정보를 제공받는 자의 개인정보 보유 및 이용기간을 구
매자에게 알리고 동의를 받아야 합니다. (동의를 받은 사항이 변경되는 경우에
도 같습니다.)",9.9651
173,주문,주문하기,도움이 필요합니다. 상품의 옵션과 수량을 선택한 뒤 어떻게 주문하나요? 처리 전에 확인할 사항도 알려주세요.,상품 상세 페이지에서 옵션과 수량을 선택한 후 [구매하기]를 누르거나 [장바구니]에 담아 결제를 진행해 주세요.,"[""상품 상세 페이지에서 옵션과 수량을 선택한 후 [구매하기]를 누르거나 [장바구니]에 담아 주문을 진행해 주세요.""]","[정책 문서 1: 쇼핑몰 이용약관 및 운영정책.pdf]
1. 주문 정책 (Ordering Policy)

1.1 주문 접수 및 계약 성립 기준
주문 진행 절차: 원하는 상품의 상세 페이지에서 옵션과 수량을 선택한 후 [구매하기]를 누르거나 [장바구니]에 담아 결제를 진행합니다.
주문 성립 시점: 고객이 상품을 선택하여 결제를 완료하고, 시스템에서 [주문 완료] 메시지 또는 알림(이메일/알림톡)이 발송된 시점에 당사 간의 매매 계약이 성립됩니다.
재고 연동 및 품절 안내: 모든 주문은 실시간 재고 확보를 전제로 합니다. 단, 시스템 반영 시차로 인해 결제 완료 후 품절이 발생할 수 있으며, 이 경우 즉시 이메일/문자로 안
내 후 자동 취소 및 전액 환불 절차가 진행됩니다.
주문 제한 규정: 타인의 명의 도용, 매크로 등 불법 프로그램 이용, 재판매(리셀) 목적의 대량 주문으로 판단될 경우 회사는 사전 통보 없이 해당 주문을 임의 취소할 수 있습
니다.

[정책 문서 2: 쇼핑몰 이용약관 및 운영정책.pdf]
1.3 주문 상품 구성(품목·옵션·수량) 변경 불가 안내
배송지·수령인 정보와 달리, 이미 결제 완료된 주문의 
상품 품목, 옵션(색상/사이즈 등), 수량
은 주문 상태와 무관하게 변경이 불가합니다.
변경이 필요한 경우 기존 주문을 취소한 후 원하는 구성으로 다시 주문해야 하며, 이미 '상품 준비 중' 이후 단계라면 취소 불가 규정(3항)이 함께 적용됩니다.
수량을 늘리고 싶은 경우도 기존 주문 수정이 아닌 신규 주문으로 진행해야 합니다.
TIP
주문 관련 팁 (RAG 응답 기준)
고객이 주문 후 배송지 변경을 요청할 때, 주문 상태가 '결제 완료' 이하인지 먼저 확인해야 합니다. 이미 '상품 준비 중'으로 변경된 경우 물류 시스템 특성상 자동 수정이 불가능합니
다.

2. 결제 정책 (Payment Policy)

[정책 문서 3: 전자상거래_표준약관.pdf]
1. 재화 등의 검색 및 선택

2. 받는 사람의 성명, 주소, 전화번호, 전자우편주소(또는 이동전화번호) 등의
입력

3. 약관내용, 청약철회권이 제한되는 서비스, 배송료 ․ 설치비 등의 비용부담과
관련한 내용에 대한 확인

4. 이 약관에 동의하고 위 3.호의 사항을 확인하거나 거부하는 표시
(예, 마우스 클릭)

5. 재화등의 구매신청 및 이에 관한 확인 또는 “몰”의 확인에 대한 동의

6. 결제방법의 선택

② “몰”이 제3자에게 구매자 개인정보를 제공할 필요가 있는 경우 1) 개인정보를
제공받는 자, 2)개인정보를 제공받는 자의 개인정보 이용목적, 3) 제공하는 개
인정보의 항목, 4) 개인정보를 제공받는 자의 개인정보 보유 및 이용기간을 구
매자에게 알리고 동의를 받아야 합니다. (동의를 받은 사항이 변경되는 경우에
도 같습니다.)",10.3116
174,주문,주문하기,방법을 알고 싶습니다. 상품을 주문하는 방법을 알려주세요. 처리 전에 확인할 사항도 알려주세요.,상품 상세 페이지에서 옵션과 수량을 선택한 후 [구매하기]를 누르거나 [장바구니]에 담아 결제를 진행해 주세요.,"[""상품 상세 페이지에서 옵션과 수량을 선택한 후 [구매하기]를 누르거나 [장바구니]에 담아 주문을 진행해 주세요.""]","[정책 문서 1: 쇼핑몰 이용약관 및 운영정책.pdf]
1. 주문 정책 (Ordering Policy)

1.1 주문 접수 및 계약 성립 기준
주문 진행 절차: 원하는 상품의 상세 페이지에서 옵션과 수량을 선택한 후 [구매하기]를 누르거나 [장바구니]에 담아 결제를 진행합니다.
주문 성립 시점: 고객이 상품을 선택하여 결제를 완료하고, 시스템에서 [주문 완료] 메시지 또는 알림(이메일/알림톡)이 발송된 시점에 당사 간의 매매 계약이 성립됩니다.
재고 연동 및 품절 안내: 모든 주문은 실시간 재고 확보를 전제로 합니다. 단, 시스템 반영 시차로 인해 결제 완료 후 품절이 발생할 수 있으며, 이 경우 즉시 이메일/문자로 안
내 후 자동 취소 및 전액 환불 절차가 진행됩니다.
주문 제한 규정: 타인의 명의 도용, 매크로 등 불법 프로그램 이용, 재판매(리셀) 목적의 대량 주문으로 판단될 경우 회사는 사전 통보 없이 해당 주문을 임의 취소할 수 있습
니다.

[정책 문서 2: 전자상거래_표준약관.pdf]
1. 재화 등의 검색 및 선택

2. 받는 사람의 성명, 주소, 전화번호, 전자우편주소(또는 이동전화번호) 등의
입력

3. 약관내용, 청약철회권이 제한되는 서비스, 배송료 ․ 설치비 등의 비용부담과
관련한 내용에 대한 확인

4. 이 약관에 동의하고 위 3.호의 사항을 확인하거나 거부하는 표시
(예, 마우스 클릭)

5. 재화등의 구매신청 및 이에 관한 확인 또는 “몰”의 확인에 대한 동의

6. 결제방법의 선택

② “몰”이 제3자에게 구매자 개인정보를 제공할 필요가 있는 경우 1) 개인정보를
제공받는 자, 2)개인정보를 제공받는 자의 개인정보 이용목적, 3) 제공하는 개
인정보의 항목, 4) 개인정보를 제공받는 자의 개인정보 보유 및 이용기간을 구
매자에게 알리고 동의를 받아야 합니다. (동의를 받은 사항이 변경되는 경우에
도 같습니다.)

[정책 문서 3: 쇼핑몰 이용약관 및 운영정책.pdf]
1.3 주문 상품 구성(품목·옵션·수량) 변경 불가 안내
배송지·수령인 정보와 달리, 이미 결제 완료된 주문의 
상품 품목, 옵션(색상/사이즈 등), 수량
은 주문 상태와 무관하게 변경이 불가합니다.
변경이 필요한 경우 기존 주문을 취소한 후 원하는 구성으로 다시 주문해야 하며, 이미 '상품 준비 중' 이후 단계라면 취소 불가 규정(3항)이 함께 적용됩니다.
수량을 늘리고 싶은 경우도 기존 주문 수정이 아닌 신규 주문으로 진행해야 합니다.
TIP
주문 관련 팁 (RAG 응답 기준)
고객이 주문 후 배송지 변경을 요청할 때, 주문 상태가 '결제 완료' 이하인지 먼저 확인해야 합니다. 이미 '상품 준비 중'으로 변경된 경우 물류 시스템 특성상 자동 수정이 불가능합니
다.

2. 결제 정책 (Payment Policy)",9.6161
175,주문,주문하기,방법을 알고 싶습니다. 상품을 다른 상품과 함께 주문할 수 있나요? 처리 전에 확인할 사항도 알려주세요.,상품 상세 페이지에서 옵션과 수량을 선택한 후 [구매하기]를 누르거나 [장바구니]에 담아 결제를 진행해 주세요.,"[""상품 상세 페이지에서 옵션과 수량을 선택한 후 [구매하기]를 누르거나 [장바구니]에 담아 주문을 진행해 주세요.""]","[정책 문서 1: 쇼핑몰 이용약관 및 운영정책.pdf]
1. 주문 정책 (Ordering Policy)

1.1 주문 접수 및 계약 성립 기준
주문 진행 절차: 원하는 상품의 상세 페이지에서 옵션과 수량을 선택한 후 [구매하기]를 누르거나 [장바구니]에 담아 결제를 진행합니다.
주문 성립 시점: 고객이 상품을 선택하여 결제를 완료하고, 시스템에서 [주문 완료] 메시지 또는 알림(이메일/알림톡)이 발송된 시점에 당사 간의 매매 계약이 성립됩니다.
재고 연동 및 품절 안내: 모든 주문은 실시간 재고 확보를 전제로 합니다. 단, 시스템 반영 시차로 인해 결제 완료 후 품절이 발생할 수 있으며, 이 경우 즉시 이메일/문자로 안
내 후 자동 취소 및 전액 환불 절차가 진행됩니다.
주문 제한 규정: 타인의 명의 도용, 매크로 등 불법 프로그램 이용, 재판매(리셀) 목적의 대량 주문으로 판단될 경우 회사는 사전 통보 없이 해당 주문을 임의 취소할 수 있습
니다.

[정책 문서 2: 쇼핑몰 이용약관 및 운영정책.pdf]
1.3 주문 상품 구성(품목·옵션·수량) 변경 불가 안내
배송지·수령인 정보와 달리, 이미 결제 완료된 주문의 
상품 품목, 옵션(색상/사이즈 등), 수량
은 주문 상태와 무관하게 변경이 불가합니다.
변경이 필요한 경우 기존 주문을 취소한 후 원하는 구성으로 다시 주문해야 하며, 이미 '상품 준비 중' 이후 단계라면 취소 불가 규정(3항)이 함께 적용됩니다.
수량을 늘리고 싶은 경우도 기존 주문 수정이 아닌 신규 주문으로 진행해야 합니다.
TIP
주문 관련 팁 (RAG 응답 기준)
고객이 주문 후 배송지 변경을 요청할 때, 주문 상태가 '결제 완료' 이하인지 먼저 확인해야 합니다. 이미 '상품 준비 중'으로 변경된 경우 물류 시스템 특성상 자동 수정이 불가능합니
다.

2. 결제 정책 (Payment Policy)

[정책 문서 3: 전자상거래_표준약관.pdf]
2. 선불카드, 직불카드, 신용카드 등의 각종 카드 결제

3. 온라인무통장입금

4. 전자화폐에 의한 결제

5. 수령 시 대금지급

6. 마일리지 등 “몰”이 지급한 포인트에 의한 결제
7. “몰”과 계약을 맺었거나 “몰”이 인정한 상품권에 의한 결제 

8. 기타 전자적 지급 방법에 의한 대금 지급 등

제12조(수신확인통지 ․ 구매신청 변경 및 취소)

① “몰”은 이용자의 구매신청이 있는 경우 이용자에게 수신확인통지를 합니다.

② 수신확인통지를 받은 이용자는 의사표시의 불일치 등이 있는 경우에는 수신확인
통지를 받은 후 즉시 구매신청 변경 및 취소를 요청할 수 있고 “몰”은 배송 전
에 이용자의 요청이 있는 경우에는 지체 없이 그 요청에 따라 처리하여야 합니
다. 다만 이미 대금을 지불한 경우에는 제15조의 청약철회 등에 관한 규정에 따
릅니다.

제13조(재화 등의 공급)",9.497
176,주문,주문 배송 조회,관련 메뉴를 찾지 못했습니다. 주문번호 {{order_no}} 건의 예상 도착일이 궁금합니다. 제가 직접 확인할 수 있는 방법도 알려주세요.,배송 상태는 [마이페이지] > [주문/배송 조회]에서 확인해 주세요.,"[""배송 상태는 [마이페이지] > [주문/배송 조회]에서 확인해 주세요.""]","[정책 문서 1: 쇼핑몰 이용약관 및 운영정책.pdf]
6.2 배송 기간 및 배송 조회
평균 배송 기간: 결제 완료(입금 확인) 기준 영업일 2~4일 이내 발송을 원칙으로 하며, 발송 후 1~3일 내 수령이 일반적입니다.
배송 조회: 상품 발송 시 등록된 연락처로 송장번호가 자동 발송되며, [마이페이지 > 주문내역 > 배송조회]에서 실시간 확인이 가능합니다.
배송 지연 안내: 천재지변, 물류사 파업, 명절 성수기 등 회사의 통제 범위를 벗어난 사유로 배송이 지연될 경우, 사전 공지 후 예상 지연 기간을 안내합니다.

6.3 배송 사고 처리 (분실/파손)
배송 중 분실: 택배사 배송 조회 상 '배송완료'로 표시되었으나 고객이 미수령한 경우, 고객센터와 택배사 공동 조사를 진행하며 조사 결과에 따라 재발송 또는 환불이 결정
됩니다.
파손 수령: 상품 수령 시 박스나 상품이 파손된 경우, 개봉 전 상태를 사진으로 촬영해 두어야 원활한 보상 처리가 가능하며, 수령 후 7일 이내 고객센터로 신고해야 합니다.

[정책 문서 2: 전자상거래_표준약관.pdf]
제13조(재화 등의 공급)

① “몰”은 이용자와 재화 등의 공급시기에 관하여 별도의 약정이 없는 이상, 이용
자가 청약을 한 날부터 7일 이내에 재화 등을 배송할 수 있도록 주문제작, 포장
등 기타의 필요한 조치를 취합니다. 다만, “몰”이 이미 재화 등의 대금의 전
부 또는 일부를 받은 경우에는 대금의 전부 또는 일부를 받은 날부터 3영업일 이
내에 조치를 취합니다. 이때 “몰”은 이용자가 재화 등의 공급 절차 및 진행
사항을 확인할 수 있도록 적절한 조치를 합니다.

[정책 문서 3: 쇼핑몰 이용약관 및 운영정책.pdf]
4.5 환불 진행 상황 조회 방법
[마이페이지 > 주문내역 > 환불/취소 내역]에서 처리 단계(반품 접수 → 입고 확인 → 검품 승인 → 환불 처리 완료)를 실시간으로 확인할 수 있습니다.
검품 승인 이후 4.4항의 환불 소요 기간이 지나도 반영되지 않은 경우, 결제 수단과 반품 승인일을 확인한 뒤 고객센터로 문의해야 합니다.
부분 환불(일부 품목만 반품 등)의 경우 환불 금액이 전체 결제 금액과 다를 수 있으므로, 반품 접수 시 안내된 예상 환불 금액을 우선 확인합니다.
TIP
환불 조회 관련 팁 (RAG 응답 기준)
""환불 언제 되나요""라는 문의는 먼저 [마이페이지] 조회 경로를 안내하고, 4.4항의 결제 수단별 소요 기간 이내인지 확인한 뒤, 소요 기간을 초과한 경우에만 고객센터 개별 확인으로
연결합니다.",7.8901
177,주문,주문 배송 조회,처리 과정을 알려주세요. 주문번호 {{order_no}} 건의 예상 도착일이 궁금합니다. 제가 직접 확인할 수 있는 방법도 알려주세요.,배송 상태는 [마이페이지] > [주문내역] > [배송조회]에서 확인해 주세요.,"[""배송 상태는 [마이페이지] > [주문/배송 조회]에서 확인해 주세요.""]","[정책 문서 1: 쇼핑몰 이용약관 및 운영정책.pdf]
6.2 배송 기간 및 배송 조회
평균 배송 기간: 결제 완료(입금 확인) 기준 영업일 2~4일 이내 발송을 원칙으로 하며, 발송 후 1~3일 내 수령이 일반적입니다.
배송 조회: 상품 발송 시 등록된 연락처로 송장번호가 자동 발송되며, [마이페이지 > 주문내역 > 배송조회]에서 실시간 확인이 가능합니다.
배송 지연 안내: 천재지변, 물류사 파업, 명절 성수기 등 회사의 통제 범위를 벗어난 사유로 배송이 지연될 경우, 사전 공지 후 예상 지연 기간을 안내합니다.

6.3 배송 사고 처리 (분실/파손)
배송 중 분실: 택배사 배송 조회 상 '배송완료'로 표시되었으나 고객이 미수령한 경우, 고객센터와 택배사 공동 조사를 진행하며 조사 결과에 따라 재발송 또는 환불이 결정
됩니다.
파손 수령: 상품 수령 시 박스나 상품이 파손된 경우, 개봉 전 상태를 사진으로 촬영해 두어야 원활한 보상 처리가 가능하며, 수령 후 7일 이내 고객센터로 신고해야 합니다.

[정책 문서 2: 쇼핑몰 이용약관 및 운영정책.pdf]
4.5 환불 진행 상황 조회 방법
[마이페이지 > 주문내역 > 환불/취소 내역]에서 처리 단계(반품 접수 → 입고 확인 → 검품 승인 → 환불 처리 완료)를 실시간으로 확인할 수 있습니다.
검품 승인 이후 4.4항의 환불 소요 기간이 지나도 반영되지 않은 경우, 결제 수단과 반품 승인일을 확인한 뒤 고객센터로 문의해야 합니다.
부분 환불(일부 품목만 반품 등)의 경우 환불 금액이 전체 결제 금액과 다를 수 있으므로, 반품 접수 시 안내된 예상 환불 금액을 우선 확인합니다.
TIP
환불 조회 관련 팁 (RAG 응답 기준)
""환불 언제 되나요""라는 문의는 먼저 [마이페이지] 조회 경로를 안내하고, 4.4항의 결제 수단별 소요 기간 이내인지 확인한 뒤, 소요 기간을 초과한 경우에만 고객센터 개별 확인으로
연결합니다.

[정책 문서 3: 전자상거래_표준약관.pdf]
제13조(재화 등의 공급)

① “몰”은 이용자와 재화 등의 공급시기에 관하여 별도의 약정이 없는 이상, 이용
자가 청약을 한 날부터 7일 이내에 재화 등을 배송할 수 있도록 주문제작, 포장
등 기타의 필요한 조치를 취합니다. 다만, “몰”이 이미 재화 등의 대금의 전
부 또는 일부를 받은 경우에는 대금의 전부 또는 일부를 받은 날부터 3영업일 이
내에 조치를 취합니다. 이때 “몰”은 이용자가 재화 등의 공급 절차 및 진행
사항을 확인할 수 있도록 적절한 조치를 합니다.",8.8443
178,주문,주문 배송 조회,처리 과정을 알려주세요. 주문번호 {{order_no}} 건을 배송 조회하고 싶습니다. 제가 직접 확인할 수 있는 방법도 알려주세요.,배송 상태는 [마이페이지] > [주문/배송 조회]에서 확인해 주세요.,"[""배송 상태는 [마이페이지] > [주문/배송 조회]에서 확인해 주세요.""]","[정책 문서 1: 쇼핑몰 이용약관 및 운영정책.pdf]
6.2 배송 기간 및 배송 조회
평균 배송 기간: 결제 완료(입금 확인) 기준 영업일 2~4일 이내 발송을 원칙으로 하며, 발송 후 1~3일 내 수령이 일반적입니다.
배송 조회: 상품 발송 시 등록된 연락처로 송장번호가 자동 발송되며, [마이페이지 > 주문내역 > 배송조회]에서 실시간 확인이 가능합니다.
배송 지연 안내: 천재지변, 물류사 파업, 명절 성수기 등 회사의 통제 범위를 벗어난 사유로 배송이 지연될 경우, 사전 공지 후 예상 지연 기간을 안내합니다.

6.3 배송 사고 처리 (분실/파손)
배송 중 분실: 택배사 배송 조회 상 '배송완료'로 표시되었으나 고객이 미수령한 경우, 고객센터와 택배사 공동 조사를 진행하며 조사 결과에 따라 재발송 또는 환불이 결정
됩니다.
파손 수령: 상품 수령 시 박스나 상품이 파손된 경우, 개봉 전 상태를 사진으로 촬영해 두어야 원활한 보상 처리가 가능하며, 수령 후 7일 이내 고객센터로 신고해야 합니다.

[정책 문서 2: 쇼핑몰 이용약관 및 운영정책.pdf]
4.5 환불 진행 상황 조회 방법
[마이페이지 > 주문내역 > 환불/취소 내역]에서 처리 단계(반품 접수 → 입고 확인 → 검품 승인 → 환불 처리 완료)를 실시간으로 확인할 수 있습니다.
검품 승인 이후 4.4항의 환불 소요 기간이 지나도 반영되지 않은 경우, 결제 수단과 반품 승인일을 확인한 뒤 고객센터로 문의해야 합니다.
부분 환불(일부 품목만 반품 등)의 경우 환불 금액이 전체 결제 금액과 다를 수 있으므로, 반품 접수 시 안내된 예상 환불 금액을 우선 확인합니다.
TIP
환불 조회 관련 팁 (RAG 응답 기준)
""환불 언제 되나요""라는 문의는 먼저 [마이페이지] 조회 경로를 안내하고, 4.4항의 결제 수단별 소요 기간 이내인지 확인한 뒤, 소요 기간을 초과한 경우에만 고객센터 개별 확인으로
연결합니다.

[정책 문서 3: 쇼핑몰 이용약관 및 운영정책.pdf]
1. 주문 정책 (Ordering Policy)

1.1 주문 접수 및 계약 성립 기준
주문 진행 절차: 원하는 상품의 상세 페이지에서 옵션과 수량을 선택한 후 [구매하기]를 누르거나 [장바구니]에 담아 결제를 진행합니다.
주문 성립 시점: 고객이 상품을 선택하여 결제를 완료하고, 시스템에서 [주문 완료] 메시지 또는 알림(이메일/알림톡)이 발송된 시점에 당사 간의 매매 계약이 성립됩니다.
재고 연동 및 품절 안내: 모든 주문은 실시간 재고 확보를 전제로 합니다. 단, 시스템 반영 시차로 인해 결제 완료 후 품절이 발생할 수 있으며, 이 경우 즉시 이메일/문자로 안
내 후 자동 취소 및 전액 환불 절차가 진행됩니다.
주문 제한 규정: 타인의 명의 도용, 매크로 등 불법 프로그램 이용, 재판매(리셀) 목적의 대량 주문으로 판단될 경우 회사는 사전 통보 없이 해당 주문을 임의 취소할 수 있습
니다.",8.3138
179,주문,주문 배송 조회,온라인에서 처리하려고 합니다. 주문번호 {{order_no}} 건의 배송 상태를 확인하고 싶습니다. 제가 직접 확인할 수 있는 방법도 알려주세요.,배송 상태는 [마이페이지] > [주문내역] > [배송조회]에서 확인해 주세요.,"[""배송 상태는 [마이페이지] > [주문/배송 조회]에서 확인해 주세요.""]","[정책 문서 1: 쇼핑몰 이용약관 및 운영정책.pdf]
6.2 배송 기간 및 배송 조회
평균 배송 기간: 결제 완료(입금 확인) 기준 영업일 2~4일 이내 발송을 원칙으로 하며, 발송 후 1~3일 내 수령이 일반적입니다.
배송 조회: 상품 발송 시 등록된 연락처로 송장번호가 자동 발송되며, [마이페이지 > 주문내역 > 배송조회]에서 실시간 확인이 가능합니다.
배송 지연 안내: 천재지변, 물류사 파업, 명절 성수기 등 회사의 통제 범위를 벗어난 사유로 배송이 지연될 경우, 사전 공지 후 예상 지연 기간을 안내합니다.

6.3 배송 사고 처리 (분실/파손)
배송 중 분실: 택배사 배송 조회 상 '배송완료'로 표시되었으나 고객이 미수령한 경우, 고객센터와 택배사 공동 조사를 진행하며 조사 결과에 따라 재발송 또는 환불이 결정
됩니다.
파손 수령: 상품 수령 시 박스나 상품이 파손된 경우, 개봉 전 상태를 사진으로 촬영해 두어야 원활한 보상 처리가 가능하며, 수령 후 7일 이내 고객센터로 신고해야 합니다.

[정책 문서 2: 쇼핑몰 이용약관 및 운영정책.pdf]
1.2 주문 정보 변경 (배송지 및 옵션)
변경 가능 단계: 주문 상태가 '입금 대기' 또는 '결제 완료' 단계일 경우에만 [마이페이지 > 주문내역]에서 직접 변경하거나 고객센터를 통해 변경 신청이 가능합니다.
변경 불가 단계: 주문 상태가 '상품 준비 중' 또는 '배송 중'으로 전환된 이후에는 물류센터 포장 및 송장 출력 작업이 완료되어 배송지 및 옵션 변경이 불가합니다. 이 경우 상
품 수령 후 반품/교환 절차를 따라야 합니다.

[정책 문서 3: 쇼핑몰 이용약관 및 운영정책.pdf]
4.5 환불 진행 상황 조회 방법
[마이페이지 > 주문내역 > 환불/취소 내역]에서 처리 단계(반품 접수 → 입고 확인 → 검품 승인 → 환불 처리 완료)를 실시간으로 확인할 수 있습니다.
검품 승인 이후 4.4항의 환불 소요 기간이 지나도 반영되지 않은 경우, 결제 수단과 반품 승인일을 확인한 뒤 고객센터로 문의해야 합니다.
부분 환불(일부 품목만 반품 등)의 경우 환불 금액이 전체 결제 금액과 다를 수 있으므로, 반품 접수 시 안내된 예상 환불 금액을 우선 확인합니다.
TIP
환불 조회 관련 팁 (RAG 응답 기준)
""환불 언제 되나요""라는 문의는 먼저 [마이페이지] 조회 경로를 안내하고, 4.4항의 결제 수단별 소요 기간 이내인지 확인한 뒤, 소요 기간을 초과한 경우에만 고객센터 개별 확인으로
연결합니다.",8.3023
180,주문,주문 배송 조회,주문의 현재 위치를 확인할 수 있나요? 필요한 정보가 있다면 함께 알려주세요.,배송 상태는 [마이페이지] > [주문/배송 조회]에서 확인해 주세요.,"[""배송 상태는 [마이페이지] > [주문/배송 조회]에서 확인해 주세요.""]","[정책 문서 1: 쇼핑몰 이용약관 및 운영정책.pdf]
1. 주문 정책 (Ordering Policy)

1.1 주문 접수 및 계약 성립 기준
주문 진행 절차: 원하는 상품의 상세 페이지에서 옵션과 수량을 선택한 후 [구매하기]를 누르거나 [장바구니]에 담아 결제를 진행합니다.
주문 성립 시점: 고객이 상품을 선택하여 결제를 완료하고, 시스템에서 [주문 완료] 메시지 또는 알림(이메일/알림톡)이 발송된 시점에 당사 간의 매매 계약이 성립됩니다.
재고 연동 및 품절 안내: 모든 주문은 실시간 재고 확보를 전제로 합니다. 단, 시스템 반영 시차로 인해 결제 완료 후 품절이 발생할 수 있으며, 이 경우 즉시 이메일/문자로 안
내 후 자동 취소 및 전액 환불 절차가 진행됩니다.
주문 제한 규정: 타인의 명의 도용, 매크로 등 불법 프로그램 이용, 재판매(리셀) 목적의 대량 주문으로 판단될 경우 회사는 사전 통보 없이 해당 주문을 임의 취소할 수 있습
니다.

[정책 문서 2: 쇼핑몰 이용약관 및 운영정책.pdf]
1.3 주문 상품 구성(품목·옵션·수량) 변경 불가 안내
배송지·수령인 정보와 달리, 이미 결제 완료된 주문의 
상품 품목, 옵션(색상/사이즈 등), 수량
은 주문 상태와 무관하게 변경이 불가합니다.
변경이 필요한 경우 기존 주문을 취소한 후 원하는 구성으로 다시 주문해야 하며, 이미 '상품 준비 중' 이후 단계라면 취소 불가 규정(3항)이 함께 적용됩니다.
수량을 늘리고 싶은 경우도 기존 주문 수정이 아닌 신규 주문으로 진행해야 합니다.
TIP
주문 관련 팁 (RAG 응답 기준)
고객이 주문 후 배송지 변경을 요청할 때, 주문 상태가 '결제 완료' 이하인지 먼저 확인해야 합니다. 이미 '상품 준비 중'으로 변경된 경우 물류 시스템 특성상 자동 수정이 불가능합니
다.

2. 결제 정책 (Payment Policy)

[정책 문서 3: 쇼핑몰 이용약관 및 운영정책.pdf]
1.2 주문 정보 변경 (배송지 및 옵션)
변경 가능 단계: 주문 상태가 '입금 대기' 또는 '결제 완료' 단계일 경우에만 [마이페이지 > 주문내역]에서 직접 변경하거나 고객센터를 통해 변경 신청이 가능합니다.
변경 불가 단계: 주문 상태가 '상품 준비 중' 또는 '배송 중'으로 전환된 이후에는 물류센터 포장 및 송장 출력 작업이 완료되어 배송지 및 옵션 변경이 불가합니다. 이 경우 상
품 수령 후 반품/교환 절차를 따라야 합니다.",7.9306
181,주문,주문 배송 조회,도움이 필요합니다. 주문번호 {{order_no}} 건을 배송 조회하고 싶습니다. 필요한 정보가 있다면 함께 알려주세요.,배송 상태는 [마이페이지] > [주문내역] > [배송조회]에서 확인해 주세요.,"[""배송 상태는 [마이페이지] > [주문/배송 조회]에서 확인해 주세요.""]","[정책 문서 1: 쇼핑몰 이용약관 및 운영정책.pdf]
6.2 배송 기간 및 배송 조회
평균 배송 기간: 결제 완료(입금 확인) 기준 영업일 2~4일 이내 발송을 원칙으로 하며, 발송 후 1~3일 내 수령이 일반적입니다.
배송 조회: 상품 발송 시 등록된 연락처로 송장번호가 자동 발송되며, [마이페이지 > 주문내역 > 배송조회]에서 실시간 확인이 가능합니다.
배송 지연 안내: 천재지변, 물류사 파업, 명절 성수기 등 회사의 통제 범위를 벗어난 사유로 배송이 지연될 경우, 사전 공지 후 예상 지연 기간을 안내합니다.

6.3 배송 사고 처리 (분실/파손)
배송 중 분실: 택배사 배송 조회 상 '배송완료'로 표시되었으나 고객이 미수령한 경우, 고객센터와 택배사 공동 조사를 진행하며 조사 결과에 따라 재발송 또는 환불이 결정
됩니다.
파손 수령: 상품 수령 시 박스나 상품이 파손된 경우, 개봉 전 상태를 사진으로 촬영해 두어야 원활한 보상 처리가 가능하며, 수령 후 7일 이내 고객센터로 신고해야 합니다.

[정책 문서 2: 쇼핑몰 이용약관 및 운영정책.pdf]
금액·기간 등 수치 정보는 원문 그대로 정확히 인용하고, 임의로 추정하지 않습니다.
법정대리인 동의, 분쟁조정 등 법적 절차가 필요한 문의는 최종 처리 결과를 단정하지 말고 ""확인 후 안내드리겠습니다"" 형태로 고객센터 상담 연결을 병행 안내합니
다.

[정책 문서 3: 쇼핑몰 이용약관 및 운영정책.pdf]
4.5 환불 진행 상황 조회 방법
[마이페이지 > 주문내역 > 환불/취소 내역]에서 처리 단계(반품 접수 → 입고 확인 → 검품 승인 → 환불 처리 완료)를 실시간으로 확인할 수 있습니다.
검품 승인 이후 4.4항의 환불 소요 기간이 지나도 반영되지 않은 경우, 결제 수단과 반품 승인일을 확인한 뒤 고객센터로 문의해야 합니다.
부분 환불(일부 품목만 반품 등)의 경우 환불 금액이 전체 결제 금액과 다를 수 있으므로, 반품 접수 시 안내된 예상 환불 금액을 우선 확인합니다.
TIP
환불 조회 관련 팁 (RAG 응답 기준)
""환불 언제 되나요""라는 문의는 먼저 [마이페이지] 조회 경로를 안내하고, 4.4항의 결제 수단별 소요 기간 이내인지 확인한 뒤, 소요 기간을 초과한 경우에만 고객센터 개별 확인으로
연결합니다.",7.8718
182,주문,주문 배송 조회,절차를 안내받고 싶습니다. 주문번호 {{order_no}} 건의 현재 위치를 확인할 수 있나요? 필요한 정보가 있다면 함께 알려주세요.,배송 상태는 [마이페이지] > [주문/배송 조회]에서 확인해 주세요.,"[""배송 상태는 [마이페이지] > [주문/배송 조회]에서 확인해 주세요.""]","[정책 문서 1: 쇼핑몰 이용약관 및 운영정책.pdf]
1. 주문 정책 (Ordering Policy)

1.1 주문 접수 및 계약 성립 기준
주문 진행 절차: 원하는 상품의 상세 페이지에서 옵션과 수량을 선택한 후 [구매하기]를 누르거나 [장바구니]에 담아 결제를 진행합니다.
주문 성립 시점: 고객이 상품을 선택하여 결제를 완료하고, 시스템에서 [주문 완료] 메시지 또는 알림(이메일/알림톡)이 발송된 시점에 당사 간의 매매 계약이 성립됩니다.
재고 연동 및 품절 안내: 모든 주문은 실시간 재고 확보를 전제로 합니다. 단, 시스템 반영 시차로 인해 결제 완료 후 품절이 발생할 수 있으며, 이 경우 즉시 이메일/문자로 안
내 후 자동 취소 및 전액 환불 절차가 진행됩니다.
주문 제한 규정: 타인의 명의 도용, 매크로 등 불법 프로그램 이용, 재판매(리셀) 목적의 대량 주문으로 판단될 경우 회사는 사전 통보 없이 해당 주문을 임의 취소할 수 있습
니다.

[정책 문서 2: 쇼핑몰 이용약관 및 운영정책.pdf]
1.2 주문 정보 변경 (배송지 및 옵션)
변경 가능 단계: 주문 상태가 '입금 대기' 또는 '결제 완료' 단계일 경우에만 [마이페이지 > 주문내역]에서 직접 변경하거나 고객센터를 통해 변경 신청이 가능합니다.
변경 불가 단계: 주문 상태가 '상품 준비 중' 또는 '배송 중'으로 전환된 이후에는 물류센터 포장 및 송장 출력 작업이 완료되어 배송지 및 옵션 변경이 불가합니다. 이 경우 상
품 수령 후 반품/교환 절차를 따라야 합니다.

[정책 문서 3: 쇼핑몰 이용약관 및 운영정책.pdf]
4.5 환불 진행 상황 조회 방법
[마이페이지 > 주문내역 > 환불/취소 내역]에서 처리 단계(반품 접수 → 입고 확인 → 검품 승인 → 환불 처리 완료)를 실시간으로 확인할 수 있습니다.
검품 승인 이후 4.4항의 환불 소요 기간이 지나도 반영되지 않은 경우, 결제 수단과 반품 승인일을 확인한 뒤 고객센터로 문의해야 합니다.
부분 환불(일부 품목만 반품 등)의 경우 환불 금액이 전체 결제 금액과 다를 수 있으므로, 반품 접수 시 안내된 예상 환불 금액을 우선 확인합니다.
TIP
환불 조회 관련 팁 (RAG 응답 기준)
""환불 언제 되나요""라는 문의는 먼저 [마이페이지] 조회 경로를 안내하고, 4.4항의 결제 수단별 소요 기간 이내인지 확인한 뒤, 소요 기간을 초과한 경우에만 고객센터 개별 확인으로
연결합니다.",7.4276
183,주문,주문 배송 조회,관련 내용을 확인하고 싶습니다. 주문번호 {{order_no}} 건의 배송 진행 상황을 알려주세요. 필요한 정보가 있다면 함께 알려주세요.,배송 상태는 [마이페이지] > [주문/배송 조회]에서 확인해 주세요.,"[""배송 상태는 [마이페이지] > [주문/배송 조회]에서 확인해 주세요.""]","[정책 문서 1: 쇼핑몰 이용약관 및 운영정책.pdf]
6.2 배송 기간 및 배송 조회
평균 배송 기간: 결제 완료(입금 확인) 기준 영업일 2~4일 이내 발송을 원칙으로 하며, 발송 후 1~3일 내 수령이 일반적입니다.
배송 조회: 상품 발송 시 등록된 연락처로 송장번호가 자동 발송되며, [마이페이지 > 주문내역 > 배송조회]에서 실시간 확인이 가능합니다.
배송 지연 안내: 천재지변, 물류사 파업, 명절 성수기 등 회사의 통제 범위를 벗어난 사유로 배송이 지연될 경우, 사전 공지 후 예상 지연 기간을 안내합니다.

6.3 배송 사고 처리 (분실/파손)
배송 중 분실: 택배사 배송 조회 상 '배송완료'로 표시되었으나 고객이 미수령한 경우, 고객센터와 택배사 공동 조사를 진행하며 조사 결과에 따라 재발송 또는 환불이 결정
됩니다.
파손 수령: 상품 수령 시 박스나 상품이 파손된 경우, 개봉 전 상태를 사진으로 촬영해 두어야 원활한 보상 처리가 가능하며, 수령 후 7일 이내 고객센터로 신고해야 합니다.

[정책 문서 2: 쇼핑몰 이용약관 및 운영정책.pdf]
4.5 환불 진행 상황 조회 방법
[마이페이지 > 주문내역 > 환불/취소 내역]에서 처리 단계(반품 접수 → 입고 확인 → 검품 승인 → 환불 처리 완료)를 실시간으로 확인할 수 있습니다.
검품 승인 이후 4.4항의 환불 소요 기간이 지나도 반영되지 않은 경우, 결제 수단과 반품 승인일을 확인한 뒤 고객센터로 문의해야 합니다.
부분 환불(일부 품목만 반품 등)의 경우 환불 금액이 전체 결제 금액과 다를 수 있으므로, 반품 접수 시 안내된 예상 환불 금액을 우선 확인합니다.
TIP
환불 조회 관련 팁 (RAG 응답 기준)
""환불 언제 되나요""라는 문의는 먼저 [마이페이지] 조회 경로를 안내하고, 4.4항의 결제 수단별 소요 기간 이내인지 확인한 뒤, 소요 기간을 초과한 경우에만 고객센터 개별 확인으로
연결합니다.

[정책 문서 3: 쇼핑몰 이용약관 및 운영정책.pdf]
1. 주문 정책 (Ordering Policy)

1.1 주문 접수 및 계약 성립 기준
주문 진행 절차: 원하는 상품의 상세 페이지에서 옵션과 수량을 선택한 후 [구매하기]를 누르거나 [장바구니]에 담아 결제를 진행합니다.
주문 성립 시점: 고객이 상품을 선택하여 결제를 완료하고, 시스템에서 [주문 완료] 메시지 또는 알림(이메일/알림톡)이 발송된 시점에 당사 간의 매매 계약이 성립됩니다.
재고 연동 및 품절 안내: 모든 주문은 실시간 재고 확보를 전제로 합니다. 단, 시스템 반영 시차로 인해 결제 완료 후 품절이 발생할 수 있으며, 이 경우 즉시 이메일/문자로 안
내 후 자동 취소 및 전액 환불 절차가 진행됩니다.
주문 제한 규정: 타인의 명의 도용, 매크로 등 불법 프로그램 이용, 재판매(리셀) 목적의 대량 주문으로 판단될 경우 회사는 사전 통보 없이 해당 주문을 임의 취소할 수 있습
니다.",8.7437
184,주문,주문 배송 조회,가능 여부를 문의드립니다. 주문번호 {{order_no}} 건의 현재 위치를 확인할 수 있나요? 필요한 정보가 있다면 함께 알려주세요.,배송 상태는 [마이페이지] > [주문/배송 조회]에서 확인해 주세요.,"[""배송 상태는 [마이페이지] > [주문/배송 조회]에서 확인해 주세요.""]","[정책 문서 1: 쇼핑몰 이용약관 및 운영정책.pdf]
1. 주문 정책 (Ordering Policy)

1.1 주문 접수 및 계약 성립 기준
주문 진행 절차: 원하는 상품의 상세 페이지에서 옵션과 수량을 선택한 후 [구매하기]를 누르거나 [장바구니]에 담아 결제를 진행합니다.
주문 성립 시점: 고객이 상품을 선택하여 결제를 완료하고, 시스템에서 [주문 완료] 메시지 또는 알림(이메일/알림톡)이 발송된 시점에 당사 간의 매매 계약이 성립됩니다.
재고 연동 및 품절 안내: 모든 주문은 실시간 재고 확보를 전제로 합니다. 단, 시스템 반영 시차로 인해 결제 완료 후 품절이 발생할 수 있으며, 이 경우 즉시 이메일/문자로 안
내 후 자동 취소 및 전액 환불 절차가 진행됩니다.
주문 제한 규정: 타인의 명의 도용, 매크로 등 불법 프로그램 이용, 재판매(리셀) 목적의 대량 주문으로 판단될 경우 회사는 사전 통보 없이 해당 주문을 임의 취소할 수 있습
니다.

[정책 문서 2: 쇼핑몰 이용약관 및 운영정책.pdf]
3. 주문 취소 정책 (Cancellation Policy)
주문 취소 가능 여부는 배송 진행 단계에 따라 엄격하게 구분됩니다.
입금대기 / 결제완료 — 즉시 취소 가능
: 마이페이지에서 고객이 직접 즉시 취소 처리할 수 있습니다.
상품 준비 중 — 취소 거절 가능
: 포장 및 출고 상태에 따라 취소가 제한되거나 거절될 수 있습니다.
배송 중 — 취소 불가
: 이미 출고되어 배송이 시작된 건은 취소가 불가하며, 상품 수령 후 반품 절차를 통해서만 환불이 가능합니다.

[정책 문서 3: 쇼핑몰 이용약관 및 운영정책.pdf]
1.2 주문 정보 변경 (배송지 및 옵션)
변경 가능 단계: 주문 상태가 '입금 대기' 또는 '결제 완료' 단계일 경우에만 [마이페이지 > 주문내역]에서 직접 변경하거나 고객센터를 통해 변경 신청이 가능합니다.
변경 불가 단계: 주문 상태가 '상품 준비 중' 또는 '배송 중'으로 전환된 이후에는 물류센터 포장 및 송장 출력 작업이 완료되어 배송지 및 옵션 변경이 불가합니다. 이 경우 상
품 수령 후 반품/교환 절차를 따라야 합니다.",7.0214
185,주문,주문 배송 조회,이용 중 궁금한 점이 있습니다. 주문번호 {{order_no}} 건의 배송 상태를 확인하고 싶습니다. 필요한 정보가 있다면 함께 알려주세요.,배송 상태는 [마이페이지 > 주문내역 > 배송조회]에서 확인해 주세요.,"[""배송 상태는 [마이페이지] > [주문/배송 조회]에서 확인해 주세요.""]","[정책 문서 1: 쇼핑몰 이용약관 및 운영정책.pdf]
6.2 배송 기간 및 배송 조회
평균 배송 기간: 결제 완료(입금 확인) 기준 영업일 2~4일 이내 발송을 원칙으로 하며, 발송 후 1~3일 내 수령이 일반적입니다.
배송 조회: 상품 발송 시 등록된 연락처로 송장번호가 자동 발송되며, [마이페이지 > 주문내역 > 배송조회]에서 실시간 확인이 가능합니다.
배송 지연 안내: 천재지변, 물류사 파업, 명절 성수기 등 회사의 통제 범위를 벗어난 사유로 배송이 지연될 경우, 사전 공지 후 예상 지연 기간을 안내합니다.

6.3 배송 사고 처리 (분실/파손)
배송 중 분실: 택배사 배송 조회 상 '배송완료'로 표시되었으나 고객이 미수령한 경우, 고객센터와 택배사 공동 조사를 진행하며 조사 결과에 따라 재발송 또는 환불이 결정
됩니다.
파손 수령: 상품 수령 시 박스나 상품이 파손된 경우, 개봉 전 상태를 사진으로 촬영해 두어야 원활한 보상 처리가 가능하며, 수령 후 7일 이내 고객센터로 신고해야 합니다.

[정책 문서 2: 쇼핑몰 이용약관 및 운영정책.pdf]
1.2 주문 정보 변경 (배송지 및 옵션)
변경 가능 단계: 주문 상태가 '입금 대기' 또는 '결제 완료' 단계일 경우에만 [마이페이지 > 주문내역]에서 직접 변경하거나 고객센터를 통해 변경 신청이 가능합니다.
변경 불가 단계: 주문 상태가 '상품 준비 중' 또는 '배송 중'으로 전환된 이후에는 물류센터 포장 및 송장 출력 작업이 완료되어 배송지 및 옵션 변경이 불가합니다. 이 경우 상
품 수령 후 반품/교환 절차를 따라야 합니다.

[정책 문서 3: 쇼핑몰 이용약관 및 운영정책.pdf]
1.3 주문 상품 구성(품목·옵션·수량) 변경 불가 안내
배송지·수령인 정보와 달리, 이미 결제 완료된 주문의 
상품 품목, 옵션(색상/사이즈 등), 수량
은 주문 상태와 무관하게 변경이 불가합니다.
변경이 필요한 경우 기존 주문을 취소한 후 원하는 구성으로 다시 주문해야 하며, 이미 '상품 준비 중' 이후 단계라면 취소 불가 규정(3항)이 함께 적용됩니다.
수량을 늘리고 싶은 경우도 기존 주문 수정이 아닌 신규 주문으로 진행해야 합니다.
TIP
주문 관련 팁 (RAG 응답 기준)
고객이 주문 후 배송지 변경을 요청할 때, 주문 상태가 '결제 완료' 이하인지 먼저 확인해야 합니다. 이미 '상품 준비 중'으로 변경된 경우 물류 시스템 특성상 자동 수정이 불가능합니
다.

2. 결제 정책 (Payment Policy)",7.8636
186,주문,주문 배송 조회,이용 중 궁금한 점이 있습니다. 주문번호 {{order_no}} 건의 현재 위치를 확인할 수 있나요? 필요한 정보가 있다면 함께 알려주세요.,배송 상태는 [마이페이지] > [주문/배송 조회]에서 확인해 주세요.,"[""배송 상태는 [마이페이지] > [주문/배송 조회]에서 확인해 주세요.""]","[정책 문서 1: 쇼핑몰 이용약관 및 운영정책.pdf]
1. 주문 정책 (Ordering Policy)

1.1 주문 접수 및 계약 성립 기준
주문 진행 절차: 원하는 상품의 상세 페이지에서 옵션과 수량을 선택한 후 [구매하기]를 누르거나 [장바구니]에 담아 결제를 진행합니다.
주문 성립 시점: 고객이 상품을 선택하여 결제를 완료하고, 시스템에서 [주문 완료] 메시지 또는 알림(이메일/알림톡)이 발송된 시점에 당사 간의 매매 계약이 성립됩니다.
재고 연동 및 품절 안내: 모든 주문은 실시간 재고 확보를 전제로 합니다. 단, 시스템 반영 시차로 인해 결제 완료 후 품절이 발생할 수 있으며, 이 경우 즉시 이메일/문자로 안
내 후 자동 취소 및 전액 환불 절차가 진행됩니다.
주문 제한 규정: 타인의 명의 도용, 매크로 등 불법 프로그램 이용, 재판매(리셀) 목적의 대량 주문으로 판단될 경우 회사는 사전 통보 없이 해당 주문을 임의 취소할 수 있습
니다.

[정책 문서 2: 쇼핑몰 이용약관 및 운영정책.pdf]
6.2 배송 기간 및 배송 조회
평균 배송 기간: 결제 완료(입금 확인) 기준 영업일 2~4일 이내 발송을 원칙으로 하며, 발송 후 1~3일 내 수령이 일반적입니다.
배송 조회: 상품 발송 시 등록된 연락처로 송장번호가 자동 발송되며, [마이페이지 > 주문내역 > 배송조회]에서 실시간 확인이 가능합니다.
배송 지연 안내: 천재지변, 물류사 파업, 명절 성수기 등 회사의 통제 범위를 벗어난 사유로 배송이 지연될 경우, 사전 공지 후 예상 지연 기간을 안내합니다.

6.3 배송 사고 처리 (분실/파손)
배송 중 분실: 택배사 배송 조회 상 '배송완료'로 표시되었으나 고객이 미수령한 경우, 고객센터와 택배사 공동 조사를 진행하며 조사 결과에 따라 재발송 또는 환불이 결정
됩니다.
파손 수령: 상품 수령 시 박스나 상품이 파손된 경우, 개봉 전 상태를 사진으로 촬영해 두어야 원활한 보상 처리가 가능하며, 수령 후 7일 이내 고객센터로 신고해야 합니다.

[정책 문서 3: 쇼핑몰 이용약관 및 운영정책.pdf]
1.3 주문 상품 구성(품목·옵션·수량) 변경 불가 안내
배송지·수령인 정보와 달리, 이미 결제 완료된 주문의 
상품 품목, 옵션(색상/사이즈 등), 수량
은 주문 상태와 무관하게 변경이 불가합니다.
변경이 필요한 경우 기존 주문을 취소한 후 원하는 구성으로 다시 주문해야 하며, 이미 '상품 준비 중' 이후 단계라면 취소 불가 규정(3항)이 함께 적용됩니다.
수량을 늘리고 싶은 경우도 기존 주문 수정이 아닌 신규 주문으로 진행해야 합니다.
TIP
주문 관련 팁 (RAG 응답 기준)
고객이 주문 후 배송지 변경을 요청할 때, 주문 상태가 '결제 완료' 이하인지 먼저 확인해야 합니다. 이미 '상품 준비 중'으로 변경된 경우 물류 시스템 특성상 자동 수정이 불가능합니
다.

2. 결제 정책 (Payment Policy)",8.7977
187,주문,주문 배송 조회,관련 메뉴를 찾지 못했습니다. 주문번호 {{order_no}} 건이 어디까지 왔는지 알려주세요. 필요한 정보가 있다면 함께 알려주세요.,배송 상태는 [마이페이지 > 주문내역 > 배송조회]에서 확인해 주세요.,"[""배송 상태는 [마이페이지] > [주문/배송 조회]에서 확인해 주세요.""]","[정책 문서 1: 쇼핑몰 이용약관 및 운영정책.pdf]
6.2 배송 기간 및 배송 조회
평균 배송 기간: 결제 완료(입금 확인) 기준 영업일 2~4일 이내 발송을 원칙으로 하며, 발송 후 1~3일 내 수령이 일반적입니다.
배송 조회: 상품 발송 시 등록된 연락처로 송장번호가 자동 발송되며, [마이페이지 > 주문내역 > 배송조회]에서 실시간 확인이 가능합니다.
배송 지연 안내: 천재지변, 물류사 파업, 명절 성수기 등 회사의 통제 범위를 벗어난 사유로 배송이 지연될 경우, 사전 공지 후 예상 지연 기간을 안내합니다.

6.3 배송 사고 처리 (분실/파손)
배송 중 분실: 택배사 배송 조회 상 '배송완료'로 표시되었으나 고객이 미수령한 경우, 고객센터와 택배사 공동 조사를 진행하며 조사 결과에 따라 재발송 또는 환불이 결정
됩니다.
파손 수령: 상품 수령 시 박스나 상품이 파손된 경우, 개봉 전 상태를 사진으로 촬영해 두어야 원활한 보상 처리가 가능하며, 수령 후 7일 이내 고객센터로 신고해야 합니다.

[정책 문서 2: 쇼핑몰 이용약관 및 운영정책.pdf]
1. 주문 정책 (Ordering Policy)

1.1 주문 접수 및 계약 성립 기준
주문 진행 절차: 원하는 상품의 상세 페이지에서 옵션과 수량을 선택한 후 [구매하기]를 누르거나 [장바구니]에 담아 결제를 진행합니다.
주문 성립 시점: 고객이 상품을 선택하여 결제를 완료하고, 시스템에서 [주문 완료] 메시지 또는 알림(이메일/알림톡)이 발송된 시점에 당사 간의 매매 계약이 성립됩니다.
재고 연동 및 품절 안내: 모든 주문은 실시간 재고 확보를 전제로 합니다. 단, 시스템 반영 시차로 인해 결제 완료 후 품절이 발생할 수 있으며, 이 경우 즉시 이메일/문자로 안
내 후 자동 취소 및 전액 환불 절차가 진행됩니다.
주문 제한 규정: 타인의 명의 도용, 매크로 등 불법 프로그램 이용, 재판매(리셀) 목적의 대량 주문으로 판단될 경우 회사는 사전 통보 없이 해당 주문을 임의 취소할 수 있습
니다.

[정책 문서 3: 쇼핑몰 이용약관 및 운영정책.pdf]
1.2 주문 정보 변경 (배송지 및 옵션)
변경 가능 단계: 주문 상태가 '입금 대기' 또는 '결제 완료' 단계일 경우에만 [마이페이지 > 주문내역]에서 직접 변경하거나 고객센터를 통해 변경 신청이 가능합니다.
변경 불가 단계: 주문 상태가 '상품 준비 중' 또는 '배송 중'으로 전환된 이후에는 물류센터 포장 및 송장 출력 작업이 완료되어 배송지 및 옵션 변경이 불가합니다. 이 경우 상
품 수령 후 반품/교환 절차를 따라야 합니다.",7.8686
188,주문,주문 배송 조회,처리 전에 확인하고 싶습니다. 주문번호 {{order_no}} 건의 배송 진행 상황을 알려주세요. 필요한 정보가 있다면 함께 알려주세요.,배송 상태는 [마이페이지] > [주문/배송 조회]에서 확인해 주세요.,"[""배송 상태는 [마이페이지] > [주문/배송 조회]에서 확인해 주세요.""]","[정책 문서 1: 쇼핑몰 이용약관 및 운영정책.pdf]
6.2 배송 기간 및 배송 조회
평균 배송 기간: 결제 완료(입금 확인) 기준 영업일 2~4일 이내 발송을 원칙으로 하며, 발송 후 1~3일 내 수령이 일반적입니다.
배송 조회: 상품 발송 시 등록된 연락처로 송장번호가 자동 발송되며, [마이페이지 > 주문내역 > 배송조회]에서 실시간 확인이 가능합니다.
배송 지연 안내: 천재지변, 물류사 파업, 명절 성수기 등 회사의 통제 범위를 벗어난 사유로 배송이 지연될 경우, 사전 공지 후 예상 지연 기간을 안내합니다.

6.3 배송 사고 처리 (분실/파손)
배송 중 분실: 택배사 배송 조회 상 '배송완료'로 표시되었으나 고객이 미수령한 경우, 고객센터와 택배사 공동 조사를 진행하며 조사 결과에 따라 재발송 또는 환불이 결정
됩니다.
파손 수령: 상품 수령 시 박스나 상품이 파손된 경우, 개봉 전 상태를 사진으로 촬영해 두어야 원활한 보상 처리가 가능하며, 수령 후 7일 이내 고객센터로 신고해야 합니다.

[정책 문서 2: 쇼핑몰 이용약관 및 운영정책.pdf]
4.5 환불 진행 상황 조회 방법
[마이페이지 > 주문내역 > 환불/취소 내역]에서 처리 단계(반품 접수 → 입고 확인 → 검품 승인 → 환불 처리 완료)를 실시간으로 확인할 수 있습니다.
검품 승인 이후 4.4항의 환불 소요 기간이 지나도 반영되지 않은 경우, 결제 수단과 반품 승인일을 확인한 뒤 고객센터로 문의해야 합니다.
부분 환불(일부 품목만 반품 등)의 경우 환불 금액이 전체 결제 금액과 다를 수 있으므로, 반품 접수 시 안내된 예상 환불 금액을 우선 확인합니다.
TIP
환불 조회 관련 팁 (RAG 응답 기준)
""환불 언제 되나요""라는 문의는 먼저 [마이페이지] 조회 경로를 안내하고, 4.4항의 결제 수단별 소요 기간 이내인지 확인한 뒤, 소요 기간을 초과한 경우에만 고객센터 개별 확인으로
연결합니다.

[정책 문서 3: 쇼핑몰 이용약관 및 운영정책.pdf]
1. 주문 정책 (Ordering Policy)

1.1 주문 접수 및 계약 성립 기준
주문 진행 절차: 원하는 상품의 상세 페이지에서 옵션과 수량을 선택한 후 [구매하기]를 누르거나 [장바구니]에 담아 결제를 진행합니다.
주문 성립 시점: 고객이 상품을 선택하여 결제를 완료하고, 시스템에서 [주문 완료] 메시지 또는 알림(이메일/알림톡)이 발송된 시점에 당사 간의 매매 계약이 성립됩니다.
재고 연동 및 품절 안내: 모든 주문은 실시간 재고 확보를 전제로 합니다. 단, 시스템 반영 시차로 인해 결제 완료 후 품절이 발생할 수 있으며, 이 경우 즉시 이메일/문자로 안
내 후 자동 취소 및 전액 환불 절차가 진행됩니다.
주문 제한 규정: 타인의 명의 도용, 매크로 등 불법 프로그램 이용, 재판매(리셀) 목적의 대량 주문으로 판단될 경우 회사는 사전 통보 없이 해당 주문을 임의 취소할 수 있습
니다.",8.3025
189,주문,주문 배송 조회,현재 상황을 확인하고 싶습니다. 주문번호 {{order_no}} 건의 현재 위치를 확인할 수 있나요? 필요한 정보가 있다면 함께 알려주세요.,배송 상태는 [마이페이지] > [주문/배송 조회]에서 확인해 주세요.,"[""배송 상태는 [마이페이지] > [주문/배송 조회]에서 확인해 주세요.""]","[정책 문서 1: 쇼핑몰 이용약관 및 운영정책.pdf]
4.5 환불 진행 상황 조회 방법
[마이페이지 > 주문내역 > 환불/취소 내역]에서 처리 단계(반품 접수 → 입고 확인 → 검품 승인 → 환불 처리 완료)를 실시간으로 확인할 수 있습니다.
검품 승인 이후 4.4항의 환불 소요 기간이 지나도 반영되지 않은 경우, 결제 수단과 반품 승인일을 확인한 뒤 고객센터로 문의해야 합니다.
부분 환불(일부 품목만 반품 등)의 경우 환불 금액이 전체 결제 금액과 다를 수 있으므로, 반품 접수 시 안내된 예상 환불 금액을 우선 확인합니다.
TIP
환불 조회 관련 팁 (RAG 응답 기준)
""환불 언제 되나요""라는 문의는 먼저 [마이페이지] 조회 경로를 안내하고, 4.4항의 결제 수단별 소요 기간 이내인지 확인한 뒤, 소요 기간을 초과한 경우에만 고객센터 개별 확인으로
연결합니다.

[정책 문서 2: 쇼핑몰 이용약관 및 운영정책.pdf]
1. 주문 정책 (Ordering Policy)

1.1 주문 접수 및 계약 성립 기준
주문 진행 절차: 원하는 상품의 상세 페이지에서 옵션과 수량을 선택한 후 [구매하기]를 누르거나 [장바구니]에 담아 결제를 진행합니다.
주문 성립 시점: 고객이 상품을 선택하여 결제를 완료하고, 시스템에서 [주문 완료] 메시지 또는 알림(이메일/알림톡)이 발송된 시점에 당사 간의 매매 계약이 성립됩니다.
재고 연동 및 품절 안내: 모든 주문은 실시간 재고 확보를 전제로 합니다. 단, 시스템 반영 시차로 인해 결제 완료 후 품절이 발생할 수 있으며, 이 경우 즉시 이메일/문자로 안
내 후 자동 취소 및 전액 환불 절차가 진행됩니다.
주문 제한 규정: 타인의 명의 도용, 매크로 등 불법 프로그램 이용, 재판매(리셀) 목적의 대량 주문으로 판단될 경우 회사는 사전 통보 없이 해당 주문을 임의 취소할 수 있습
니다.

[정책 문서 3: 쇼핑몰 이용약관 및 운영정책.pdf]
1.2 주문 정보 변경 (배송지 및 옵션)
변경 가능 단계: 주문 상태가 '입금 대기' 또는 '결제 완료' 단계일 경우에만 [마이페이지 > 주문내역]에서 직접 변경하거나 고객센터를 통해 변경 신청이 가능합니다.
변경 불가 단계: 주문 상태가 '상품 준비 중' 또는 '배송 중'으로 전환된 이후에는 물류센터 포장 및 송장 출력 작업이 완료되어 배송지 및 옵션 변경이 불가합니다. 이 경우 상
품 수령 후 반품/교환 절차를 따라야 합니다.",7.9064
190,주문,주문 배송 조회,온라인에서 처리하려고 합니다. 주문번호 {{order_no}} 건의 현재 위치를 확인할 수 있나요? 필요한 정보가 있다면 함께 알려주세요.,배송 상태는 [마이페이지] > [주문/배송 조회]에서 확인해 주세요.,"[""배송 상태는 [마이페이지] > [주문/배송 조회]에서 확인해 주세요.""]","[정책 문서 1: 쇼핑몰 이용약관 및 운영정책.pdf]
1. 주문 정책 (Ordering Policy)

1.1 주문 접수 및 계약 성립 기준
주문 진행 절차: 원하는 상품의 상세 페이지에서 옵션과 수량을 선택한 후 [구매하기]를 누르거나 [장바구니]에 담아 결제를 진행합니다.
주문 성립 시점: 고객이 상품을 선택하여 결제를 완료하고, 시스템에서 [주문 완료] 메시지 또는 알림(이메일/알림톡)이 발송된 시점에 당사 간의 매매 계약이 성립됩니다.
재고 연동 및 품절 안내: 모든 주문은 실시간 재고 확보를 전제로 합니다. 단, 시스템 반영 시차로 인해 결제 완료 후 품절이 발생할 수 있으며, 이 경우 즉시 이메일/문자로 안
내 후 자동 취소 및 전액 환불 절차가 진행됩니다.
주문 제한 규정: 타인의 명의 도용, 매크로 등 불법 프로그램 이용, 재판매(리셀) 목적의 대량 주문으로 판단될 경우 회사는 사전 통보 없이 해당 주문을 임의 취소할 수 있습
니다.

[정책 문서 2: 쇼핑몰 이용약관 및 운영정책.pdf]
4.5 환불 진행 상황 조회 방법
[마이페이지 > 주문내역 > 환불/취소 내역]에서 처리 단계(반품 접수 → 입고 확인 → 검품 승인 → 환불 처리 완료)를 실시간으로 확인할 수 있습니다.
검품 승인 이후 4.4항의 환불 소요 기간이 지나도 반영되지 않은 경우, 결제 수단과 반품 승인일을 확인한 뒤 고객센터로 문의해야 합니다.
부분 환불(일부 품목만 반품 등)의 경우 환불 금액이 전체 결제 금액과 다를 수 있으므로, 반품 접수 시 안내된 예상 환불 금액을 우선 확인합니다.
TIP
환불 조회 관련 팁 (RAG 응답 기준)
""환불 언제 되나요""라는 문의는 먼저 [마이페이지] 조회 경로를 안내하고, 4.4항의 결제 수단별 소요 기간 이내인지 확인한 뒤, 소요 기간을 초과한 경우에만 고객센터 개별 확인으로
연결합니다.

[정책 문서 3: 쇼핑몰 이용약관 및 운영정책.pdf]
1.3 주문 상품 구성(품목·옵션·수량) 변경 불가 안내
배송지·수령인 정보와 달리, 이미 결제 완료된 주문의 
상품 품목, 옵션(색상/사이즈 등), 수량
은 주문 상태와 무관하게 변경이 불가합니다.
변경이 필요한 경우 기존 주문을 취소한 후 원하는 구성으로 다시 주문해야 하며, 이미 '상품 준비 중' 이후 단계라면 취소 불가 규정(3항)이 함께 적용됩니다.
수량을 늘리고 싶은 경우도 기존 주문 수정이 아닌 신규 주문으로 진행해야 합니다.
TIP
주문 관련 팁 (RAG 응답 기준)
고객이 주문 후 배송지 변경을 요청할 때, 주문 상태가 '결제 완료' 이하인지 먼저 확인해야 합니다. 이미 '상품 준비 중'으로 변경된 경우 물류 시스템 특성상 자동 수정이 불가능합니
다.

2. 결제 정책 (Payment Policy)",7.899
191,주문,주문 배송 조회,주문번호 {{order_no}} 건을 배송 조회하고 싶습니다. 처리 전에 확인할 사항도 알려주세요.,배송 상태는 [마이페이지 > 주문내역 > 배송조회]에서 확인해 주세요.,"[""배송 상태는 [마이페이지] > [주문/배송 조회]에서 확인해 주세요.""]","[정책 문서 1: 쇼핑몰 이용약관 및 운영정책.pdf]
6.2 배송 기간 및 배송 조회
평균 배송 기간: 결제 완료(입금 확인) 기준 영업일 2~4일 이내 발송을 원칙으로 하며, 발송 후 1~3일 내 수령이 일반적입니다.
배송 조회: 상품 발송 시 등록된 연락처로 송장번호가 자동 발송되며, [마이페이지 > 주문내역 > 배송조회]에서 실시간 확인이 가능합니다.
배송 지연 안내: 천재지변, 물류사 파업, 명절 성수기 등 회사의 통제 범위를 벗어난 사유로 배송이 지연될 경우, 사전 공지 후 예상 지연 기간을 안내합니다.

6.3 배송 사고 처리 (분실/파손)
배송 중 분실: 택배사 배송 조회 상 '배송완료'로 표시되었으나 고객이 미수령한 경우, 고객센터와 택배사 공동 조사를 진행하며 조사 결과에 따라 재발송 또는 환불이 결정
됩니다.
파손 수령: 상품 수령 시 박스나 상품이 파손된 경우, 개봉 전 상태를 사진으로 촬영해 두어야 원활한 보상 처리가 가능하며, 수령 후 7일 이내 고객센터로 신고해야 합니다.

[정책 문서 2: 쇼핑몰 이용약관 및 운영정책.pdf]
4.5 환불 진행 상황 조회 방법
[마이페이지 > 주문내역 > 환불/취소 내역]에서 처리 단계(반품 접수 → 입고 확인 → 검품 승인 → 환불 처리 완료)를 실시간으로 확인할 수 있습니다.
검품 승인 이후 4.4항의 환불 소요 기간이 지나도 반영되지 않은 경우, 결제 수단과 반품 승인일을 확인한 뒤 고객센터로 문의해야 합니다.
부분 환불(일부 품목만 반품 등)의 경우 환불 금액이 전체 결제 금액과 다를 수 있으므로, 반품 접수 시 안내된 예상 환불 금액을 우선 확인합니다.
TIP
환불 조회 관련 팁 (RAG 응답 기준)
""환불 언제 되나요""라는 문의는 먼저 [마이페이지] 조회 경로를 안내하고, 4.4항의 결제 수단별 소요 기간 이내인지 확인한 뒤, 소요 기간을 초과한 경우에만 고객센터 개별 확인으로
연결합니다.

[정책 문서 3: 쇼핑몰 이용약관 및 운영정책.pdf]
1.3 주문 상품 구성(품목·옵션·수량) 변경 불가 안내
배송지·수령인 정보와 달리, 이미 결제 완료된 주문의 
상품 품목, 옵션(색상/사이즈 등), 수량
은 주문 상태와 무관하게 변경이 불가합니다.
변경이 필요한 경우 기존 주문을 취소한 후 원하는 구성으로 다시 주문해야 하며, 이미 '상품 준비 중' 이후 단계라면 취소 불가 규정(3항)이 함께 적용됩니다.
수량을 늘리고 싶은 경우도 기존 주문 수정이 아닌 신규 주문으로 진행해야 합니다.
TIP
주문 관련 팁 (RAG 응답 기준)
고객이 주문 후 배송지 변경을 요청할 때, 주문 상태가 '결제 완료' 이하인지 먼저 확인해야 합니다. 이미 '상품 준비 중'으로 변경된 경우 물류 시스템 특성상 자동 수정이 불가능합니
다.

2. 결제 정책 (Payment Policy)",8.3013
192,주문,주문 배송 조회,안녕하세요. 주문번호 {{order_no}} 건의 예상 도착일이 궁금합니다. 처리 전에 확인할 사항도 알려주세요.,배송 상태는 [마이페이지 > 주문내역 > 배송조회]에서 확인해 주세요.,"[""배송 상태는 [마이페이지] > [주문/배송 조회]에서 확인해 주세요.""]","[정책 문서 1: 쇼핑몰 이용약관 및 운영정책.pdf]
6.2 배송 기간 및 배송 조회
평균 배송 기간: 결제 완료(입금 확인) 기준 영업일 2~4일 이내 발송을 원칙으로 하며, 발송 후 1~3일 내 수령이 일반적입니다.
배송 조회: 상품 발송 시 등록된 연락처로 송장번호가 자동 발송되며, [마이페이지 > 주문내역 > 배송조회]에서 실시간 확인이 가능합니다.
배송 지연 안내: 천재지변, 물류사 파업, 명절 성수기 등 회사의 통제 범위를 벗어난 사유로 배송이 지연될 경우, 사전 공지 후 예상 지연 기간을 안내합니다.

6.3 배송 사고 처리 (분실/파손)
배송 중 분실: 택배사 배송 조회 상 '배송완료'로 표시되었으나 고객이 미수령한 경우, 고객센터와 택배사 공동 조사를 진행하며 조사 결과에 따라 재발송 또는 환불이 결정
됩니다.
파손 수령: 상품 수령 시 박스나 상품이 파손된 경우, 개봉 전 상태를 사진으로 촬영해 두어야 원활한 보상 처리가 가능하며, 수령 후 7일 이내 고객센터로 신고해야 합니다.

[정책 문서 2: 전자상거래_표준약관.pdf]
제13조(재화 등의 공급)

① “몰”은 이용자와 재화 등의 공급시기에 관하여 별도의 약정이 없는 이상, 이용
자가 청약을 한 날부터 7일 이내에 재화 등을 배송할 수 있도록 주문제작, 포장
등 기타의 필요한 조치를 취합니다. 다만, “몰”이 이미 재화 등의 대금의 전
부 또는 일부를 받은 경우에는 대금의 전부 또는 일부를 받은 날부터 3영업일 이
내에 조치를 취합니다. 이때 “몰”은 이용자가 재화 등의 공급 절차 및 진행
사항을 확인할 수 있도록 적절한 조치를 합니다.

[정책 문서 3: 쇼핑몰 이용약관 및 운영정책.pdf]
6.4 배송 방법 옵션
배송 방법
배송비
소요 기간
비고
표준 배송
기본 배송비(6.1항 기준)
영업일 2~4일
전 상품 대상
빠른 배송(익일)
추가 배송비 3,000원
오후 2시 이전 주문 시 익일 도착
일부 물류센터 보유 상품 한정
매장 픽업
무료
준비 완료 알림 후 즉시 수령 가능
픽업 가능 매장 보유 재고에 한함
TIP
배송 관련 팁 (RAG 응답 기준)
배송비 문의는 기본 배송비 → 무료배송 조건 → 도서산간 추가비용 순서로 안내합니다. 배송 지연 문의는 먼저 [배송조회] 확인을 안내한 후, 확인이 안 될 경우에만 고객센터 개별 문
의로 연결합니다.

7. 회원 정책 (Membership Policy)",8.1085
193,주문,주문 배송 조회,도움이 필요합니다. 주문번호 {{order_no}} 건의 배송 상태를 확인하고 싶습니다. 처리 전에 확인할 사항도 알려주세요.,배송 상태는 [마이페이지 > 주문내역 > 배송조회]에서 확인해 주세요.,"[""배송 상태는 [마이페이지] > [주문/배송 조회]에서 확인해 주세요.""]","[정책 문서 1: 쇼핑몰 이용약관 및 운영정책.pdf]
6.2 배송 기간 및 배송 조회
평균 배송 기간: 결제 완료(입금 확인) 기준 영업일 2~4일 이내 발송을 원칙으로 하며, 발송 후 1~3일 내 수령이 일반적입니다.
배송 조회: 상품 발송 시 등록된 연락처로 송장번호가 자동 발송되며, [마이페이지 > 주문내역 > 배송조회]에서 실시간 확인이 가능합니다.
배송 지연 안내: 천재지변, 물류사 파업, 명절 성수기 등 회사의 통제 범위를 벗어난 사유로 배송이 지연될 경우, 사전 공지 후 예상 지연 기간을 안내합니다.

6.3 배송 사고 처리 (분실/파손)
배송 중 분실: 택배사 배송 조회 상 '배송완료'로 표시되었으나 고객이 미수령한 경우, 고객센터와 택배사 공동 조사를 진행하며 조사 결과에 따라 재발송 또는 환불이 결정
됩니다.
파손 수령: 상품 수령 시 박스나 상품이 파손된 경우, 개봉 전 상태를 사진으로 촬영해 두어야 원활한 보상 처리가 가능하며, 수령 후 7일 이내 고객센터로 신고해야 합니다.

[정책 문서 2: 쇼핑몰 이용약관 및 운영정책.pdf]
4.5 환불 진행 상황 조회 방법
[마이페이지 > 주문내역 > 환불/취소 내역]에서 처리 단계(반품 접수 → 입고 확인 → 검품 승인 → 환불 처리 완료)를 실시간으로 확인할 수 있습니다.
검품 승인 이후 4.4항의 환불 소요 기간이 지나도 반영되지 않은 경우, 결제 수단과 반품 승인일을 확인한 뒤 고객센터로 문의해야 합니다.
부분 환불(일부 품목만 반품 등)의 경우 환불 금액이 전체 결제 금액과 다를 수 있으므로, 반품 접수 시 안내된 예상 환불 금액을 우선 확인합니다.
TIP
환불 조회 관련 팁 (RAG 응답 기준)
""환불 언제 되나요""라는 문의는 먼저 [마이페이지] 조회 경로를 안내하고, 4.4항의 결제 수단별 소요 기간 이내인지 확인한 뒤, 소요 기간을 초과한 경우에만 고객센터 개별 확인으로
연결합니다.

[정책 문서 3: 쇼핑몰 이용약관 및 운영정책.pdf]
1.2 주문 정보 변경 (배송지 및 옵션)
변경 가능 단계: 주문 상태가 '입금 대기' 또는 '결제 완료' 단계일 경우에만 [마이페이지 > 주문내역]에서 직접 변경하거나 고객센터를 통해 변경 신청이 가능합니다.
변경 불가 단계: 주문 상태가 '상품 준비 중' 또는 '배송 중'으로 전환된 이후에는 물류센터 포장 및 송장 출력 작업이 완료되어 배송지 및 옵션 변경이 불가합니다. 이 경우 상
품 수령 후 반품/교환 절차를 따라야 합니다.",7.9335
194,주문,주문 배송 조회,방법을 알고 싶습니다. 주문번호 {{order_no}} 건의 배송 상태를 확인하고 싶습니다. 처리 전에 확인할 사항도 알려주세요.,배송 상태는 [마이페이지 > 주문내역 > 배송조회]에서 확인해 주세요.,"[""배송 상태는 [마이페이지] > [주문/배송 조회]에서 확인해 주세요.""]","[정책 문서 1: 쇼핑몰 이용약관 및 운영정책.pdf]
6.2 배송 기간 및 배송 조회
평균 배송 기간: 결제 완료(입금 확인) 기준 영업일 2~4일 이내 발송을 원칙으로 하며, 발송 후 1~3일 내 수령이 일반적입니다.
배송 조회: 상품 발송 시 등록된 연락처로 송장번호가 자동 발송되며, [마이페이지 > 주문내역 > 배송조회]에서 실시간 확인이 가능합니다.
배송 지연 안내: 천재지변, 물류사 파업, 명절 성수기 등 회사의 통제 범위를 벗어난 사유로 배송이 지연될 경우, 사전 공지 후 예상 지연 기간을 안내합니다.

6.3 배송 사고 처리 (분실/파손)
배송 중 분실: 택배사 배송 조회 상 '배송완료'로 표시되었으나 고객이 미수령한 경우, 고객센터와 택배사 공동 조사를 진행하며 조사 결과에 따라 재발송 또는 환불이 결정
됩니다.
파손 수령: 상품 수령 시 박스나 상품이 파손된 경우, 개봉 전 상태를 사진으로 촬영해 두어야 원활한 보상 처리가 가능하며, 수령 후 7일 이내 고객센터로 신고해야 합니다.

[정책 문서 2: 쇼핑몰 이용약관 및 운영정책.pdf]
4.5 환불 진행 상황 조회 방법
[마이페이지 > 주문내역 > 환불/취소 내역]에서 처리 단계(반품 접수 → 입고 확인 → 검품 승인 → 환불 처리 완료)를 실시간으로 확인할 수 있습니다.
검품 승인 이후 4.4항의 환불 소요 기간이 지나도 반영되지 않은 경우, 결제 수단과 반품 승인일을 확인한 뒤 고객센터로 문의해야 합니다.
부분 환불(일부 품목만 반품 등)의 경우 환불 금액이 전체 결제 금액과 다를 수 있으므로, 반품 접수 시 안내된 예상 환불 금액을 우선 확인합니다.
TIP
환불 조회 관련 팁 (RAG 응답 기준)
""환불 언제 되나요""라는 문의는 먼저 [마이페이지] 조회 경로를 안내하고, 4.4항의 결제 수단별 소요 기간 이내인지 확인한 뒤, 소요 기간을 초과한 경우에만 고객센터 개별 확인으로
연결합니다.

[정책 문서 3: 쇼핑몰 이용약관 및 운영정책.pdf]
1.2 주문 정보 변경 (배송지 및 옵션)
변경 가능 단계: 주문 상태가 '입금 대기' 또는 '결제 완료' 단계일 경우에만 [마이페이지 > 주문내역]에서 직접 변경하거나 고객센터를 통해 변경 신청이 가능합니다.
변경 불가 단계: 주문 상태가 '상품 준비 중' 또는 '배송 중'으로 전환된 이후에는 물류센터 포장 및 송장 출력 작업이 완료되어 배송지 및 옵션 변경이 불가합니다. 이 경우 상
품 수령 후 반품/교환 절차를 따라야 합니다.",7.8844
195,주문,주문 배송 조회,절차를 안내받고 싶습니다. 주문번호 {{order_no}} 건의 배송 상태를 확인하고 싶습니다. 처리 전에 확인할 사항도 알려주세요.,배송 상태는 [마이페이지 > 주문내역 > 배송조회]에서 확인해 주세요.,"[""배송 상태는 [마이페이지] > [주문/배송 조회]에서 확인해 주세요.""]","[정책 문서 1: 쇼핑몰 이용약관 및 운영정책.pdf]
6.2 배송 기간 및 배송 조회
평균 배송 기간: 결제 완료(입금 확인) 기준 영업일 2~4일 이내 발송을 원칙으로 하며, 발송 후 1~3일 내 수령이 일반적입니다.
배송 조회: 상품 발송 시 등록된 연락처로 송장번호가 자동 발송되며, [마이페이지 > 주문내역 > 배송조회]에서 실시간 확인이 가능합니다.
배송 지연 안내: 천재지변, 물류사 파업, 명절 성수기 등 회사의 통제 범위를 벗어난 사유로 배송이 지연될 경우, 사전 공지 후 예상 지연 기간을 안내합니다.

6.3 배송 사고 처리 (분실/파손)
배송 중 분실: 택배사 배송 조회 상 '배송완료'로 표시되었으나 고객이 미수령한 경우, 고객센터와 택배사 공동 조사를 진행하며 조사 결과에 따라 재발송 또는 환불이 결정
됩니다.
파손 수령: 상품 수령 시 박스나 상품이 파손된 경우, 개봉 전 상태를 사진으로 촬영해 두어야 원활한 보상 처리가 가능하며, 수령 후 7일 이내 고객센터로 신고해야 합니다.

[정책 문서 2: 쇼핑몰 이용약관 및 운영정책.pdf]
1. 주문 정책 (Ordering Policy)

1.1 주문 접수 및 계약 성립 기준
주문 진행 절차: 원하는 상품의 상세 페이지에서 옵션과 수량을 선택한 후 [구매하기]를 누르거나 [장바구니]에 담아 결제를 진행합니다.
주문 성립 시점: 고객이 상품을 선택하여 결제를 완료하고, 시스템에서 [주문 완료] 메시지 또는 알림(이메일/알림톡)이 발송된 시점에 당사 간의 매매 계약이 성립됩니다.
재고 연동 및 품절 안내: 모든 주문은 실시간 재고 확보를 전제로 합니다. 단, 시스템 반영 시차로 인해 결제 완료 후 품절이 발생할 수 있으며, 이 경우 즉시 이메일/문자로 안
내 후 자동 취소 및 전액 환불 절차가 진행됩니다.
주문 제한 규정: 타인의 명의 도용, 매크로 등 불법 프로그램 이용, 재판매(리셀) 목적의 대량 주문으로 판단될 경우 회사는 사전 통보 없이 해당 주문을 임의 취소할 수 있습
니다.

[정책 문서 3: 쇼핑몰 이용약관 및 운영정책.pdf]
1.2 주문 정보 변경 (배송지 및 옵션)
변경 가능 단계: 주문 상태가 '입금 대기' 또는 '결제 완료' 단계일 경우에만 [마이페이지 > 주문내역]에서 직접 변경하거나 고객센터를 통해 변경 신청이 가능합니다.
변경 불가 단계: 주문 상태가 '상품 준비 중' 또는 '배송 중'으로 전환된 이후에는 물류센터 포장 및 송장 출력 작업이 완료되어 배송지 및 옵션 변경이 불가합니다. 이 경우 상
품 수령 후 반품/교환 절차를 따라야 합니다.",8.1598
196,주문,주문 배송 조회,관련 내용을 확인하고 싶습니다. 주문번호 {{order_no}} 건의 배송 진행 상황을 알려주세요. 처리 전에 확인할 사항도 알려주세요.,배송 상태는 [마이페이지] > [주문/배송 조회]에서 확인해 주세요.,"[""배송 상태는 [마이페이지] > [주문/배송 조회]에서 확인해 주세요.""]","[정책 문서 1: 쇼핑몰 이용약관 및 운영정책.pdf]
4.5 환불 진행 상황 조회 방법
[마이페이지 > 주문내역 > 환불/취소 내역]에서 처리 단계(반품 접수 → 입고 확인 → 검품 승인 → 환불 처리 완료)를 실시간으로 확인할 수 있습니다.
검품 승인 이후 4.4항의 환불 소요 기간이 지나도 반영되지 않은 경우, 결제 수단과 반품 승인일을 확인한 뒤 고객센터로 문의해야 합니다.
부분 환불(일부 품목만 반품 등)의 경우 환불 금액이 전체 결제 금액과 다를 수 있으므로, 반품 접수 시 안내된 예상 환불 금액을 우선 확인합니다.
TIP
환불 조회 관련 팁 (RAG 응답 기준)
""환불 언제 되나요""라는 문의는 먼저 [마이페이지] 조회 경로를 안내하고, 4.4항의 결제 수단별 소요 기간 이내인지 확인한 뒤, 소요 기간을 초과한 경우에만 고객센터 개별 확인으로
연결합니다.

[정책 문서 2: 쇼핑몰 이용약관 및 운영정책.pdf]
6.2 배송 기간 및 배송 조회
평균 배송 기간: 결제 완료(입금 확인) 기준 영업일 2~4일 이내 발송을 원칙으로 하며, 발송 후 1~3일 내 수령이 일반적입니다.
배송 조회: 상품 발송 시 등록된 연락처로 송장번호가 자동 발송되며, [마이페이지 > 주문내역 > 배송조회]에서 실시간 확인이 가능합니다.
배송 지연 안내: 천재지변, 물류사 파업, 명절 성수기 등 회사의 통제 범위를 벗어난 사유로 배송이 지연될 경우, 사전 공지 후 예상 지연 기간을 안내합니다.

6.3 배송 사고 처리 (분실/파손)
배송 중 분실: 택배사 배송 조회 상 '배송완료'로 표시되었으나 고객이 미수령한 경우, 고객센터와 택배사 공동 조사를 진행하며 조사 결과에 따라 재발송 또는 환불이 결정
됩니다.
파손 수령: 상품 수령 시 박스나 상품이 파손된 경우, 개봉 전 상태를 사진으로 촬영해 두어야 원활한 보상 처리가 가능하며, 수령 후 7일 이내 고객센터로 신고해야 합니다.

[정책 문서 3: 쇼핑몰 이용약관 및 운영정책.pdf]
1. 주문 정책 (Ordering Policy)

1.1 주문 접수 및 계약 성립 기준
주문 진행 절차: 원하는 상품의 상세 페이지에서 옵션과 수량을 선택한 후 [구매하기]를 누르거나 [장바구니]에 담아 결제를 진행합니다.
주문 성립 시점: 고객이 상품을 선택하여 결제를 완료하고, 시스템에서 [주문 완료] 메시지 또는 알림(이메일/알림톡)이 발송된 시점에 당사 간의 매매 계약이 성립됩니다.
재고 연동 및 품절 안내: 모든 주문은 실시간 재고 확보를 전제로 합니다. 단, 시스템 반영 시차로 인해 결제 완료 후 품절이 발생할 수 있으며, 이 경우 즉시 이메일/문자로 안
내 후 자동 취소 및 전액 환불 절차가 진행됩니다.
주문 제한 규정: 타인의 명의 도용, 매크로 등 불법 프로그램 이용, 재판매(리셀) 목적의 대량 주문으로 판단될 경우 회사는 사전 통보 없이 해당 주문을 임의 취소할 수 있습
니다.",8.2867
197,주문,주문 배송 조회,이용 중 궁금한 점이 있습니다. 주문번호 {{order_no}} 건의 배송 상태를 확인하고 싶습니다. 처리 전에 확인할 사항도 알려주세요.,배송 상태는 [마이페이지 > 주문내역 > 배송조회]에서 확인해 주세요.,"[""배송 상태는 [마이페이지] > [주문/배송 조회]에서 확인해 주세요.""]","[정책 문서 1: 쇼핑몰 이용약관 및 운영정책.pdf]
6.2 배송 기간 및 배송 조회
평균 배송 기간: 결제 완료(입금 확인) 기준 영업일 2~4일 이내 발송을 원칙으로 하며, 발송 후 1~3일 내 수령이 일반적입니다.
배송 조회: 상품 발송 시 등록된 연락처로 송장번호가 자동 발송되며, [마이페이지 > 주문내역 > 배송조회]에서 실시간 확인이 가능합니다.
배송 지연 안내: 천재지변, 물류사 파업, 명절 성수기 등 회사의 통제 범위를 벗어난 사유로 배송이 지연될 경우, 사전 공지 후 예상 지연 기간을 안내합니다.

6.3 배송 사고 처리 (분실/파손)
배송 중 분실: 택배사 배송 조회 상 '배송완료'로 표시되었으나 고객이 미수령한 경우, 고객센터와 택배사 공동 조사를 진행하며 조사 결과에 따라 재발송 또는 환불이 결정
됩니다.
파손 수령: 상품 수령 시 박스나 상품이 파손된 경우, 개봉 전 상태를 사진으로 촬영해 두어야 원활한 보상 처리가 가능하며, 수령 후 7일 이내 고객센터로 신고해야 합니다.

[정책 문서 2: 쇼핑몰 이용약관 및 운영정책.pdf]
1.2 주문 정보 변경 (배송지 및 옵션)
변경 가능 단계: 주문 상태가 '입금 대기' 또는 '결제 완료' 단계일 경우에만 [마이페이지 > 주문내역]에서 직접 변경하거나 고객센터를 통해 변경 신청이 가능합니다.
변경 불가 단계: 주문 상태가 '상품 준비 중' 또는 '배송 중'으로 전환된 이후에는 물류센터 포장 및 송장 출력 작업이 완료되어 배송지 및 옵션 변경이 불가합니다. 이 경우 상
품 수령 후 반품/교환 절차를 따라야 합니다.

[정책 문서 3: 쇼핑몰 이용약관 및 운영정책.pdf]
1.3 주문 상품 구성(품목·옵션·수량) 변경 불가 안내
배송지·수령인 정보와 달리, 이미 결제 완료된 주문의 
상품 품목, 옵션(색상/사이즈 등), 수량
은 주문 상태와 무관하게 변경이 불가합니다.
변경이 필요한 경우 기존 주문을 취소한 후 원하는 구성으로 다시 주문해야 하며, 이미 '상품 준비 중' 이후 단계라면 취소 불가 규정(3항)이 함께 적용됩니다.
수량을 늘리고 싶은 경우도 기존 주문 수정이 아닌 신규 주문으로 진행해야 합니다.
TIP
주문 관련 팁 (RAG 응답 기준)
고객이 주문 후 배송지 변경을 요청할 때, 주문 상태가 '결제 완료' 이하인지 먼저 확인해야 합니다. 이미 '상품 준비 중'으로 변경된 경우 물류 시스템 특성상 자동 수정이 불가능합니
다.

2. 결제 정책 (Payment Policy)",7.9063
198,주문,주문 배송 조회,이용 중 궁금한 점이 있습니다. 주문번호 {{order_no}} 건의 현재 위치를 확인할 수 있나요? 처리 전에 확인할 사항도 알려주세요.,배송 상태는 [마이페이지] > [주문/배송 조회]에서 확인해 주세요.,"[""배송 상태는 [마이페이지] > [주문/배송 조회]에서 확인해 주세요.""]","[정책 문서 1: 쇼핑몰 이용약관 및 운영정책.pdf]
1. 주문 정책 (Ordering Policy)

1.1 주문 접수 및 계약 성립 기준
주문 진행 절차: 원하는 상품의 상세 페이지에서 옵션과 수량을 선택한 후 [구매하기]를 누르거나 [장바구니]에 담아 결제를 진행합니다.
주문 성립 시점: 고객이 상품을 선택하여 결제를 완료하고, 시스템에서 [주문 완료] 메시지 또는 알림(이메일/알림톡)이 발송된 시점에 당사 간의 매매 계약이 성립됩니다.
재고 연동 및 품절 안내: 모든 주문은 실시간 재고 확보를 전제로 합니다. 단, 시스템 반영 시차로 인해 결제 완료 후 품절이 발생할 수 있으며, 이 경우 즉시 이메일/문자로 안
내 후 자동 취소 및 전액 환불 절차가 진행됩니다.
주문 제한 규정: 타인의 명의 도용, 매크로 등 불법 프로그램 이용, 재판매(리셀) 목적의 대량 주문으로 판단될 경우 회사는 사전 통보 없이 해당 주문을 임의 취소할 수 있습
니다.

[정책 문서 2: 쇼핑몰 이용약관 및 운영정책.pdf]
4.5 환불 진행 상황 조회 방법
[마이페이지 > 주문내역 > 환불/취소 내역]에서 처리 단계(반품 접수 → 입고 확인 → 검품 승인 → 환불 처리 완료)를 실시간으로 확인할 수 있습니다.
검품 승인 이후 4.4항의 환불 소요 기간이 지나도 반영되지 않은 경우, 결제 수단과 반품 승인일을 확인한 뒤 고객센터로 문의해야 합니다.
부분 환불(일부 품목만 반품 등)의 경우 환불 금액이 전체 결제 금액과 다를 수 있으므로, 반품 접수 시 안내된 예상 환불 금액을 우선 확인합니다.
TIP
환불 조회 관련 팁 (RAG 응답 기준)
""환불 언제 되나요""라는 문의는 먼저 [마이페이지] 조회 경로를 안내하고, 4.4항의 결제 수단별 소요 기간 이내인지 확인한 뒤, 소요 기간을 초과한 경우에만 고객센터 개별 확인으로
연결합니다.

[정책 문서 3: 쇼핑몰 이용약관 및 운영정책.pdf]
6.2 배송 기간 및 배송 조회
평균 배송 기간: 결제 완료(입금 확인) 기준 영업일 2~4일 이내 발송을 원칙으로 하며, 발송 후 1~3일 내 수령이 일반적입니다.
배송 조회: 상품 발송 시 등록된 연락처로 송장번호가 자동 발송되며, [마이페이지 > 주문내역 > 배송조회]에서 실시간 확인이 가능합니다.
배송 지연 안내: 천재지변, 물류사 파업, 명절 성수기 등 회사의 통제 범위를 벗어난 사유로 배송이 지연될 경우, 사전 공지 후 예상 지연 기간을 안내합니다.

6.3 배송 사고 처리 (분실/파손)
배송 중 분실: 택배사 배송 조회 상 '배송완료'로 표시되었으나 고객이 미수령한 경우, 고객센터와 택배사 공동 조사를 진행하며 조사 결과에 따라 재발송 또는 환불이 결정
됩니다.
파손 수령: 상품 수령 시 박스나 상품이 파손된 경우, 개봉 전 상태를 사진으로 촬영해 두어야 원활한 보상 처리가 가능하며, 수령 후 7일 이내 고객센터로 신고해야 합니다.",8.4256
199,주문,주문 배송 조회,직접 처리하려고 합니다. 주문번호 {{order_no}} 건을 배송 조회하고 싶습니다. 처리 전에 확인할 사항도 알려주세요.,배송 상태는 [마이페이지 > 주문내역 > 배송조회]에서 확인해 주세요.,"[""배송 상태는 [마이페이지] > [주문/배송 조회]에서 확인해 주세요.""]","[정책 문서 1: 쇼핑몰 이용약관 및 운영정책.pdf]
6.2 배송 기간 및 배송 조회
평균 배송 기간: 결제 완료(입금 확인) 기준 영업일 2~4일 이내 발송을 원칙으로 하며, 발송 후 1~3일 내 수령이 일반적입니다.
배송 조회: 상품 발송 시 등록된 연락처로 송장번호가 자동 발송되며, [마이페이지 > 주문내역 > 배송조회]에서 실시간 확인이 가능합니다.
배송 지연 안내: 천재지변, 물류사 파업, 명절 성수기 등 회사의 통제 범위를 벗어난 사유로 배송이 지연될 경우, 사전 공지 후 예상 지연 기간을 안내합니다.

6.3 배송 사고 처리 (분실/파손)
배송 중 분실: 택배사 배송 조회 상 '배송완료'로 표시되었으나 고객이 미수령한 경우, 고객센터와 택배사 공동 조사를 진행하며 조사 결과에 따라 재발송 또는 환불이 결정
됩니다.
파손 수령: 상품 수령 시 박스나 상품이 파손된 경우, 개봉 전 상태를 사진으로 촬영해 두어야 원활한 보상 처리가 가능하며, 수령 후 7일 이내 고객센터로 신고해야 합니다.

[정책 문서 2: 쇼핑몰 이용약관 및 운영정책.pdf]
4.5 환불 진행 상황 조회 방법
[마이페이지 > 주문내역 > 환불/취소 내역]에서 처리 단계(반품 접수 → 입고 확인 → 검품 승인 → 환불 처리 완료)를 실시간으로 확인할 수 있습니다.
검품 승인 이후 4.4항의 환불 소요 기간이 지나도 반영되지 않은 경우, 결제 수단과 반품 승인일을 확인한 뒤 고객센터로 문의해야 합니다.
부분 환불(일부 품목만 반품 등)의 경우 환불 금액이 전체 결제 금액과 다를 수 있으므로, 반품 접수 시 안내된 예상 환불 금액을 우선 확인합니다.
TIP
환불 조회 관련 팁 (RAG 응답 기준)
""환불 언제 되나요""라는 문의는 먼저 [마이페이지] 조회 경로를 안내하고, 4.4항의 결제 수단별 소요 기간 이내인지 확인한 뒤, 소요 기간을 초과한 경우에만 고객센터 개별 확인으로
연결합니다.

[정책 문서 3: 쇼핑몰 이용약관 및 운영정책.pdf]
1.3 주문 상품 구성(품목·옵션·수량) 변경 불가 안내
배송지·수령인 정보와 달리, 이미 결제 완료된 주문의 
상품 품목, 옵션(색상/사이즈 등), 수량
은 주문 상태와 무관하게 변경이 불가합니다.
변경이 필요한 경우 기존 주문을 취소한 후 원하는 구성으로 다시 주문해야 하며, 이미 '상품 준비 중' 이후 단계라면 취소 불가 규정(3항)이 함께 적용됩니다.
수량을 늘리고 싶은 경우도 기존 주문 수정이 아닌 신규 주문으로 진행해야 합니다.
TIP
주문 관련 팁 (RAG 응답 기준)
고객이 주문 후 배송지 변경을 요청할 때, 주문 상태가 '결제 완료' 이하인지 먼저 확인해야 합니다. 이미 '상품 준비 중'으로 변경된 경우 물류 시스템 특성상 자동 수정이 불가능합니
다.

2. 결제 정책 (Payment Policy)",8.4346
200,주문,주문 배송 조회,처리 과정을 알려주세요. 주문번호 {{order_no}} 건의 예상 도착일이 궁금합니다. 처리 전에 확인할 사항도 알려주세요.,배송 상태는 [마이페이지] > [주문/배송 조회]에서 확인해 주세요.,"[""배송 상태는 [마이페이지] > [주문/배송 조회]에서 확인해 주세요.""]","[정책 문서 1: 쇼핑몰 이용약관 및 운영정책.pdf]
6.2 배송 기간 및 배송 조회
평균 배송 기간: 결제 완료(입금 확인) 기준 영업일 2~4일 이내 발송을 원칙으로 하며, 발송 후 1~3일 내 수령이 일반적입니다.
배송 조회: 상품 발송 시 등록된 연락처로 송장번호가 자동 발송되며, [마이페이지 > 주문내역 > 배송조회]에서 실시간 확인이 가능합니다.
배송 지연 안내: 천재지변, 물류사 파업, 명절 성수기 등 회사의 통제 범위를 벗어난 사유로 배송이 지연될 경우, 사전 공지 후 예상 지연 기간을 안내합니다.

6.3 배송 사고 처리 (분실/파손)
배송 중 분실: 택배사 배송 조회 상 '배송완료'로 표시되었으나 고객이 미수령한 경우, 고객센터와 택배사 공동 조사를 진행하며 조사 결과에 따라 재발송 또는 환불이 결정
됩니다.
파손 수령: 상품 수령 시 박스나 상품이 파손된 경우, 개봉 전 상태를 사진으로 촬영해 두어야 원활한 보상 처리가 가능하며, 수령 후 7일 이내 고객센터로 신고해야 합니다.

[정책 문서 2: 쇼핑몰 이용약관 및 운영정책.pdf]
4.5 환불 진행 상황 조회 방법
[마이페이지 > 주문내역 > 환불/취소 내역]에서 처리 단계(반품 접수 → 입고 확인 → 검품 승인 → 환불 처리 완료)를 실시간으로 확인할 수 있습니다.
검품 승인 이후 4.4항의 환불 소요 기간이 지나도 반영되지 않은 경우, 결제 수단과 반품 승인일을 확인한 뒤 고객센터로 문의해야 합니다.
부분 환불(일부 품목만 반품 등)의 경우 환불 금액이 전체 결제 금액과 다를 수 있으므로, 반품 접수 시 안내된 예상 환불 금액을 우선 확인합니다.
TIP
환불 조회 관련 팁 (RAG 응답 기준)
""환불 언제 되나요""라는 문의는 먼저 [마이페이지] 조회 경로를 안내하고, 4.4항의 결제 수단별 소요 기간 이내인지 확인한 뒤, 소요 기간을 초과한 경우에만 고객센터 개별 확인으로
연결합니다.

[정책 문서 3: 쇼핑몰 이용약관 및 운영정책.pdf]
1. 주문 정책 (Ordering Policy)

1.1 주문 접수 및 계약 성립 기준
주문 진행 절차: 원하는 상품의 상세 페이지에서 옵션과 수량을 선택한 후 [구매하기]를 누르거나 [장바구니]에 담아 결제를 진행합니다.
주문 성립 시점: 고객이 상품을 선택하여 결제를 완료하고, 시스템에서 [주문 완료] 메시지 또는 알림(이메일/알림톡)이 발송된 시점에 당사 간의 매매 계약이 성립됩니다.
재고 연동 및 품절 안내: 모든 주문은 실시간 재고 확보를 전제로 합니다. 단, 시스템 반영 시차로 인해 결제 완료 후 품절이 발생할 수 있으며, 이 경우 즉시 이메일/문자로 안
내 후 자동 취소 및 전액 환불 절차가 진행됩니다.
주문 제한 규정: 타인의 명의 도용, 매크로 등 불법 프로그램 이용, 재판매(리셀) 목적의 대량 주문으로 판단될 경우 회사는 사전 통보 없이 해당 주문을 임의 취소할 수 있습
니다.",8.2581
201,주문,주문 배송 조회,온라인에서 처리하려고 합니다. 주문번호 {{order_no}} 건을 배송 조회하고 싶습니다. 처리 전에 확인할 사항도 알려주세요.,배송 상태는 [마이페이지 > 주문내역 > 배송조회]에서 확인해 주세요.,"[""배송 상태는 [마이페이지] > [주문/배송 조회]에서 확인해 주세요.""]","[정책 문서 1: 쇼핑몰 이용약관 및 운영정책.pdf]
6.2 배송 기간 및 배송 조회
평균 배송 기간: 결제 완료(입금 확인) 기준 영업일 2~4일 이내 발송을 원칙으로 하며, 발송 후 1~3일 내 수령이 일반적입니다.
배송 조회: 상품 발송 시 등록된 연락처로 송장번호가 자동 발송되며, [마이페이지 > 주문내역 > 배송조회]에서 실시간 확인이 가능합니다.
배송 지연 안내: 천재지변, 물류사 파업, 명절 성수기 등 회사의 통제 범위를 벗어난 사유로 배송이 지연될 경우, 사전 공지 후 예상 지연 기간을 안내합니다.

6.3 배송 사고 처리 (분실/파손)
배송 중 분실: 택배사 배송 조회 상 '배송완료'로 표시되었으나 고객이 미수령한 경우, 고객센터와 택배사 공동 조사를 진행하며 조사 결과에 따라 재발송 또는 환불이 결정
됩니다.
파손 수령: 상품 수령 시 박스나 상품이 파손된 경우, 개봉 전 상태를 사진으로 촬영해 두어야 원활한 보상 처리가 가능하며, 수령 후 7일 이내 고객센터로 신고해야 합니다.

[정책 문서 2: 쇼핑몰 이용약관 및 운영정책.pdf]
4.5 환불 진행 상황 조회 방법
[마이페이지 > 주문내역 > 환불/취소 내역]에서 처리 단계(반품 접수 → 입고 확인 → 검품 승인 → 환불 처리 완료)를 실시간으로 확인할 수 있습니다.
검품 승인 이후 4.4항의 환불 소요 기간이 지나도 반영되지 않은 경우, 결제 수단과 반품 승인일을 확인한 뒤 고객센터로 문의해야 합니다.
부분 환불(일부 품목만 반품 등)의 경우 환불 금액이 전체 결제 금액과 다를 수 있으므로, 반품 접수 시 안내된 예상 환불 금액을 우선 확인합니다.
TIP
환불 조회 관련 팁 (RAG 응답 기준)
""환불 언제 되나요""라는 문의는 먼저 [마이페이지] 조회 경로를 안내하고, 4.4항의 결제 수단별 소요 기간 이내인지 확인한 뒤, 소요 기간을 초과한 경우에만 고객센터 개별 확인으로
연결합니다.

[정책 문서 3: 쇼핑몰 이용약관 및 운영정책.pdf]
1. 주문 정책 (Ordering Policy)

1.1 주문 접수 및 계약 성립 기준
주문 진행 절차: 원하는 상품의 상세 페이지에서 옵션과 수량을 선택한 후 [구매하기]를 누르거나 [장바구니]에 담아 결제를 진행합니다.
주문 성립 시점: 고객이 상품을 선택하여 결제를 완료하고, 시스템에서 [주문 완료] 메시지 또는 알림(이메일/알림톡)이 발송된 시점에 당사 간의 매매 계약이 성립됩니다.
재고 연동 및 품절 안내: 모든 주문은 실시간 재고 확보를 전제로 합니다. 단, 시스템 반영 시차로 인해 결제 완료 후 품절이 발생할 수 있으며, 이 경우 즉시 이메일/문자로 안
내 후 자동 취소 및 전액 환불 절차가 진행됩니다.
주문 제한 규정: 타인의 명의 도용, 매크로 등 불법 프로그램 이용, 재판매(리셀) 목적의 대량 주문으로 판단될 경우 회사는 사전 통보 없이 해당 주문을 임의 취소할 수 있습
니다.",8.3558
202,주문,주문 배송 조회,온라인에서 처리하려고 합니다. 주문번호 {{order_no}} 건의 배송 진행 상황을 알려주세요. 처리 전에 확인할 사항도 알려주세요.,배송 상태는 [마이페이지] > [주문/배송 조회]에서 확인해 주세요.,"[""배송 상태는 [마이페이지] > [주문/배송 조회]에서 확인해 주세요.""]","[정책 문서 1: 쇼핑몰 이용약관 및 운영정책.pdf]
4.5 환불 진행 상황 조회 방법
[마이페이지 > 주문내역 > 환불/취소 내역]에서 처리 단계(반품 접수 → 입고 확인 → 검품 승인 → 환불 처리 완료)를 실시간으로 확인할 수 있습니다.
검품 승인 이후 4.4항의 환불 소요 기간이 지나도 반영되지 않은 경우, 결제 수단과 반품 승인일을 확인한 뒤 고객센터로 문의해야 합니다.
부분 환불(일부 품목만 반품 등)의 경우 환불 금액이 전체 결제 금액과 다를 수 있으므로, 반품 접수 시 안내된 예상 환불 금액을 우선 확인합니다.
TIP
환불 조회 관련 팁 (RAG 응답 기준)
""환불 언제 되나요""라는 문의는 먼저 [마이페이지] 조회 경로를 안내하고, 4.4항의 결제 수단별 소요 기간 이내인지 확인한 뒤, 소요 기간을 초과한 경우에만 고객센터 개별 확인으로
연결합니다.

[정책 문서 2: 쇼핑몰 이용약관 및 운영정책.pdf]
6.2 배송 기간 및 배송 조회
평균 배송 기간: 결제 완료(입금 확인) 기준 영업일 2~4일 이내 발송을 원칙으로 하며, 발송 후 1~3일 내 수령이 일반적입니다.
배송 조회: 상품 발송 시 등록된 연락처로 송장번호가 자동 발송되며, [마이페이지 > 주문내역 > 배송조회]에서 실시간 확인이 가능합니다.
배송 지연 안내: 천재지변, 물류사 파업, 명절 성수기 등 회사의 통제 범위를 벗어난 사유로 배송이 지연될 경우, 사전 공지 후 예상 지연 기간을 안내합니다.

6.3 배송 사고 처리 (분실/파손)
배송 중 분실: 택배사 배송 조회 상 '배송완료'로 표시되었으나 고객이 미수령한 경우, 고객센터와 택배사 공동 조사를 진행하며 조사 결과에 따라 재발송 또는 환불이 결정
됩니다.
파손 수령: 상품 수령 시 박스나 상품이 파손된 경우, 개봉 전 상태를 사진으로 촬영해 두어야 원활한 보상 처리가 가능하며, 수령 후 7일 이내 고객센터로 신고해야 합니다.

[정책 문서 3: 쇼핑몰 이용약관 및 운영정책.pdf]
1. 주문 정책 (Ordering Policy)

1.1 주문 접수 및 계약 성립 기준
주문 진행 절차: 원하는 상품의 상세 페이지에서 옵션과 수량을 선택한 후 [구매하기]를 누르거나 [장바구니]에 담아 결제를 진행합니다.
주문 성립 시점: 고객이 상품을 선택하여 결제를 완료하고, 시스템에서 [주문 완료] 메시지 또는 알림(이메일/알림톡)이 발송된 시점에 당사 간의 매매 계약이 성립됩니다.
재고 연동 및 품절 안내: 모든 주문은 실시간 재고 확보를 전제로 합니다. 단, 시스템 반영 시차로 인해 결제 완료 후 품절이 발생할 수 있으며, 이 경우 즉시 이메일/문자로 안
내 후 자동 취소 및 전액 환불 절차가 진행됩니다.
주문 제한 규정: 타인의 명의 도용, 매크로 등 불법 프로그램 이용, 재판매(리셀) 목적의 대량 주문으로 판단될 경우 회사는 사전 통보 없이 해당 주문을 임의 취소할 수 있습
니다.",8.3297
203,주문,주문 배송 조회,추가 안내가 필요합니다. 주문번호 {{order_no}} 건의 배송 진행 상황을 알려주세요. 처리 전에 확인할 사항도 알려주세요.,배송 상태는 [마이페이지 > 주문내역 > 배송조회]에서 확인해 주세요.,"[""배송 상태는 [마이페이지] > [주문/배송 조회]에서 확인해 주세요.""]","[정책 문서 1: 쇼핑몰 이용약관 및 운영정책.pdf]
6.2 배송 기간 및 배송 조회
평균 배송 기간: 결제 완료(입금 확인) 기준 영업일 2~4일 이내 발송을 원칙으로 하며, 발송 후 1~3일 내 수령이 일반적입니다.
배송 조회: 상품 발송 시 등록된 연락처로 송장번호가 자동 발송되며, [마이페이지 > 주문내역 > 배송조회]에서 실시간 확인이 가능합니다.
배송 지연 안내: 천재지변, 물류사 파업, 명절 성수기 등 회사의 통제 범위를 벗어난 사유로 배송이 지연될 경우, 사전 공지 후 예상 지연 기간을 안내합니다.

6.3 배송 사고 처리 (분실/파손)
배송 중 분실: 택배사 배송 조회 상 '배송완료'로 표시되었으나 고객이 미수령한 경우, 고객센터와 택배사 공동 조사를 진행하며 조사 결과에 따라 재발송 또는 환불이 결정
됩니다.
파손 수령: 상품 수령 시 박스나 상품이 파손된 경우, 개봉 전 상태를 사진으로 촬영해 두어야 원활한 보상 처리가 가능하며, 수령 후 7일 이내 고객센터로 신고해야 합니다.

[정책 문서 2: 쇼핑몰 이용약관 및 운영정책.pdf]
4.5 환불 진행 상황 조회 방법
[마이페이지 > 주문내역 > 환불/취소 내역]에서 처리 단계(반품 접수 → 입고 확인 → 검품 승인 → 환불 처리 완료)를 실시간으로 확인할 수 있습니다.
검품 승인 이후 4.4항의 환불 소요 기간이 지나도 반영되지 않은 경우, 결제 수단과 반품 승인일을 확인한 뒤 고객센터로 문의해야 합니다.
부분 환불(일부 품목만 반품 등)의 경우 환불 금액이 전체 결제 금액과 다를 수 있으므로, 반품 접수 시 안내된 예상 환불 금액을 우선 확인합니다.
TIP
환불 조회 관련 팁 (RAG 응답 기준)
""환불 언제 되나요""라는 문의는 먼저 [마이페이지] 조회 경로를 안내하고, 4.4항의 결제 수단별 소요 기간 이내인지 확인한 뒤, 소요 기간을 초과한 경우에만 고객센터 개별 확인으로
연결합니다.

[정책 문서 3: 쇼핑몰 이용약관 및 운영정책.pdf]
1.2 주문 정보 변경 (배송지 및 옵션)
변경 가능 단계: 주문 상태가 '입금 대기' 또는 '결제 완료' 단계일 경우에만 [마이페이지 > 주문내역]에서 직접 변경하거나 고객센터를 통해 변경 신청이 가능합니다.
변경 불가 단계: 주문 상태가 '상품 준비 중' 또는 '배송 중'으로 전환된 이후에는 물류센터 포장 및 송장 출력 작업이 완료되어 배송지 및 옵션 변경이 불가합니다. 이 경우 상
품 수령 후 반품/교환 절차를 따라야 합니다.",7.9787
204,주문,주문 배송 조회,확인 부탁드립니다. 주문번호 {{order_no}} 건의 예상 도착일이 궁금합니다. 어느 메뉴에서 확인하는지 궁금합니다.,배송 상태는 [마이페이지] > [주문내역] > [배송조회]에서 확인해 주세요.,"[""배송 상태는 [마이페이지] > [주문/배송 조회]에서 확인해 주세요.""]","[정책 문서 1: 쇼핑몰 이용약관 및 운영정책.pdf]
6.2 배송 기간 및 배송 조회
평균 배송 기간: 결제 완료(입금 확인) 기준 영업일 2~4일 이내 발송을 원칙으로 하며, 발송 후 1~3일 내 수령이 일반적입니다.
배송 조회: 상품 발송 시 등록된 연락처로 송장번호가 자동 발송되며, [마이페이지 > 주문내역 > 배송조회]에서 실시간 확인이 가능합니다.
배송 지연 안내: 천재지변, 물류사 파업, 명절 성수기 등 회사의 통제 범위를 벗어난 사유로 배송이 지연될 경우, 사전 공지 후 예상 지연 기간을 안내합니다.

6.3 배송 사고 처리 (분실/파손)
배송 중 분실: 택배사 배송 조회 상 '배송완료'로 표시되었으나 고객이 미수령한 경우, 고객센터와 택배사 공동 조사를 진행하며 조사 결과에 따라 재발송 또는 환불이 결정
됩니다.
파손 수령: 상품 수령 시 박스나 상품이 파손된 경우, 개봉 전 상태를 사진으로 촬영해 두어야 원활한 보상 처리가 가능하며, 수령 후 7일 이내 고객센터로 신고해야 합니다.

[정책 문서 2: 쇼핑몰 이용약관 및 운영정책.pdf]
4.5 환불 진행 상황 조회 방법
[마이페이지 > 주문내역 > 환불/취소 내역]에서 처리 단계(반품 접수 → 입고 확인 → 검품 승인 → 환불 처리 완료)를 실시간으로 확인할 수 있습니다.
검품 승인 이후 4.4항의 환불 소요 기간이 지나도 반영되지 않은 경우, 결제 수단과 반품 승인일을 확인한 뒤 고객센터로 문의해야 합니다.
부분 환불(일부 품목만 반품 등)의 경우 환불 금액이 전체 결제 금액과 다를 수 있으므로, 반품 접수 시 안내된 예상 환불 금액을 우선 확인합니다.
TIP
환불 조회 관련 팁 (RAG 응답 기준)
""환불 언제 되나요""라는 문의는 먼저 [마이페이지] 조회 경로를 안내하고, 4.4항의 결제 수단별 소요 기간 이내인지 확인한 뒤, 소요 기간을 초과한 경우에만 고객센터 개별 확인으로
연결합니다.

[정책 문서 3: 쇼핑몰 이용약관 및 운영정책.pdf]
1.2 주문 정보 변경 (배송지 및 옵션)
변경 가능 단계: 주문 상태가 '입금 대기' 또는 '결제 완료' 단계일 경우에만 [마이페이지 > 주문내역]에서 직접 변경하거나 고객센터를 통해 변경 신청이 가능합니다.
변경 불가 단계: 주문 상태가 '상품 준비 중' 또는 '배송 중'으로 전환된 이후에는 물류센터 포장 및 송장 출력 작업이 완료되어 배송지 및 옵션 변경이 불가합니다. 이 경우 상
품 수령 후 반품/교환 절차를 따라야 합니다.",8.3311
205,주문,주문 배송 조회,도움이 필요합니다. 주문번호 {{order_no}} 건의 현재 위치를 확인할 수 있나요? 어느 메뉴에서 확인하는지 궁금합니다.,배송 상태는 [마이페이지] > [주문/배송 조회]에서 확인해 주세요.,"[""배송 상태는 [마이페이지] > [주문/배송 조회]에서 확인해 주세요.""]","[정책 문서 1: 쇼핑몰 이용약관 및 운영정책.pdf]
4.5 환불 진행 상황 조회 방법
[마이페이지 > 주문내역 > 환불/취소 내역]에서 처리 단계(반품 접수 → 입고 확인 → 검품 승인 → 환불 처리 완료)를 실시간으로 확인할 수 있습니다.
검품 승인 이후 4.4항의 환불 소요 기간이 지나도 반영되지 않은 경우, 결제 수단과 반품 승인일을 확인한 뒤 고객센터로 문의해야 합니다.
부분 환불(일부 품목만 반품 등)의 경우 환불 금액이 전체 결제 금액과 다를 수 있으므로, 반품 접수 시 안내된 예상 환불 금액을 우선 확인합니다.
TIP
환불 조회 관련 팁 (RAG 응답 기준)
""환불 언제 되나요""라는 문의는 먼저 [마이페이지] 조회 경로를 안내하고, 4.4항의 결제 수단별 소요 기간 이내인지 확인한 뒤, 소요 기간을 초과한 경우에만 고객센터 개별 확인으로
연결합니다.

[정책 문서 2: 쇼핑몰 이용약관 및 운영정책.pdf]
1. 주문 정책 (Ordering Policy)

1.1 주문 접수 및 계약 성립 기준
주문 진행 절차: 원하는 상품의 상세 페이지에서 옵션과 수량을 선택한 후 [구매하기]를 누르거나 [장바구니]에 담아 결제를 진행합니다.
주문 성립 시점: 고객이 상품을 선택하여 결제를 완료하고, 시스템에서 [주문 완료] 메시지 또는 알림(이메일/알림톡)이 발송된 시점에 당사 간의 매매 계약이 성립됩니다.
재고 연동 및 품절 안내: 모든 주문은 실시간 재고 확보를 전제로 합니다. 단, 시스템 반영 시차로 인해 결제 완료 후 품절이 발생할 수 있으며, 이 경우 즉시 이메일/문자로 안
내 후 자동 취소 및 전액 환불 절차가 진행됩니다.
주문 제한 규정: 타인의 명의 도용, 매크로 등 불법 프로그램 이용, 재판매(리셀) 목적의 대량 주문으로 판단될 경우 회사는 사전 통보 없이 해당 주문을 임의 취소할 수 있습
니다.

[정책 문서 3: 쇼핑몰 이용약관 및 운영정책.pdf]
1.2 주문 정보 변경 (배송지 및 옵션)
변경 가능 단계: 주문 상태가 '입금 대기' 또는 '결제 완료' 단계일 경우에만 [마이페이지 > 주문내역]에서 직접 변경하거나 고객센터를 통해 변경 신청이 가능합니다.
변경 불가 단계: 주문 상태가 '상품 준비 중' 또는 '배송 중'으로 전환된 이후에는 물류센터 포장 및 송장 출력 작업이 완료되어 배송지 및 옵션 변경이 불가합니다. 이 경우 상
품 수령 후 반품/교환 절차를 따라야 합니다.",7.6213
206,주문,주문 배송 조회,절차를 안내받고 싶습니다. 주문번호 {{order_no}} 건의 배송 상태를 확인하고 싶습니다. 어느 메뉴에서 확인하는지 궁금합니다.,배송 상태는 [마이페이지] > [주문내역] > [배송조회]에서 확인해 주세요.,"[""배송 상태는 [마이페이지] > [주문/배송 조회]에서 확인해 주세요.""]","[정책 문서 1: 쇼핑몰 이용약관 및 운영정책.pdf]
6.2 배송 기간 및 배송 조회
평균 배송 기간: 결제 완료(입금 확인) 기준 영업일 2~4일 이내 발송을 원칙으로 하며, 발송 후 1~3일 내 수령이 일반적입니다.
배송 조회: 상품 발송 시 등록된 연락처로 송장번호가 자동 발송되며, [마이페이지 > 주문내역 > 배송조회]에서 실시간 확인이 가능합니다.
배송 지연 안내: 천재지변, 물류사 파업, 명절 성수기 등 회사의 통제 범위를 벗어난 사유로 배송이 지연될 경우, 사전 공지 후 예상 지연 기간을 안내합니다.

6.3 배송 사고 처리 (분실/파손)
배송 중 분실: 택배사 배송 조회 상 '배송완료'로 표시되었으나 고객이 미수령한 경우, 고객센터와 택배사 공동 조사를 진행하며 조사 결과에 따라 재발송 또는 환불이 결정
됩니다.
파손 수령: 상품 수령 시 박스나 상품이 파손된 경우, 개봉 전 상태를 사진으로 촬영해 두어야 원활한 보상 처리가 가능하며, 수령 후 7일 이내 고객센터로 신고해야 합니다.

[정책 문서 2: 쇼핑몰 이용약관 및 운영정책.pdf]
1.2 주문 정보 변경 (배송지 및 옵션)
변경 가능 단계: 주문 상태가 '입금 대기' 또는 '결제 완료' 단계일 경우에만 [마이페이지 > 주문내역]에서 직접 변경하거나 고객센터를 통해 변경 신청이 가능합니다.
변경 불가 단계: 주문 상태가 '상품 준비 중' 또는 '배송 중'으로 전환된 이후에는 물류센터 포장 및 송장 출력 작업이 완료되어 배송지 및 옵션 변경이 불가합니다. 이 경우 상
품 수령 후 반품/교환 절차를 따라야 합니다.

[정책 문서 3: 쇼핑몰 이용약관 및 운영정책.pdf]
4.5 환불 진행 상황 조회 방법
[마이페이지 > 주문내역 > 환불/취소 내역]에서 처리 단계(반품 접수 → 입고 확인 → 검품 승인 → 환불 처리 완료)를 실시간으로 확인할 수 있습니다.
검품 승인 이후 4.4항의 환불 소요 기간이 지나도 반영되지 않은 경우, 결제 수단과 반품 승인일을 확인한 뒤 고객센터로 문의해야 합니다.
부분 환불(일부 품목만 반품 등)의 경우 환불 금액이 전체 결제 금액과 다를 수 있으므로, 반품 접수 시 안내된 예상 환불 금액을 우선 확인합니다.
TIP
환불 조회 관련 팁 (RAG 응답 기준)
""환불 언제 되나요""라는 문의는 먼저 [마이페이지] 조회 경로를 안내하고, 4.4항의 결제 수단별 소요 기간 이내인지 확인한 뒤, 소요 기간을 초과한 경우에만 고객센터 개별 확인으로
연결합니다.",8.4519
207,주문,주문 배송 조회,관련 내용을 확인하고 싶습니다. 주문번호 {{order_no}} 건의 배송 상태를 확인하고 싶습니다. 어느 메뉴에서 확인하는지 궁금합니다.,배송 상태는 [마이페이지] > [주문/배송 조회]에서 확인해 주세요.,"[""배송 상태는 [마이페이지] > [주문/배송 조회]에서 확인해 주세요.""]","[정책 문서 1: 쇼핑몰 이용약관 및 운영정책.pdf]
1.2 주문 정보 변경 (배송지 및 옵션)
변경 가능 단계: 주문 상태가 '입금 대기' 또는 '결제 완료' 단계일 경우에만 [마이페이지 > 주문내역]에서 직접 변경하거나 고객센터를 통해 변경 신청이 가능합니다.
변경 불가 단계: 주문 상태가 '상품 준비 중' 또는 '배송 중'으로 전환된 이후에는 물류센터 포장 및 송장 출력 작업이 완료되어 배송지 및 옵션 변경이 불가합니다. 이 경우 상
품 수령 후 반품/교환 절차를 따라야 합니다.

[정책 문서 2: 쇼핑몰 이용약관 및 운영정책.pdf]
4.5 환불 진행 상황 조회 방법
[마이페이지 > 주문내역 > 환불/취소 내역]에서 처리 단계(반품 접수 → 입고 확인 → 검품 승인 → 환불 처리 완료)를 실시간으로 확인할 수 있습니다.
검품 승인 이후 4.4항의 환불 소요 기간이 지나도 반영되지 않은 경우, 결제 수단과 반품 승인일을 확인한 뒤 고객센터로 문의해야 합니다.
부분 환불(일부 품목만 반품 등)의 경우 환불 금액이 전체 결제 금액과 다를 수 있으므로, 반품 접수 시 안내된 예상 환불 금액을 우선 확인합니다.
TIP
환불 조회 관련 팁 (RAG 응답 기준)
""환불 언제 되나요""라는 문의는 먼저 [마이페이지] 조회 경로를 안내하고, 4.4항의 결제 수단별 소요 기간 이내인지 확인한 뒤, 소요 기간을 초과한 경우에만 고객센터 개별 확인으로
연결합니다.

[정책 문서 3: 쇼핑몰 이용약관 및 운영정책.pdf]
1.3 주문 상품 구성(품목·옵션·수량) 변경 불가 안내
배송지·수령인 정보와 달리, 이미 결제 완료된 주문의 
상품 품목, 옵션(색상/사이즈 등), 수량
은 주문 상태와 무관하게 변경이 불가합니다.
변경이 필요한 경우 기존 주문을 취소한 후 원하는 구성으로 다시 주문해야 하며, 이미 '상품 준비 중' 이후 단계라면 취소 불가 규정(3항)이 함께 적용됩니다.
수량을 늘리고 싶은 경우도 기존 주문 수정이 아닌 신규 주문으로 진행해야 합니다.
TIP
주문 관련 팁 (RAG 응답 기준)
고객이 주문 후 배송지 변경을 요청할 때, 주문 상태가 '결제 완료' 이하인지 먼저 확인해야 합니다. 이미 '상품 준비 중'으로 변경된 경우 물류 시스템 특성상 자동 수정이 불가능합니
다.

2. 결제 정책 (Payment Policy)",7.4313
208,주문,주문 배송 조회,직접 처리하려고 합니다. 주문번호 {{order_no}} 건의 예상 도착일이 궁금합니다. 어느 메뉴에서 확인하는지 궁금합니다.,배송 상태는 [마이페이지 > 주문내역 > 배송조회]에서 확인해 주세요.,"[""배송 상태는 [마이페이지] > [주문/배송 조회]에서 확인해 주세요.""]","[정책 문서 1: 쇼핑몰 이용약관 및 운영정책.pdf]
6.2 배송 기간 및 배송 조회
평균 배송 기간: 결제 완료(입금 확인) 기준 영업일 2~4일 이내 발송을 원칙으로 하며, 발송 후 1~3일 내 수령이 일반적입니다.
배송 조회: 상품 발송 시 등록된 연락처로 송장번호가 자동 발송되며, [마이페이지 > 주문내역 > 배송조회]에서 실시간 확인이 가능합니다.
배송 지연 안내: 천재지변, 물류사 파업, 명절 성수기 등 회사의 통제 범위를 벗어난 사유로 배송이 지연될 경우, 사전 공지 후 예상 지연 기간을 안내합니다.

6.3 배송 사고 처리 (분실/파손)
배송 중 분실: 택배사 배송 조회 상 '배송완료'로 표시되었으나 고객이 미수령한 경우, 고객센터와 택배사 공동 조사를 진행하며 조사 결과에 따라 재발송 또는 환불이 결정
됩니다.
파손 수령: 상품 수령 시 박스나 상품이 파손된 경우, 개봉 전 상태를 사진으로 촬영해 두어야 원활한 보상 처리가 가능하며, 수령 후 7일 이내 고객센터로 신고해야 합니다.

[정책 문서 2: 쇼핑몰 이용약관 및 운영정책.pdf]
4.5 환불 진행 상황 조회 방법
[마이페이지 > 주문내역 > 환불/취소 내역]에서 처리 단계(반품 접수 → 입고 확인 → 검품 승인 → 환불 처리 완료)를 실시간으로 확인할 수 있습니다.
검품 승인 이후 4.4항의 환불 소요 기간이 지나도 반영되지 않은 경우, 결제 수단과 반품 승인일을 확인한 뒤 고객센터로 문의해야 합니다.
부분 환불(일부 품목만 반품 등)의 경우 환불 금액이 전체 결제 금액과 다를 수 있으므로, 반품 접수 시 안내된 예상 환불 금액을 우선 확인합니다.
TIP
환불 조회 관련 팁 (RAG 응답 기준)
""환불 언제 되나요""라는 문의는 먼저 [마이페이지] 조회 경로를 안내하고, 4.4항의 결제 수단별 소요 기간 이내인지 확인한 뒤, 소요 기간을 초과한 경우에만 고객센터 개별 확인으로
연결합니다.

[정책 문서 3: 전자상거래_표준약관.pdf]
제13조(재화 등의 공급)

① “몰”은 이용자와 재화 등의 공급시기에 관하여 별도의 약정이 없는 이상, 이용
자가 청약을 한 날부터 7일 이내에 재화 등을 배송할 수 있도록 주문제작, 포장
등 기타의 필요한 조치를 취합니다. 다만, “몰”이 이미 재화 등의 대금의 전
부 또는 일부를 받은 경우에는 대금의 전부 또는 일부를 받은 날부터 3영업일 이
내에 조치를 취합니다. 이때 “몰”은 이용자가 재화 등의 공급 절차 및 진행
사항을 확인할 수 있도록 적절한 조치를 합니다.",8.1558
209,주문,주문 배송 조회,직접 처리하려고 합니다. 주문번호 {{order_no}} 건을 배송 조회하고 싶습니다. 어느 메뉴에서 확인하는지 궁금합니다.,배송 상태는 [마이페이지 > 주문내역 > 배송조회]에서 확인해 주세요.,"[""배송 상태는 [마이페이지] > [주문/배송 조회]에서 확인해 주세요.""]","[정책 문서 1: 쇼핑몰 이용약관 및 운영정책.pdf]
6.2 배송 기간 및 배송 조회
평균 배송 기간: 결제 완료(입금 확인) 기준 영업일 2~4일 이내 발송을 원칙으로 하며, 발송 후 1~3일 내 수령이 일반적입니다.
배송 조회: 상품 발송 시 등록된 연락처로 송장번호가 자동 발송되며, [마이페이지 > 주문내역 > 배송조회]에서 실시간 확인이 가능합니다.
배송 지연 안내: 천재지변, 물류사 파업, 명절 성수기 등 회사의 통제 범위를 벗어난 사유로 배송이 지연될 경우, 사전 공지 후 예상 지연 기간을 안내합니다.

6.3 배송 사고 처리 (분실/파손)
배송 중 분실: 택배사 배송 조회 상 '배송완료'로 표시되었으나 고객이 미수령한 경우, 고객센터와 택배사 공동 조사를 진행하며 조사 결과에 따라 재발송 또는 환불이 결정
됩니다.
파손 수령: 상품 수령 시 박스나 상품이 파손된 경우, 개봉 전 상태를 사진으로 촬영해 두어야 원활한 보상 처리가 가능하며, 수령 후 7일 이내 고객센터로 신고해야 합니다.

[정책 문서 2: 쇼핑몰 이용약관 및 운영정책.pdf]
4.5 환불 진행 상황 조회 방법
[마이페이지 > 주문내역 > 환불/취소 내역]에서 처리 단계(반품 접수 → 입고 확인 → 검품 승인 → 환불 처리 완료)를 실시간으로 확인할 수 있습니다.
검품 승인 이후 4.4항의 환불 소요 기간이 지나도 반영되지 않은 경우, 결제 수단과 반품 승인일을 확인한 뒤 고객센터로 문의해야 합니다.
부분 환불(일부 품목만 반품 등)의 경우 환불 금액이 전체 결제 금액과 다를 수 있으므로, 반품 접수 시 안내된 예상 환불 금액을 우선 확인합니다.
TIP
환불 조회 관련 팁 (RAG 응답 기준)
""환불 언제 되나요""라는 문의는 먼저 [마이페이지] 조회 경로를 안내하고, 4.4항의 결제 수단별 소요 기간 이내인지 확인한 뒤, 소요 기간을 초과한 경우에만 고객센터 개별 확인으로
연결합니다.

[정책 문서 3: 쇼핑몰 이용약관 및 운영정책.pdf]
1.2 주문 정보 변경 (배송지 및 옵션)
변경 가능 단계: 주문 상태가 '입금 대기' 또는 '결제 완료' 단계일 경우에만 [마이페이지 > 주문내역]에서 직접 변경하거나 고객센터를 통해 변경 신청이 가능합니다.
변경 불가 단계: 주문 상태가 '상품 준비 중' 또는 '배송 중'으로 전환된 이후에는 물류센터 포장 및 송장 출력 작업이 완료되어 배송지 및 옵션 변경이 불가합니다. 이 경우 상
품 수령 후 반품/교환 절차를 따라야 합니다.",7.9367
210,주문,주문 배송 조회,관련 메뉴를 찾지 못했습니다. 주문번호 {{order_no}} 건이 어디까지 왔는지 알려주세요. 어느 메뉴에서 확인하는지 궁금합니다.,배송 상태는 [마이페이지] > [주문/배송 조회]에서 확인해 주세요.,"[""배송 상태는 [마이페이지] > [주문/배송 조회]에서 확인해 주세요.""]","[정책 문서 1: 쇼핑몰 이용약관 및 운영정책.pdf]
4.5 환불 진행 상황 조회 방법
[마이페이지 > 주문내역 > 환불/취소 내역]에서 처리 단계(반품 접수 → 입고 확인 → 검품 승인 → 환불 처리 완료)를 실시간으로 확인할 수 있습니다.
검품 승인 이후 4.4항의 환불 소요 기간이 지나도 반영되지 않은 경우, 결제 수단과 반품 승인일을 확인한 뒤 고객센터로 문의해야 합니다.
부분 환불(일부 품목만 반품 등)의 경우 환불 금액이 전체 결제 금액과 다를 수 있으므로, 반품 접수 시 안내된 예상 환불 금액을 우선 확인합니다.
TIP
환불 조회 관련 팁 (RAG 응답 기준)
""환불 언제 되나요""라는 문의는 먼저 [마이페이지] 조회 경로를 안내하고, 4.4항의 결제 수단별 소요 기간 이내인지 확인한 뒤, 소요 기간을 초과한 경우에만 고객센터 개별 확인으로
연결합니다.

[정책 문서 2: 쇼핑몰 이용약관 및 운영정책.pdf]
1.2 주문 정보 변경 (배송지 및 옵션)
변경 가능 단계: 주문 상태가 '입금 대기' 또는 '결제 완료' 단계일 경우에만 [마이페이지 > 주문내역]에서 직접 변경하거나 고객센터를 통해 변경 신청이 가능합니다.
변경 불가 단계: 주문 상태가 '상품 준비 중' 또는 '배송 중'으로 전환된 이후에는 물류센터 포장 및 송장 출력 작업이 완료되어 배송지 및 옵션 변경이 불가합니다. 이 경우 상
품 수령 후 반품/교환 절차를 따라야 합니다.

[정책 문서 3: 쇼핑몰 이용약관 및 운영정책.pdf]
1. 주문 정책 (Ordering Policy)

1.1 주문 접수 및 계약 성립 기준
주문 진행 절차: 원하는 상품의 상세 페이지에서 옵션과 수량을 선택한 후 [구매하기]를 누르거나 [장바구니]에 담아 결제를 진행합니다.
주문 성립 시점: 고객이 상품을 선택하여 결제를 완료하고, 시스템에서 [주문 완료] 메시지 또는 알림(이메일/알림톡)이 발송된 시점에 당사 간의 매매 계약이 성립됩니다.
재고 연동 및 품절 안내: 모든 주문은 실시간 재고 확보를 전제로 합니다. 단, 시스템 반영 시차로 인해 결제 완료 후 품절이 발생할 수 있으며, 이 경우 즉시 이메일/문자로 안
내 후 자동 취소 및 전액 환불 절차가 진행됩니다.
주문 제한 규정: 타인의 명의 도용, 매크로 등 불법 프로그램 이용, 재판매(리셀) 목적의 대량 주문으로 판단될 경우 회사는 사전 통보 없이 해당 주문을 임의 취소할 수 있습
니다.",7.4694
211,주문,주문 배송 조회,온라인에서 처리하려고 합니다. 주문번호 {{order_no}} 건의 배송 상태를 확인하고 싶습니다. 어느 메뉴에서 확인하는지 궁금합니다.,배송 상태는 [마이페이지 > 주문내역 > 배송조회]에서 확인해 주세요.,"[""배송 상태는 [마이페이지] > [주문/배송 조회]에서 확인해 주세요.""]","[정책 문서 1: 쇼핑몰 이용약관 및 운영정책.pdf]
6.2 배송 기간 및 배송 조회
평균 배송 기간: 결제 완료(입금 확인) 기준 영업일 2~4일 이내 발송을 원칙으로 하며, 발송 후 1~3일 내 수령이 일반적입니다.
배송 조회: 상품 발송 시 등록된 연락처로 송장번호가 자동 발송되며, [마이페이지 > 주문내역 > 배송조회]에서 실시간 확인이 가능합니다.
배송 지연 안내: 천재지변, 물류사 파업, 명절 성수기 등 회사의 통제 범위를 벗어난 사유로 배송이 지연될 경우, 사전 공지 후 예상 지연 기간을 안내합니다.

6.3 배송 사고 처리 (분실/파손)
배송 중 분실: 택배사 배송 조회 상 '배송완료'로 표시되었으나 고객이 미수령한 경우, 고객센터와 택배사 공동 조사를 진행하며 조사 결과에 따라 재발송 또는 환불이 결정
됩니다.
파손 수령: 상품 수령 시 박스나 상품이 파손된 경우, 개봉 전 상태를 사진으로 촬영해 두어야 원활한 보상 처리가 가능하며, 수령 후 7일 이내 고객센터로 신고해야 합니다.

[정책 문서 2: 쇼핑몰 이용약관 및 운영정책.pdf]
1.2 주문 정보 변경 (배송지 및 옵션)
변경 가능 단계: 주문 상태가 '입금 대기' 또는 '결제 완료' 단계일 경우에만 [마이페이지 > 주문내역]에서 직접 변경하거나 고객센터를 통해 변경 신청이 가능합니다.
변경 불가 단계: 주문 상태가 '상품 준비 중' 또는 '배송 중'으로 전환된 이후에는 물류센터 포장 및 송장 출력 작업이 완료되어 배송지 및 옵션 변경이 불가합니다. 이 경우 상
품 수령 후 반품/교환 절차를 따라야 합니다.

[정책 문서 3: 쇼핑몰 이용약관 및 운영정책.pdf]
4.5 환불 진행 상황 조회 방법
[마이페이지 > 주문내역 > 환불/취소 내역]에서 처리 단계(반품 접수 → 입고 확인 → 검품 승인 → 환불 처리 완료)를 실시간으로 확인할 수 있습니다.
검품 승인 이후 4.4항의 환불 소요 기간이 지나도 반영되지 않은 경우, 결제 수단과 반품 승인일을 확인한 뒤 고객센터로 문의해야 합니다.
부분 환불(일부 품목만 반품 등)의 경우 환불 금액이 전체 결제 금액과 다를 수 있으므로, 반품 접수 시 안내된 예상 환불 금액을 우선 확인합니다.
TIP
환불 조회 관련 팁 (RAG 응답 기준)
""환불 언제 되나요""라는 문의는 먼저 [마이페이지] 조회 경로를 안내하고, 4.4항의 결제 수단별 소요 기간 이내인지 확인한 뒤, 소요 기간을 초과한 경우에만 고객센터 개별 확인으로
연결합니다.",8.0883
212,주문,주문 배송 조회,온라인에서 처리하려고 합니다. 주문번호 {{order_no}} 건이 어디까지 왔는지 알려주세요. 어느 메뉴에서 확인하는지 궁금합니다.,배송 상태는 [마이페이지] > [주문/배송 조회]에서 확인해 주세요.,"[""배송 상태는 [마이페이지] > [주문/배송 조회]에서 확인해 주세요.""]","[정책 문서 1: 쇼핑몰 이용약관 및 운영정책.pdf]
4.5 환불 진행 상황 조회 방법
[마이페이지 > 주문내역 > 환불/취소 내역]에서 처리 단계(반품 접수 → 입고 확인 → 검품 승인 → 환불 처리 완료)를 실시간으로 확인할 수 있습니다.
검품 승인 이후 4.4항의 환불 소요 기간이 지나도 반영되지 않은 경우, 결제 수단과 반품 승인일을 확인한 뒤 고객센터로 문의해야 합니다.
부분 환불(일부 품목만 반품 등)의 경우 환불 금액이 전체 결제 금액과 다를 수 있으므로, 반품 접수 시 안내된 예상 환불 금액을 우선 확인합니다.
TIP
환불 조회 관련 팁 (RAG 응답 기준)
""환불 언제 되나요""라는 문의는 먼저 [마이페이지] 조회 경로를 안내하고, 4.4항의 결제 수단별 소요 기간 이내인지 확인한 뒤, 소요 기간을 초과한 경우에만 고객센터 개별 확인으로
연결합니다.

[정책 문서 2: 쇼핑몰 이용약관 및 운영정책.pdf]
1. 주문 정책 (Ordering Policy)

1.1 주문 접수 및 계약 성립 기준
주문 진행 절차: 원하는 상품의 상세 페이지에서 옵션과 수량을 선택한 후 [구매하기]를 누르거나 [장바구니]에 담아 결제를 진행합니다.
주문 성립 시점: 고객이 상품을 선택하여 결제를 완료하고, 시스템에서 [주문 완료] 메시지 또는 알림(이메일/알림톡)이 발송된 시점에 당사 간의 매매 계약이 성립됩니다.
재고 연동 및 품절 안내: 모든 주문은 실시간 재고 확보를 전제로 합니다. 단, 시스템 반영 시차로 인해 결제 완료 후 품절이 발생할 수 있으며, 이 경우 즉시 이메일/문자로 안
내 후 자동 취소 및 전액 환불 절차가 진행됩니다.
주문 제한 규정: 타인의 명의 도용, 매크로 등 불법 프로그램 이용, 재판매(리셀) 목적의 대량 주문으로 판단될 경우 회사는 사전 통보 없이 해당 주문을 임의 취소할 수 있습
니다.

[정책 문서 3: 쇼핑몰 이용약관 및 운영정책.pdf]
1.2 주문 정보 변경 (배송지 및 옵션)
변경 가능 단계: 주문 상태가 '입금 대기' 또는 '결제 완료' 단계일 경우에만 [마이페이지 > 주문내역]에서 직접 변경하거나 고객센터를 통해 변경 신청이 가능합니다.
변경 불가 단계: 주문 상태가 '상품 준비 중' 또는 '배송 중'으로 전환된 이후에는 물류센터 포장 및 송장 출력 작업이 완료되어 배송지 및 옵션 변경이 불가합니다. 이 경우 상
품 수령 후 반품/교환 절차를 따라야 합니다.",7.4514
213,주문,주문 배송 조회,정확한 기준을 알고 싶습니다. 주문번호 {{order_no}} 건의 배송 상태를 확인하고 싶습니다. 어느 메뉴에서 확인하는지 궁금합니다.,배송 상태는 [마이페이지] > [주문/배송 조회]에서 확인해 주세요.,"[""배송 상태는 [마이페이지] > [주문/배송 조회]에서 확인해 주세요.""]","[정책 문서 1: 쇼핑몰 이용약관 및 운영정책.pdf]
1.2 주문 정보 변경 (배송지 및 옵션)
변경 가능 단계: 주문 상태가 '입금 대기' 또는 '결제 완료' 단계일 경우에만 [마이페이지 > 주문내역]에서 직접 변경하거나 고객센터를 통해 변경 신청이 가능합니다.
변경 불가 단계: 주문 상태가 '상품 준비 중' 또는 '배송 중'으로 전환된 이후에는 물류센터 포장 및 송장 출력 작업이 완료되어 배송지 및 옵션 변경이 불가합니다. 이 경우 상
품 수령 후 반품/교환 절차를 따라야 합니다.

[정책 문서 2: 쇼핑몰 이용약관 및 운영정책.pdf]
4.5 환불 진행 상황 조회 방법
[마이페이지 > 주문내역 > 환불/취소 내역]에서 처리 단계(반품 접수 → 입고 확인 → 검품 승인 → 환불 처리 완료)를 실시간으로 확인할 수 있습니다.
검품 승인 이후 4.4항의 환불 소요 기간이 지나도 반영되지 않은 경우, 결제 수단과 반품 승인일을 확인한 뒤 고객센터로 문의해야 합니다.
부분 환불(일부 품목만 반품 등)의 경우 환불 금액이 전체 결제 금액과 다를 수 있으므로, 반품 접수 시 안내된 예상 환불 금액을 우선 확인합니다.
TIP
환불 조회 관련 팁 (RAG 응답 기준)
""환불 언제 되나요""라는 문의는 먼저 [마이페이지] 조회 경로를 안내하고, 4.4항의 결제 수단별 소요 기간 이내인지 확인한 뒤, 소요 기간을 초과한 경우에만 고객센터 개별 확인으로
연결합니다.

[정책 문서 3: 쇼핑몰 이용약관 및 운영정책.pdf]
1. 주문 정책 (Ordering Policy)

1.1 주문 접수 및 계약 성립 기준
주문 진행 절차: 원하는 상품의 상세 페이지에서 옵션과 수량을 선택한 후 [구매하기]를 누르거나 [장바구니]에 담아 결제를 진행합니다.
주문 성립 시점: 고객이 상품을 선택하여 결제를 완료하고, 시스템에서 [주문 완료] 메시지 또는 알림(이메일/알림톡)이 발송된 시점에 당사 간의 매매 계약이 성립됩니다.
재고 연동 및 품절 안내: 모든 주문은 실시간 재고 확보를 전제로 합니다. 단, 시스템 반영 시차로 인해 결제 완료 후 품절이 발생할 수 있으며, 이 경우 즉시 이메일/문자로 안
내 후 자동 취소 및 전액 환불 절차가 진행됩니다.
주문 제한 규정: 타인의 명의 도용, 매크로 등 불법 프로그램 이용, 재판매(리셀) 목적의 대량 주문으로 판단될 경우 회사는 사전 통보 없이 해당 주문을 임의 취소할 수 있습
니다.",7.4521
214,주문,주문 배송 조회,추가 안내가 필요합니다. 주문번호 {{order_no}} 건의 예상 도착일이 궁금합니다. 어느 메뉴에서 확인하는지 궁금합니다.,배송 상태는 [마이페이지 > 주문내역 > 배송조회]에서 확인해 주세요.,"[""배송 상태는 [마이페이지] > [주문/배송 조회]에서 확인해 주세요.""]","[정책 문서 1: 쇼핑몰 이용약관 및 운영정책.pdf]
6.2 배송 기간 및 배송 조회
평균 배송 기간: 결제 완료(입금 확인) 기준 영업일 2~4일 이내 발송을 원칙으로 하며, 발송 후 1~3일 내 수령이 일반적입니다.
배송 조회: 상품 발송 시 등록된 연락처로 송장번호가 자동 발송되며, [마이페이지 > 주문내역 > 배송조회]에서 실시간 확인이 가능합니다.
배송 지연 안내: 천재지변, 물류사 파업, 명절 성수기 등 회사의 통제 범위를 벗어난 사유로 배송이 지연될 경우, 사전 공지 후 예상 지연 기간을 안내합니다.

6.3 배송 사고 처리 (분실/파손)
배송 중 분실: 택배사 배송 조회 상 '배송완료'로 표시되었으나 고객이 미수령한 경우, 고객센터와 택배사 공동 조사를 진행하며 조사 결과에 따라 재발송 또는 환불이 결정
됩니다.
파손 수령: 상품 수령 시 박스나 상품이 파손된 경우, 개봉 전 상태를 사진으로 촬영해 두어야 원활한 보상 처리가 가능하며, 수령 후 7일 이내 고객센터로 신고해야 합니다.

[정책 문서 2: 쇼핑몰 이용약관 및 운영정책.pdf]
4.5 환불 진행 상황 조회 방법
[마이페이지 > 주문내역 > 환불/취소 내역]에서 처리 단계(반품 접수 → 입고 확인 → 검품 승인 → 환불 처리 완료)를 실시간으로 확인할 수 있습니다.
검품 승인 이후 4.4항의 환불 소요 기간이 지나도 반영되지 않은 경우, 결제 수단과 반품 승인일을 확인한 뒤 고객센터로 문의해야 합니다.
부분 환불(일부 품목만 반품 등)의 경우 환불 금액이 전체 결제 금액과 다를 수 있으므로, 반품 접수 시 안내된 예상 환불 금액을 우선 확인합니다.
TIP
환불 조회 관련 팁 (RAG 응답 기준)
""환불 언제 되나요""라는 문의는 먼저 [마이페이지] 조회 경로를 안내하고, 4.4항의 결제 수단별 소요 기간 이내인지 확인한 뒤, 소요 기간을 초과한 경우에만 고객센터 개별 확인으로
연결합니다.

[정책 문서 3: 쇼핑몰 이용약관 및 운영정책.pdf]
6.4 배송 방법 옵션
배송 방법
배송비
소요 기간
비고
표준 배송
기본 배송비(6.1항 기준)
영업일 2~4일
전 상품 대상
빠른 배송(익일)
추가 배송비 3,000원
오후 2시 이전 주문 시 익일 도착
일부 물류센터 보유 상품 한정
매장 픽업
무료
준비 완료 알림 후 즉시 수령 가능
픽업 가능 매장 보유 재고에 한함
TIP
배송 관련 팁 (RAG 응답 기준)
배송비 문의는 기본 배송비 → 무료배송 조건 → 도서산간 추가비용 순서로 안내합니다. 배송 지연 문의는 먼저 [배송조회] 확인을 안내한 후, 확인이 안 될 경우에만 고객센터 개별 문
의로 연결합니다.

7. 회원 정책 (Membership Policy)",8.6945
215,주문,주문 배송 조회,문의드립니다. 주문번호 {{order_no}} 건의 배송 상태를 확인하고 싶습니다. 현재 상태에서 가능한지 확인해 주세요.,배송 상태는 [마이페이지 > 주문내역 > 배송조회]에서 확인해 주세요.,"[""배송 상태는 [마이페이지] > [주문/배송 조회]에서 확인해 주세요.""]","[정책 문서 1: 쇼핑몰 이용약관 및 운영정책.pdf]
6.2 배송 기간 및 배송 조회
평균 배송 기간: 결제 완료(입금 확인) 기준 영업일 2~4일 이내 발송을 원칙으로 하며, 발송 후 1~3일 내 수령이 일반적입니다.
배송 조회: 상품 발송 시 등록된 연락처로 송장번호가 자동 발송되며, [마이페이지 > 주문내역 > 배송조회]에서 실시간 확인이 가능합니다.
배송 지연 안내: 천재지변, 물류사 파업, 명절 성수기 등 회사의 통제 범위를 벗어난 사유로 배송이 지연될 경우, 사전 공지 후 예상 지연 기간을 안내합니다.

6.3 배송 사고 처리 (분실/파손)
배송 중 분실: 택배사 배송 조회 상 '배송완료'로 표시되었으나 고객이 미수령한 경우, 고객센터와 택배사 공동 조사를 진행하며 조사 결과에 따라 재발송 또는 환불이 결정
됩니다.
파손 수령: 상품 수령 시 박스나 상품이 파손된 경우, 개봉 전 상태를 사진으로 촬영해 두어야 원활한 보상 처리가 가능하며, 수령 후 7일 이내 고객센터로 신고해야 합니다.

[정책 문서 2: 쇼핑몰 이용약관 및 운영정책.pdf]
1.2 주문 정보 변경 (배송지 및 옵션)
변경 가능 단계: 주문 상태가 '입금 대기' 또는 '결제 완료' 단계일 경우에만 [마이페이지 > 주문내역]에서 직접 변경하거나 고객센터를 통해 변경 신청이 가능합니다.
변경 불가 단계: 주문 상태가 '상품 준비 중' 또는 '배송 중'으로 전환된 이후에는 물류센터 포장 및 송장 출력 작업이 완료되어 배송지 및 옵션 변경이 불가합니다. 이 경우 상
품 수령 후 반품/교환 절차를 따라야 합니다.

[정책 문서 3: 쇼핑몰 이용약관 및 운영정책.pdf]
1.3 주문 상품 구성(품목·옵션·수량) 변경 불가 안내
배송지·수령인 정보와 달리, 이미 결제 완료된 주문의 
상품 품목, 옵션(색상/사이즈 등), 수량
은 주문 상태와 무관하게 변경이 불가합니다.
변경이 필요한 경우 기존 주문을 취소한 후 원하는 구성으로 다시 주문해야 하며, 이미 '상품 준비 중' 이후 단계라면 취소 불가 규정(3항)이 함께 적용됩니다.
수량을 늘리고 싶은 경우도 기존 주문 수정이 아닌 신규 주문으로 진행해야 합니다.
TIP
주문 관련 팁 (RAG 응답 기준)
고객이 주문 후 배송지 변경을 요청할 때, 주문 상태가 '결제 완료' 이하인지 먼저 확인해야 합니다. 이미 '상품 준비 중'으로 변경된 경우 물류 시스템 특성상 자동 수정이 불가능합니
다.

2. 결제 정책 (Payment Policy)",7.8364
216,주문,주문 배송 조회,문의드립니다. 주문번호 {{order_no}} 건의 예상 도착일이 궁금합니다. 현재 상태에서 가능한지 확인해 주세요.,배송 상태는 [마이페이지 > 주문내역 > 배송조회]에서 확인해 주세요.,"[""배송 상태는 [마이페이지] > [주문/배송 조회]에서 확인해 주세요.""]","[정책 문서 1: 쇼핑몰 이용약관 및 운영정책.pdf]
6.2 배송 기간 및 배송 조회
평균 배송 기간: 결제 완료(입금 확인) 기준 영업일 2~4일 이내 발송을 원칙으로 하며, 발송 후 1~3일 내 수령이 일반적입니다.
배송 조회: 상품 발송 시 등록된 연락처로 송장번호가 자동 발송되며, [마이페이지 > 주문내역 > 배송조회]에서 실시간 확인이 가능합니다.
배송 지연 안내: 천재지변, 물류사 파업, 명절 성수기 등 회사의 통제 범위를 벗어난 사유로 배송이 지연될 경우, 사전 공지 후 예상 지연 기간을 안내합니다.

6.3 배송 사고 처리 (분실/파손)
배송 중 분실: 택배사 배송 조회 상 '배송완료'로 표시되었으나 고객이 미수령한 경우, 고객센터와 택배사 공동 조사를 진행하며 조사 결과에 따라 재발송 또는 환불이 결정
됩니다.
파손 수령: 상품 수령 시 박스나 상품이 파손된 경우, 개봉 전 상태를 사진으로 촬영해 두어야 원활한 보상 처리가 가능하며, 수령 후 7일 이내 고객센터로 신고해야 합니다.

[정책 문서 2: 쇼핑몰 이용약관 및 운영정책.pdf]
1. 주문 정책 (Ordering Policy)

1.1 주문 접수 및 계약 성립 기준
주문 진행 절차: 원하는 상품의 상세 페이지에서 옵션과 수량을 선택한 후 [구매하기]를 누르거나 [장바구니]에 담아 결제를 진행합니다.
주문 성립 시점: 고객이 상품을 선택하여 결제를 완료하고, 시스템에서 [주문 완료] 메시지 또는 알림(이메일/알림톡)이 발송된 시점에 당사 간의 매매 계약이 성립됩니다.
재고 연동 및 품절 안내: 모든 주문은 실시간 재고 확보를 전제로 합니다. 단, 시스템 반영 시차로 인해 결제 완료 후 품절이 발생할 수 있으며, 이 경우 즉시 이메일/문자로 안
내 후 자동 취소 및 전액 환불 절차가 진행됩니다.
주문 제한 규정: 타인의 명의 도용, 매크로 등 불법 프로그램 이용, 재판매(리셀) 목적의 대량 주문으로 판단될 경우 회사는 사전 통보 없이 해당 주문을 임의 취소할 수 있습
니다.

[정책 문서 3: 쇼핑몰 이용약관 및 운영정책.pdf]
1.2 주문 정보 변경 (배송지 및 옵션)
변경 가능 단계: 주문 상태가 '입금 대기' 또는 '결제 완료' 단계일 경우에만 [마이페이지 > 주문내역]에서 직접 변경하거나 고객센터를 통해 변경 신청이 가능합니다.
변경 불가 단계: 주문 상태가 '상품 준비 중' 또는 '배송 중'으로 전환된 이후에는 물류센터 포장 및 송장 출력 작업이 완료되어 배송지 및 옵션 변경이 불가합니다. 이 경우 상
품 수령 후 반품/교환 절차를 따라야 합니다.",7.8496
217,주문,주문 배송 조회,도움이 필요합니다. 주문번호 {{order_no}} 건의 배송 상태를 확인하고 싶습니다. 현재 상태에서 가능한지 확인해 주세요.,배송 상태는 [마이페이지 > 주문내역 > 배송조회]에서 확인해 주세요.,"[""배송 상태는 [마이페이지] > [주문/배송 조회]에서 확인해 주세요.""]","[정책 문서 1: 쇼핑몰 이용약관 및 운영정책.pdf]
6.2 배송 기간 및 배송 조회
평균 배송 기간: 결제 완료(입금 확인) 기준 영업일 2~4일 이내 발송을 원칙으로 하며, 발송 후 1~3일 내 수령이 일반적입니다.
배송 조회: 상품 발송 시 등록된 연락처로 송장번호가 자동 발송되며, [마이페이지 > 주문내역 > 배송조회]에서 실시간 확인이 가능합니다.
배송 지연 안내: 천재지변, 물류사 파업, 명절 성수기 등 회사의 통제 범위를 벗어난 사유로 배송이 지연될 경우, 사전 공지 후 예상 지연 기간을 안내합니다.

6.3 배송 사고 처리 (분실/파손)
배송 중 분실: 택배사 배송 조회 상 '배송완료'로 표시되었으나 고객이 미수령한 경우, 고객센터와 택배사 공동 조사를 진행하며 조사 결과에 따라 재발송 또는 환불이 결정
됩니다.
파손 수령: 상품 수령 시 박스나 상품이 파손된 경우, 개봉 전 상태를 사진으로 촬영해 두어야 원활한 보상 처리가 가능하며, 수령 후 7일 이내 고객센터로 신고해야 합니다.

[정책 문서 2: 쇼핑몰 이용약관 및 운영정책.pdf]
1.2 주문 정보 변경 (배송지 및 옵션)
변경 가능 단계: 주문 상태가 '입금 대기' 또는 '결제 완료' 단계일 경우에만 [마이페이지 > 주문내역]에서 직접 변경하거나 고객센터를 통해 변경 신청이 가능합니다.
변경 불가 단계: 주문 상태가 '상품 준비 중' 또는 '배송 중'으로 전환된 이후에는 물류센터 포장 및 송장 출력 작업이 완료되어 배송지 및 옵션 변경이 불가합니다. 이 경우 상
품 수령 후 반품/교환 절차를 따라야 합니다.

[정책 문서 3: 쇼핑몰 이용약관 및 운영정책.pdf]
1.3 주문 상품 구성(품목·옵션·수량) 변경 불가 안내
배송지·수령인 정보와 달리, 이미 결제 완료된 주문의 
상품 품목, 옵션(색상/사이즈 등), 수량
은 주문 상태와 무관하게 변경이 불가합니다.
변경이 필요한 경우 기존 주문을 취소한 후 원하는 구성으로 다시 주문해야 하며, 이미 '상품 준비 중' 이후 단계라면 취소 불가 규정(3항)이 함께 적용됩니다.
수량을 늘리고 싶은 경우도 기존 주문 수정이 아닌 신규 주문으로 진행해야 합니다.
TIP
주문 관련 팁 (RAG 응답 기준)
고객이 주문 후 배송지 변경을 요청할 때, 주문 상태가 '결제 완료' 이하인지 먼저 확인해야 합니다. 이미 '상품 준비 중'으로 변경된 경우 물류 시스템 특성상 자동 수정이 불가능합니
다.

2. 결제 정책 (Payment Policy)",8.2729
218,주문,주문 배송 조회,방법을 알고 싶습니다. 주문번호 {{order_no}} 건이 어디까지 왔는지 알려주세요. 현재 상태에서 가능한지 확인해 주세요.,배송 상태는 [마이페이지] > [주문/배송 조회]에서 확인해 주세요.,"[""배송 상태는 [마이페이지] > [주문/배송 조회]에서 확인해 주세요.""]","[정책 문서 1: 쇼핑몰 이용약관 및 운영정책.pdf]
1.2 주문 정보 변경 (배송지 및 옵션)
변경 가능 단계: 주문 상태가 '입금 대기' 또는 '결제 완료' 단계일 경우에만 [마이페이지 > 주문내역]에서 직접 변경하거나 고객센터를 통해 변경 신청이 가능합니다.
변경 불가 단계: 주문 상태가 '상품 준비 중' 또는 '배송 중'으로 전환된 이후에는 물류센터 포장 및 송장 출력 작업이 완료되어 배송지 및 옵션 변경이 불가합니다. 이 경우 상
품 수령 후 반품/교환 절차를 따라야 합니다.

[정책 문서 2: 쇼핑몰 이용약관 및 운영정책.pdf]
1. 주문 정책 (Ordering Policy)

1.1 주문 접수 및 계약 성립 기준
주문 진행 절차: 원하는 상품의 상세 페이지에서 옵션과 수량을 선택한 후 [구매하기]를 누르거나 [장바구니]에 담아 결제를 진행합니다.
주문 성립 시점: 고객이 상품을 선택하여 결제를 완료하고, 시스템에서 [주문 완료] 메시지 또는 알림(이메일/알림톡)이 발송된 시점에 당사 간의 매매 계약이 성립됩니다.
재고 연동 및 품절 안내: 모든 주문은 실시간 재고 확보를 전제로 합니다. 단, 시스템 반영 시차로 인해 결제 완료 후 품절이 발생할 수 있으며, 이 경우 즉시 이메일/문자로 안
내 후 자동 취소 및 전액 환불 절차가 진행됩니다.
주문 제한 규정: 타인의 명의 도용, 매크로 등 불법 프로그램 이용, 재판매(리셀) 목적의 대량 주문으로 판단될 경우 회사는 사전 통보 없이 해당 주문을 임의 취소할 수 있습
니다.

[정책 문서 3: 쇼핑몰 이용약관 및 운영정책.pdf]
1.3 주문 상품 구성(품목·옵션·수량) 변경 불가 안내
배송지·수령인 정보와 달리, 이미 결제 완료된 주문의 
상품 품목, 옵션(색상/사이즈 등), 수량
은 주문 상태와 무관하게 변경이 불가합니다.
변경이 필요한 경우 기존 주문을 취소한 후 원하는 구성으로 다시 주문해야 하며, 이미 '상품 준비 중' 이후 단계라면 취소 불가 규정(3항)이 함께 적용됩니다.
수량을 늘리고 싶은 경우도 기존 주문 수정이 아닌 신규 주문으로 진행해야 합니다.
TIP
주문 관련 팁 (RAG 응답 기준)
고객이 주문 후 배송지 변경을 요청할 때, 주문 상태가 '결제 완료' 이하인지 먼저 확인해야 합니다. 이미 '상품 준비 중'으로 변경된 경우 물류 시스템 특성상 자동 수정이 불가능합니
다.

2. 결제 정책 (Payment Policy)",7.5111
219,주문,주문 배송 조회,절차를 안내받고 싶습니다. 주문번호 {{order_no}} 건이 어디까지 왔는지 알려주세요. 현재 상태에서 가능한지 확인해 주세요.,배송 상태는 [마이페이지] > [주문/배송 조회]에서 확인해 주세요.,"[""배송 상태는 [마이페이지] > [주문/배송 조회]에서 확인해 주세요.""]","[정책 문서 1: 쇼핑몰 이용약관 및 운영정책.pdf]
1. 주문 정책 (Ordering Policy)

1.1 주문 접수 및 계약 성립 기준
주문 진행 절차: 원하는 상품의 상세 페이지에서 옵션과 수량을 선택한 후 [구매하기]를 누르거나 [장바구니]에 담아 결제를 진행합니다.
주문 성립 시점: 고객이 상품을 선택하여 결제를 완료하고, 시스템에서 [주문 완료] 메시지 또는 알림(이메일/알림톡)이 발송된 시점에 당사 간의 매매 계약이 성립됩니다.
재고 연동 및 품절 안내: 모든 주문은 실시간 재고 확보를 전제로 합니다. 단, 시스템 반영 시차로 인해 결제 완료 후 품절이 발생할 수 있으며, 이 경우 즉시 이메일/문자로 안
내 후 자동 취소 및 전액 환불 절차가 진행됩니다.
주문 제한 규정: 타인의 명의 도용, 매크로 등 불법 프로그램 이용, 재판매(리셀) 목적의 대량 주문으로 판단될 경우 회사는 사전 통보 없이 해당 주문을 임의 취소할 수 있습
니다.

[정책 문서 2: 쇼핑몰 이용약관 및 운영정책.pdf]
1.2 주문 정보 변경 (배송지 및 옵션)
변경 가능 단계: 주문 상태가 '입금 대기' 또는 '결제 완료' 단계일 경우에만 [마이페이지 > 주문내역]에서 직접 변경하거나 고객센터를 통해 변경 신청이 가능합니다.
변경 불가 단계: 주문 상태가 '상품 준비 중' 또는 '배송 중'으로 전환된 이후에는 물류센터 포장 및 송장 출력 작업이 완료되어 배송지 및 옵션 변경이 불가합니다. 이 경우 상
품 수령 후 반품/교환 절차를 따라야 합니다.

[정책 문서 3: 쇼핑몰 이용약관 및 운영정책.pdf]
1.3 주문 상품 구성(품목·옵션·수량) 변경 불가 안내
배송지·수령인 정보와 달리, 이미 결제 완료된 주문의 
상품 품목, 옵션(색상/사이즈 등), 수량
은 주문 상태와 무관하게 변경이 불가합니다.
변경이 필요한 경우 기존 주문을 취소한 후 원하는 구성으로 다시 주문해야 하며, 이미 '상품 준비 중' 이후 단계라면 취소 불가 규정(3항)이 함께 적용됩니다.
수량을 늘리고 싶은 경우도 기존 주문 수정이 아닌 신규 주문으로 진행해야 합니다.
TIP
주문 관련 팁 (RAG 응답 기준)
고객이 주문 후 배송지 변경을 요청할 때, 주문 상태가 '결제 완료' 이하인지 먼저 확인해야 합니다. 이미 '상품 준비 중'으로 변경된 경우 물류 시스템 특성상 자동 수정이 불가능합니
다.

2. 결제 정책 (Payment Policy)",7.4385
220,주문,주문 배송 조회,가능 여부를 문의드립니다. 주문번호 {{order_no}} 건의 배송 상태를 확인하고 싶습니다. 현재 상태에서 가능한지 확인해 주세요.,배송 상태는 [마이페이지 > 주문내역 > 배송조회]에서 확인해 주세요.,"[""배송 상태는 [마이페이지] > [주문/배송 조회]에서 확인해 주세요.""]","[정책 문서 1: 쇼핑몰 이용약관 및 운영정책.pdf]
6.2 배송 기간 및 배송 조회
평균 배송 기간: 결제 완료(입금 확인) 기준 영업일 2~4일 이내 발송을 원칙으로 하며, 발송 후 1~3일 내 수령이 일반적입니다.
배송 조회: 상품 발송 시 등록된 연락처로 송장번호가 자동 발송되며, [마이페이지 > 주문내역 > 배송조회]에서 실시간 확인이 가능합니다.
배송 지연 안내: 천재지변, 물류사 파업, 명절 성수기 등 회사의 통제 범위를 벗어난 사유로 배송이 지연될 경우, 사전 공지 후 예상 지연 기간을 안내합니다.

6.3 배송 사고 처리 (분실/파손)
배송 중 분실: 택배사 배송 조회 상 '배송완료'로 표시되었으나 고객이 미수령한 경우, 고객센터와 택배사 공동 조사를 진행하며 조사 결과에 따라 재발송 또는 환불이 결정
됩니다.
파손 수령: 상품 수령 시 박스나 상품이 파손된 경우, 개봉 전 상태를 사진으로 촬영해 두어야 원활한 보상 처리가 가능하며, 수령 후 7일 이내 고객센터로 신고해야 합니다.

[정책 문서 2: 쇼핑몰 이용약관 및 운영정책.pdf]
1.2 주문 정보 변경 (배송지 및 옵션)
변경 가능 단계: 주문 상태가 '입금 대기' 또는 '결제 완료' 단계일 경우에만 [마이페이지 > 주문내역]에서 직접 변경하거나 고객센터를 통해 변경 신청이 가능합니다.
변경 불가 단계: 주문 상태가 '상품 준비 중' 또는 '배송 중'으로 전환된 이후에는 물류센터 포장 및 송장 출력 작업이 완료되어 배송지 및 옵션 변경이 불가합니다. 이 경우 상
품 수령 후 반품/교환 절차를 따라야 합니다.

[정책 문서 3: 쇼핑몰 이용약관 및 운영정책.pdf]
3. 주문 취소 정책 (Cancellation Policy)
주문 취소 가능 여부는 배송 진행 단계에 따라 엄격하게 구분됩니다.
입금대기 / 결제완료 — 즉시 취소 가능
: 마이페이지에서 고객이 직접 즉시 취소 처리할 수 있습니다.
상품 준비 중 — 취소 거절 가능
: 포장 및 출고 상태에 따라 취소가 제한되거나 거절될 수 있습니다.
배송 중 — 취소 불가
: 이미 출고되어 배송이 시작된 건은 취소가 불가하며, 상품 수령 후 반품 절차를 통해서만 환불이 가능합니다.",7.5101
221,주문,주문 배송 조회,자세한 안내 부탁드립니다. 주문번호 {{order_no}} 건의 배송 상태를 확인하고 싶습니다. 현재 상태에서 가능한지 확인해 주세요.,배송 상태는 [마이페이지 > 주문내역 > 배송조회]에서 확인해 주세요.,"[""배송 상태는 [마이페이지] > [주문/배송 조회]에서 확인해 주세요.""]","[정책 문서 1: 쇼핑몰 이용약관 및 운영정책.pdf]
6.2 배송 기간 및 배송 조회
평균 배송 기간: 결제 완료(입금 확인) 기준 영업일 2~4일 이내 발송을 원칙으로 하며, 발송 후 1~3일 내 수령이 일반적입니다.
배송 조회: 상품 발송 시 등록된 연락처로 송장번호가 자동 발송되며, [마이페이지 > 주문내역 > 배송조회]에서 실시간 확인이 가능합니다.
배송 지연 안내: 천재지변, 물류사 파업, 명절 성수기 등 회사의 통제 범위를 벗어난 사유로 배송이 지연될 경우, 사전 공지 후 예상 지연 기간을 안내합니다.

6.3 배송 사고 처리 (분실/파손)
배송 중 분실: 택배사 배송 조회 상 '배송완료'로 표시되었으나 고객이 미수령한 경우, 고객센터와 택배사 공동 조사를 진행하며 조사 결과에 따라 재발송 또는 환불이 결정
됩니다.
파손 수령: 상품 수령 시 박스나 상품이 파손된 경우, 개봉 전 상태를 사진으로 촬영해 두어야 원활한 보상 처리가 가능하며, 수령 후 7일 이내 고객센터로 신고해야 합니다.

[정책 문서 2: 쇼핑몰 이용약관 및 운영정책.pdf]
1.2 주문 정보 변경 (배송지 및 옵션)
변경 가능 단계: 주문 상태가 '입금 대기' 또는 '결제 완료' 단계일 경우에만 [마이페이지 > 주문내역]에서 직접 변경하거나 고객센터를 통해 변경 신청이 가능합니다.
변경 불가 단계: 주문 상태가 '상품 준비 중' 또는 '배송 중'으로 전환된 이후에는 물류센터 포장 및 송장 출력 작업이 완료되어 배송지 및 옵션 변경이 불가합니다. 이 경우 상
품 수령 후 반품/교환 절차를 따라야 합니다.

[정책 문서 3: 쇼핑몰 이용약관 및 운영정책.pdf]
1.3 주문 상품 구성(품목·옵션·수량) 변경 불가 안내
배송지·수령인 정보와 달리, 이미 결제 완료된 주문의 
상품 품목, 옵션(색상/사이즈 등), 수량
은 주문 상태와 무관하게 변경이 불가합니다.
변경이 필요한 경우 기존 주문을 취소한 후 원하는 구성으로 다시 주문해야 하며, 이미 '상품 준비 중' 이후 단계라면 취소 불가 규정(3항)이 함께 적용됩니다.
수량을 늘리고 싶은 경우도 기존 주문 수정이 아닌 신규 주문으로 진행해야 합니다.
TIP
주문 관련 팁 (RAG 응답 기준)
고객이 주문 후 배송지 변경을 요청할 때, 주문 상태가 '결제 완료' 이하인지 먼저 확인해야 합니다. 이미 '상품 준비 중'으로 변경된 경우 물류 시스템 특성상 자동 수정이 불가능합니
다.

2. 결제 정책 (Payment Policy)",7.8593
222,주문,주문 배송 조회,이용 중 궁금한 점이 있습니다. 주문번호 {{order_no}} 건의 현재 위치를 확인할 수 있나요? 현재 상태에서 가능한지 확인해 주세요.,배송 상태는 [마이페이지] > [주문/배송 조회]에서 확인해 주세요.,"[""배송 상태는 [마이페이지] > [주문/배송 조회]에서 확인해 주세요.""]","[정책 문서 1: 쇼핑몰 이용약관 및 운영정책.pdf]
1.2 주문 정보 변경 (배송지 및 옵션)
변경 가능 단계: 주문 상태가 '입금 대기' 또는 '결제 완료' 단계일 경우에만 [마이페이지 > 주문내역]에서 직접 변경하거나 고객센터를 통해 변경 신청이 가능합니다.
변경 불가 단계: 주문 상태가 '상품 준비 중' 또는 '배송 중'으로 전환된 이후에는 물류센터 포장 및 송장 출력 작업이 완료되어 배송지 및 옵션 변경이 불가합니다. 이 경우 상
품 수령 후 반품/교환 절차를 따라야 합니다.

[정책 문서 2: 쇼핑몰 이용약관 및 운영정책.pdf]
1. 주문 정책 (Ordering Policy)

1.1 주문 접수 및 계약 성립 기준
주문 진행 절차: 원하는 상품의 상세 페이지에서 옵션과 수량을 선택한 후 [구매하기]를 누르거나 [장바구니]에 담아 결제를 진행합니다.
주문 성립 시점: 고객이 상품을 선택하여 결제를 완료하고, 시스템에서 [주문 완료] 메시지 또는 알림(이메일/알림톡)이 발송된 시점에 당사 간의 매매 계약이 성립됩니다.
재고 연동 및 품절 안내: 모든 주문은 실시간 재고 확보를 전제로 합니다. 단, 시스템 반영 시차로 인해 결제 완료 후 품절이 발생할 수 있으며, 이 경우 즉시 이메일/문자로 안
내 후 자동 취소 및 전액 환불 절차가 진행됩니다.
주문 제한 규정: 타인의 명의 도용, 매크로 등 불법 프로그램 이용, 재판매(리셀) 목적의 대량 주문으로 판단될 경우 회사는 사전 통보 없이 해당 주문을 임의 취소할 수 있습
니다.

[정책 문서 3: 쇼핑몰 이용약관 및 운영정책.pdf]
1.3 주문 상품 구성(품목·옵션·수량) 변경 불가 안내
배송지·수령인 정보와 달리, 이미 결제 완료된 주문의 
상품 품목, 옵션(색상/사이즈 등), 수량
은 주문 상태와 무관하게 변경이 불가합니다.
변경이 필요한 경우 기존 주문을 취소한 후 원하는 구성으로 다시 주문해야 하며, 이미 '상품 준비 중' 이후 단계라면 취소 불가 규정(3항)이 함께 적용됩니다.
수량을 늘리고 싶은 경우도 기존 주문 수정이 아닌 신규 주문으로 진행해야 합니다.
TIP
주문 관련 팁 (RAG 응답 기준)
고객이 주문 후 배송지 변경을 요청할 때, 주문 상태가 '결제 완료' 이하인지 먼저 확인해야 합니다. 이미 '상품 준비 중'으로 변경된 경우 물류 시스템 특성상 자동 수정이 불가능합니
다.

2. 결제 정책 (Payment Policy)",7.4988
223,주문,주문 배송 조회,직접 처리하려고 합니다. 주문번호 {{order_no}} 건의 예상 도착일이 궁금합니다. 현재 상태에서 가능한지 확인해 주세요.,배송 상태는 [마이페이지 > 주문내역 > 배송조회]에서 확인해 주세요.,"[""배송 상태는 [마이페이지] > [주문/배송 조회]에서 확인해 주세요.""]","[정책 문서 1: 쇼핑몰 이용약관 및 운영정책.pdf]
6.2 배송 기간 및 배송 조회
평균 배송 기간: 결제 완료(입금 확인) 기준 영업일 2~4일 이내 발송을 원칙으로 하며, 발송 후 1~3일 내 수령이 일반적입니다.
배송 조회: 상품 발송 시 등록된 연락처로 송장번호가 자동 발송되며, [마이페이지 > 주문내역 > 배송조회]에서 실시간 확인이 가능합니다.
배송 지연 안내: 천재지변, 물류사 파업, 명절 성수기 등 회사의 통제 범위를 벗어난 사유로 배송이 지연될 경우, 사전 공지 후 예상 지연 기간을 안내합니다.

6.3 배송 사고 처리 (분실/파손)
배송 중 분실: 택배사 배송 조회 상 '배송완료'로 표시되었으나 고객이 미수령한 경우, 고객센터와 택배사 공동 조사를 진행하며 조사 결과에 따라 재발송 또는 환불이 결정
됩니다.
파손 수령: 상품 수령 시 박스나 상품이 파손된 경우, 개봉 전 상태를 사진으로 촬영해 두어야 원활한 보상 처리가 가능하며, 수령 후 7일 이내 고객센터로 신고해야 합니다.

[정책 문서 2: 쇼핑몰 이용약관 및 운영정책.pdf]
1.2 주문 정보 변경 (배송지 및 옵션)
변경 가능 단계: 주문 상태가 '입금 대기' 또는 '결제 완료' 단계일 경우에만 [마이페이지 > 주문내역]에서 직접 변경하거나 고객센터를 통해 변경 신청이 가능합니다.
변경 불가 단계: 주문 상태가 '상품 준비 중' 또는 '배송 중'으로 전환된 이후에는 물류센터 포장 및 송장 출력 작업이 완료되어 배송지 및 옵션 변경이 불가합니다. 이 경우 상
품 수령 후 반품/교환 절차를 따라야 합니다.

[정책 문서 3: 쇼핑몰 이용약관 및 운영정책.pdf]
1. 주문 정책 (Ordering Policy)

1.1 주문 접수 및 계약 성립 기준
주문 진행 절차: 원하는 상품의 상세 페이지에서 옵션과 수량을 선택한 후 [구매하기]를 누르거나 [장바구니]에 담아 결제를 진행합니다.
주문 성립 시점: 고객이 상품을 선택하여 결제를 완료하고, 시스템에서 [주문 완료] 메시지 또는 알림(이메일/알림톡)이 발송된 시점에 당사 간의 매매 계약이 성립됩니다.
재고 연동 및 품절 안내: 모든 주문은 실시간 재고 확보를 전제로 합니다. 단, 시스템 반영 시차로 인해 결제 완료 후 품절이 발생할 수 있으며, 이 경우 즉시 이메일/문자로 안
내 후 자동 취소 및 전액 환불 절차가 진행됩니다.
주문 제한 규정: 타인의 명의 도용, 매크로 등 불법 프로그램 이용, 재판매(리셀) 목적의 대량 주문으로 판단될 경우 회사는 사전 통보 없이 해당 주문을 임의 취소할 수 있습
니다.",8.0156
224,주문,주문 배송 조회,관련 메뉴를 찾지 못했습니다. 주문번호 {{order_no}} 건의 예상 도착일이 궁금합니다. 현재 상태에서 가능한지 확인해 주세요.,배송 상태는 [마이페이지 > 주문내역 > 배송조회]에서 확인해 주세요.,"[""배송 상태는 [마이페이지] > [주문/배송 조회]에서 확인해 주세요.""]","[정책 문서 1: 쇼핑몰 이용약관 및 운영정책.pdf]
6.2 배송 기간 및 배송 조회
평균 배송 기간: 결제 완료(입금 확인) 기준 영업일 2~4일 이내 발송을 원칙으로 하며, 발송 후 1~3일 내 수령이 일반적입니다.
배송 조회: 상품 발송 시 등록된 연락처로 송장번호가 자동 발송되며, [마이페이지 > 주문내역 > 배송조회]에서 실시간 확인이 가능합니다.
배송 지연 안내: 천재지변, 물류사 파업, 명절 성수기 등 회사의 통제 범위를 벗어난 사유로 배송이 지연될 경우, 사전 공지 후 예상 지연 기간을 안내합니다.

6.3 배송 사고 처리 (분실/파손)
배송 중 분실: 택배사 배송 조회 상 '배송완료'로 표시되었으나 고객이 미수령한 경우, 고객센터와 택배사 공동 조사를 진행하며 조사 결과에 따라 재발송 또는 환불이 결정
됩니다.
파손 수령: 상품 수령 시 박스나 상품이 파손된 경우, 개봉 전 상태를 사진으로 촬영해 두어야 원활한 보상 처리가 가능하며, 수령 후 7일 이내 고객센터로 신고해야 합니다.

[정책 문서 2: 쇼핑몰 이용약관 및 운영정책.pdf]
1.2 주문 정보 변경 (배송지 및 옵션)
변경 가능 단계: 주문 상태가 '입금 대기' 또는 '결제 완료' 단계일 경우에만 [마이페이지 > 주문내역]에서 직접 변경하거나 고객센터를 통해 변경 신청이 가능합니다.
변경 불가 단계: 주문 상태가 '상품 준비 중' 또는 '배송 중'으로 전환된 이후에는 물류센터 포장 및 송장 출력 작업이 완료되어 배송지 및 옵션 변경이 불가합니다. 이 경우 상
품 수령 후 반품/교환 절차를 따라야 합니다.

[정책 문서 3: 쇼핑몰 이용약관 및 운영정책.pdf]
6.4 배송 방법 옵션
배송 방법
배송비
소요 기간
비고
표준 배송
기본 배송비(6.1항 기준)
영업일 2~4일
전 상품 대상
빠른 배송(익일)
추가 배송비 3,000원
오후 2시 이전 주문 시 익일 도착
일부 물류센터 보유 상품 한정
매장 픽업
무료
준비 완료 알림 후 즉시 수령 가능
픽업 가능 매장 보유 재고에 한함
TIP
배송 관련 팁 (RAG 응답 기준)
배송비 문의는 기본 배송비 → 무료배송 조건 → 도서산간 추가비용 순서로 안내합니다. 배송 지연 문의는 먼저 [배송조회] 확인을 안내한 후, 확인이 안 될 경우에만 고객센터 개별 문
의로 연결합니다.

7. 회원 정책 (Membership Policy)",7.4961
225,주문,주문 배송 조회,관련 메뉴를 찾지 못했습니다. 주문번호 {{order_no}} 건의 배송 진행 상황을 알려주세요. 현재 상태에서 가능한지 확인해 주세요.,배송 상태는 [마이페이지] > [주문/배송 조회]에서 확인해 주세요.,"[""배송 상태는 [마이페이지] > [주문/배송 조회]에서 확인해 주세요.""]","[정책 문서 1: 쇼핑몰 이용약관 및 운영정책.pdf]
1.2 주문 정보 변경 (배송지 및 옵션)
변경 가능 단계: 주문 상태가 '입금 대기' 또는 '결제 완료' 단계일 경우에만 [마이페이지 > 주문내역]에서 직접 변경하거나 고객센터를 통해 변경 신청이 가능합니다.
변경 불가 단계: 주문 상태가 '상품 준비 중' 또는 '배송 중'으로 전환된 이후에는 물류센터 포장 및 송장 출력 작업이 완료되어 배송지 및 옵션 변경이 불가합니다. 이 경우 상
품 수령 후 반품/교환 절차를 따라야 합니다.

[정책 문서 2: 쇼핑몰 이용약관 및 운영정책.pdf]
3. 주문 취소 정책 (Cancellation Policy)
주문 취소 가능 여부는 배송 진행 단계에 따라 엄격하게 구분됩니다.
입금대기 / 결제완료 — 즉시 취소 가능
: 마이페이지에서 고객이 직접 즉시 취소 처리할 수 있습니다.
상품 준비 중 — 취소 거절 가능
: 포장 및 출고 상태에 따라 취소가 제한되거나 거절될 수 있습니다.
배송 중 — 취소 불가
: 이미 출고되어 배송이 시작된 건은 취소가 불가하며, 상품 수령 후 반품 절차를 통해서만 환불이 가능합니다.

[정책 문서 3: 쇼핑몰 이용약관 및 운영정책.pdf]
4.5 환불 진행 상황 조회 방법
[마이페이지 > 주문내역 > 환불/취소 내역]에서 처리 단계(반품 접수 → 입고 확인 → 검품 승인 → 환불 처리 완료)를 실시간으로 확인할 수 있습니다.
검품 승인 이후 4.4항의 환불 소요 기간이 지나도 반영되지 않은 경우, 결제 수단과 반품 승인일을 확인한 뒤 고객센터로 문의해야 합니다.
부분 환불(일부 품목만 반품 등)의 경우 환불 금액이 전체 결제 금액과 다를 수 있으므로, 반품 접수 시 안내된 예상 환불 금액을 우선 확인합니다.
TIP
환불 조회 관련 팁 (RAG 응답 기준)
""환불 언제 되나요""라는 문의는 먼저 [마이페이지] 조회 경로를 안내하고, 4.4항의 결제 수단별 소요 기간 이내인지 확인한 뒤, 소요 기간을 초과한 경우에만 고객센터 개별 확인으로
연결합니다.",7.3065
226,주문,주문 취소,주문 {{order_no}} 취소하고 싶어.,주문 취소를 원하시면 [마이페이지] > [주문/배송 조회] > [해당 주문 건 선택] > [주문 취소]에서 신청해 주세요.,"[""주문 취소를 원하시면 [마이페이지] > [주문/배송 조회] > [해당 주문 건 선택] > [주문 취소]에서 신청해 주세요.""]","[정책 문서 1: 쇼핑몰 이용약관 및 운영정책.pdf]
3. 주문 취소 정책 (Cancellation Policy)
주문 취소 가능 여부는 배송 진행 단계에 따라 엄격하게 구분됩니다.
입금대기 / 결제완료 — 즉시 취소 가능
: 마이페이지에서 고객이 직접 즉시 취소 처리할 수 있습니다.
상품 준비 중 — 취소 거절 가능
: 포장 및 출고 상태에 따라 취소가 제한되거나 거절될 수 있습니다.
배송 중 — 취소 불가
: 이미 출고되어 배송이 시작된 건은 취소가 불가하며, 상품 수령 후 반품 절차를 통해서만 환불이 가능합니다.

[정책 문서 2: 쇼핑몰 이용약관 및 운영정책.pdf]
1. 주문 정책 (Ordering Policy)

1.1 주문 접수 및 계약 성립 기준
주문 진행 절차: 원하는 상품의 상세 페이지에서 옵션과 수량을 선택한 후 [구매하기]를 누르거나 [장바구니]에 담아 결제를 진행합니다.
주문 성립 시점: 고객이 상품을 선택하여 결제를 완료하고, 시스템에서 [주문 완료] 메시지 또는 알림(이메일/알림톡)이 발송된 시점에 당사 간의 매매 계약이 성립됩니다.
재고 연동 및 품절 안내: 모든 주문은 실시간 재고 확보를 전제로 합니다. 단, 시스템 반영 시차로 인해 결제 완료 후 품절이 발생할 수 있으며, 이 경우 즉시 이메일/문자로 안
내 후 자동 취소 및 전액 환불 절차가 진행됩니다.
주문 제한 규정: 타인의 명의 도용, 매크로 등 불법 프로그램 이용, 재판매(리셀) 목적의 대량 주문으로 판단될 경우 회사는 사전 통보 없이 해당 주문을 임의 취소할 수 있습
니다.

[정책 문서 3: 쇼핑몰 이용약관 및 운영정책.pdf]
9. 미성년자 주문 정책 (Minor's Order Policy)
미성년자(만 19세 미만) 주문의 경우, 법정대리인(부모 등)의 동의 없이 체결된 계약은 「민법」에 따라 본인 또는 법정대리인이 취소할 수 있습니다.
취소 신청 시 법정대리인 관계를 확인할 수 있는 서류(가족관계증명서 등)를 요청할 수 있습니다.
이미 사용/소비되었거나 반품 제한 사유(4.2항)에 해당하는 상품은 미성년자 취소 규정에도 불구하고 반품이 제한될 수 있습니다.
TIP
미성년자 주문 관련 팁 (RAG 응답 기준)
미성년자 본인 명의 취소 요청 시, 단순 변심 반품 규정(7일 이내)보다 우선하여 법정대리인 동의 여부를 먼저 확인하도록 안내합니다.",8.9944
227,주문,주문 취소,혹시 잘못 주문했는데 취소해 줘.,주문 취소를 원하시면 [마이페이지 > 주문/배송 조회]에서 주문 번호를 확인한 후 [주문 취소]를 신청해 주세요.,"[""주문 취소를 원하시면 [마이페이지] > [주문/배송 조회] > [해당 주문 건 선택] > [주문 취소]에서 신청해 주세요.""]","[정책 문서 1: 쇼핑몰 이용약관 및 운영정책.pdf]
3. 주문 취소 정책 (Cancellation Policy)
주문 취소 가능 여부는 배송 진행 단계에 따라 엄격하게 구분됩니다.
입금대기 / 결제완료 — 즉시 취소 가능
: 마이페이지에서 고객이 직접 즉시 취소 처리할 수 있습니다.
상품 준비 중 — 취소 거절 가능
: 포장 및 출고 상태에 따라 취소가 제한되거나 거절될 수 있습니다.
배송 중 — 취소 불가
: 이미 출고되어 배송이 시작된 건은 취소가 불가하며, 상품 수령 후 반품 절차를 통해서만 환불이 가능합니다.

[정책 문서 2: 쇼핑몰 이용약관 및 운영정책.pdf]
2.4 결제 오류 및 실패 처리
결제 시도 중 오류(승인 거절, 먹통, 응답 지연 등)가 발생한 경우, 우선 [마이페이지 > 주문내역]에서 실제 결제 완료 여부를 확인해야 합니다.
이중 결제(중복 승인): 동일 주문에 대해 결제가 두 번 승인된 경우, 시스템이 익영업일 이내 자동 취소 처리하며 카드사 승인 취소 내역으로 확인할 수 있습니다. 자동 취소가
지연되면 승인 내역을 첨부하여 고객센터로 문의해야 합니다.
결제 실패(승인 거절): 카드 한도 초과, 카드사 보안 정책, 입력 정보 오류 등이 주요 원인이며, 카드사 확인이 우선이고 해결되지 않으면 다른 결제 수단으로 재시도를 안내
합니다.
오류 신고: 반복적인 결제 오류는 오류 발생 시각, 사용 결제수단, 오류 메시지 화면을 첨부하여 고객센터로 접수하면 결제 PG사와 함께 원인을 조사합니다.
TIP
결제 오류 관련 팁 (RAG 응답 기준)

[정책 문서 3: 쇼핑몰 이용약관 및 운영정책.pdf]
9. 미성년자 주문 정책 (Minor's Order Policy)
미성년자(만 19세 미만) 주문의 경우, 법정대리인(부모 등)의 동의 없이 체결된 계약은 「민법」에 따라 본인 또는 법정대리인이 취소할 수 있습니다.
취소 신청 시 법정대리인 관계를 확인할 수 있는 서류(가족관계증명서 등)를 요청할 수 있습니다.
이미 사용/소비되었거나 반품 제한 사유(4.2항)에 해당하는 상품은 미성년자 취소 규정에도 불구하고 반품이 제한될 수 있습니다.
TIP
미성년자 주문 관련 팁 (RAG 응답 기준)
미성년자 본인 명의 취소 요청 시, 단순 변심 반품 규정(7일 이내)보다 우선하여 법정대리인 동의 여부를 먼저 확인하도록 안내합니다.",8.4653
228,주문,주문 취소,혹시 아직 발송 전이면 취소 가능해?,주문 취소를 원하시면 [마이페이지] > [주문/배송 조회] > [해당 주문 건 선택] > [주문 취소]에서 신청해 주세요.,"[""주문 취소를 원하시면 [마이페이지] > [주문/배송 조회] > [해당 주문 건 선택] > [주문 취소]에서 신청해 주세요.""]","[정책 문서 1: 쇼핑몰 이용약관 및 운영정책.pdf]
3. 주문 취소 정책 (Cancellation Policy)
주문 취소 가능 여부는 배송 진행 단계에 따라 엄격하게 구분됩니다.
입금대기 / 결제완료 — 즉시 취소 가능
: 마이페이지에서 고객이 직접 즉시 취소 처리할 수 있습니다.
상품 준비 중 — 취소 거절 가능
: 포장 및 출고 상태에 따라 취소가 제한되거나 거절될 수 있습니다.
배송 중 — 취소 불가
: 이미 출고되어 배송이 시작된 건은 취소가 불가하며, 상품 수령 후 반품 절차를 통해서만 환불이 가능합니다.

[정책 문서 2: 쇼핑몰 이용약관 및 운영정책.pdf]
3.1 취소 수수료 규정
일반 상품: 결제 완료 후 '상품 준비 중' 전 단계에서 취소하는 경우 별도의 취소 수수료는 발생하지 않습니다.
사전예약/공동구매 상품: 상품 상세페이지에 안내된 출고 임박 기한(예: 출고 3일 전) 이후 취소 시, 상품가의 일정 비율(예: 5%)이 취소 수수료로 차감될 수 있으며 상품별
로 상이하므로 상세페이지 고지 내용을 우선합니다.
PG사 결제 취소 수수료: 카드사/PG사 정책상 발생하는 결제 취소 통신 수수료는 원칙적으로 회사가 부담하며, 고객에게 별도 청구하지 않습니다.
TIP
취소 관련 팁 (RAG 응답 기준)
취소 문의는 단순히 ""가능/불가능""으로 끝내지 말고, 현재 주문 상태를 먼저 확인하도록 안내한 뒤 각 단계별 처리 방법을 안내해야 합니다. '상품 준비 중' 단계는 판매자(물류센터)
재량에 따라 결과가 달라질 수 있으므로 ""취소 거절될 수 있습니다""와 같이 단정하지 않는 표현을 사용합니다.

[정책 문서 3: 쇼핑몰 이용약관 및 운영정책.pdf]
1.3 주문 상품 구성(품목·옵션·수량) 변경 불가 안내
배송지·수령인 정보와 달리, 이미 결제 완료된 주문의 
상품 품목, 옵션(색상/사이즈 등), 수량
은 주문 상태와 무관하게 변경이 불가합니다.
변경이 필요한 경우 기존 주문을 취소한 후 원하는 구성으로 다시 주문해야 하며, 이미 '상품 준비 중' 이후 단계라면 취소 불가 규정(3항)이 함께 적용됩니다.
수량을 늘리고 싶은 경우도 기존 주문 수정이 아닌 신규 주문으로 진행해야 합니다.
TIP
주문 관련 팁 (RAG 응답 기준)
고객이 주문 후 배송지 변경을 요청할 때, 주문 상태가 '결제 완료' 이하인지 먼저 확인해야 합니다. 이미 '상품 준비 중'으로 변경된 경우 물류 시스템 특성상 자동 수정이 불가능합니
다.

2. 결제 정책 (Payment Policy)",9.2015
229,주문,주문 취소,주문 {{order_no}} 취소,주문 취소를 원하시면 [마이페이지] > [주문/배송 조회] > [해당 주문 건 선택] > [주문 취소]에서 신청해 주세요.,"[""주문 취소를 원하시면 [마이페이지] > [주문/배송 조회] > [해당 주문 건 선택] > [주문 취소]에서 신청해 주세요.""]","[정책 문서 1: 쇼핑몰 이용약관 및 운영정책.pdf]
3. 주문 취소 정책 (Cancellation Policy)
주문 취소 가능 여부는 배송 진행 단계에 따라 엄격하게 구분됩니다.
입금대기 / 결제완료 — 즉시 취소 가능
: 마이페이지에서 고객이 직접 즉시 취소 처리할 수 있습니다.
상품 준비 중 — 취소 거절 가능
: 포장 및 출고 상태에 따라 취소가 제한되거나 거절될 수 있습니다.
배송 중 — 취소 불가
: 이미 출고되어 배송이 시작된 건은 취소가 불가하며, 상품 수령 후 반품 절차를 통해서만 환불이 가능합니다.

[정책 문서 2: 쇼핑몰 이용약관 및 운영정책.pdf]
9. 미성년자 주문 정책 (Minor's Order Policy)
미성년자(만 19세 미만) 주문의 경우, 법정대리인(부모 등)의 동의 없이 체결된 계약은 「민법」에 따라 본인 또는 법정대리인이 취소할 수 있습니다.
취소 신청 시 법정대리인 관계를 확인할 수 있는 서류(가족관계증명서 등)를 요청할 수 있습니다.
이미 사용/소비되었거나 반품 제한 사유(4.2항)에 해당하는 상품은 미성년자 취소 규정에도 불구하고 반품이 제한될 수 있습니다.
TIP
미성년자 주문 관련 팁 (RAG 응답 기준)
미성년자 본인 명의 취소 요청 시, 단순 변심 반품 규정(7일 이내)보다 우선하여 법정대리인 동의 여부를 먼저 확인하도록 안내합니다.

[정책 문서 3: 쇼핑몰 이용약관 및 운영정책.pdf]
1. 주문 정책 (Ordering Policy)

1.1 주문 접수 및 계약 성립 기준
주문 진행 절차: 원하는 상품의 상세 페이지에서 옵션과 수량을 선택한 후 [구매하기]를 누르거나 [장바구니]에 담아 결제를 진행합니다.
주문 성립 시점: 고객이 상품을 선택하여 결제를 완료하고, 시스템에서 [주문 완료] 메시지 또는 알림(이메일/알림톡)이 발송된 시점에 당사 간의 매매 계약이 성립됩니다.
재고 연동 및 품절 안내: 모든 주문은 실시간 재고 확보를 전제로 합니다. 단, 시스템 반영 시차로 인해 결제 완료 후 품절이 발생할 수 있으며, 이 경우 즉시 이메일/문자로 안
내 후 자동 취소 및 전액 환불 절차가 진행됩니다.
주문 제한 규정: 타인의 명의 도용, 매크로 등 불법 프로그램 이용, 재판매(리셀) 목적의 대량 주문으로 판단될 경우 회사는 사전 통보 없이 해당 주문을 임의 취소할 수 있습
니다.",9.5496
230,주문,주문 변경,문의: 옵션 변경 ㄱㄴ?,"주문 완료 후에는 상품, 옵션 및 수량을 변경할 수 없습니다. 변경이 필요하면 기존 주문을 취소한 후 다시 주문해 주세요.","[""주문 완료 후에는 상품, 옵션 및 수량을 변경할 수 없습니다. 변경이 필요하면 기존 주문을 취소한 후 다시 주문해 주세요.""]","[정책 문서 1: 쇼핑몰 이용약관 및 운영정책.pdf]
1.2 주문 정보 변경 (배송지 및 옵션)
변경 가능 단계: 주문 상태가 '입금 대기' 또는 '결제 완료' 단계일 경우에만 [마이페이지 > 주문내역]에서 직접 변경하거나 고객센터를 통해 변경 신청이 가능합니다.
변경 불가 단계: 주문 상태가 '상품 준비 중' 또는 '배송 중'으로 전환된 이후에는 물류센터 포장 및 송장 출력 작업이 완료되어 배송지 및 옵션 변경이 불가합니다. 이 경우 상
품 수령 후 반품/교환 절차를 따라야 합니다.

[정책 문서 2: 쇼핑몰 이용약관 및 운영정책.pdf]
1.3 주문 상품 구성(품목·옵션·수량) 변경 불가 안내
배송지·수령인 정보와 달리, 이미 결제 완료된 주문의 
상품 품목, 옵션(색상/사이즈 등), 수량
은 주문 상태와 무관하게 변경이 불가합니다.
변경이 필요한 경우 기존 주문을 취소한 후 원하는 구성으로 다시 주문해야 하며, 이미 '상품 준비 중' 이후 단계라면 취소 불가 규정(3항)이 함께 적용됩니다.
수량을 늘리고 싶은 경우도 기존 주문 수정이 아닌 신규 주문으로 진행해야 합니다.
TIP
주문 관련 팁 (RAG 응답 기준)
고객이 주문 후 배송지 변경을 요청할 때, 주문 상태가 '결제 완료' 이하인지 먼저 확인해야 합니다. 이미 '상품 준비 중'으로 변경된 경우 물류 시스템 특성상 자동 수정이 불가능합니
다.

2. 결제 정책 (Payment Policy)

[정책 문서 3: 쇼핑몰 이용약관 및 운영정책.pdf]
5. 교환 정책 (Exchange Policy)
동일 상품 옵션 교환: 동일 상품의 색상 또는 사이즈 변경은 재고가 있는 경우 7일 이내 교환이 가능하며, 왕복 배송비는 고객 부담입니다.
타 상품으로의 교환: 다른 상품으로의 직접 교환은 불가하므로, 기존 주문을 [반품/환불] 처리한 후 원하시는 상품으로 재주문하셔야 합니다.
불량 및 오배송 교환: 동일 상품으로 무상 맞교환을 원칙으로 하며, 단종 또는 품절 시에는 전액 환불 처리됩니다.

6. 배송 정책 (Shipping Policy)",8.0228
231,주문,주문 변경,수량을 하나 더 늘리고 싶어요.,"주문 완료 후에는 상품, 옵션 및 수량을 변경할 수 없습니다. 변경이 필요하면 기존 주문을 취소한 후 다시 주문해 주세요.","[""주문 완료 후에는 상품, 옵션 및 수량을 변경할 수 없습니다. 변경이 필요하면 기존 주문을 취소한 후 다시 주문해 주세요.""]","[정책 문서 1: 쇼핑몰 이용약관 및 운영정책.pdf]
1.3 주문 상품 구성(품목·옵션·수량) 변경 불가 안내
배송지·수령인 정보와 달리, 이미 결제 완료된 주문의 
상품 품목, 옵션(색상/사이즈 등), 수량
은 주문 상태와 무관하게 변경이 불가합니다.
변경이 필요한 경우 기존 주문을 취소한 후 원하는 구성으로 다시 주문해야 하며, 이미 '상품 준비 중' 이후 단계라면 취소 불가 규정(3항)이 함께 적용됩니다.
수량을 늘리고 싶은 경우도 기존 주문 수정이 아닌 신규 주문으로 진행해야 합니다.
TIP
주문 관련 팁 (RAG 응답 기준)
고객이 주문 후 배송지 변경을 요청할 때, 주문 상태가 '결제 완료' 이하인지 먼저 확인해야 합니다. 이미 '상품 준비 중'으로 변경된 경우 물류 시스템 특성상 자동 수정이 불가능합니
다.

2. 결제 정책 (Payment Policy)

[정책 문서 2: 쇼핑몰 이용약관 및 운영정책.pdf]
11. 부정거래 및 어뷰징 방지 정책 (Fraud Prevention Policy)
감지 기준: 동일 IP/기기에서의 반복적 쿠폰 신규가입 악용, 매크로를 이용한 한정 수량 상품 선점, 반품을 전제로 한 상습적 대량 주문 등은 어뷰징으로 간주됩니다.
제재 조치: 어뷰징이 확인된 계정은 사전 통보 후 이용 제한(쿠폰/적립 혜택 제외, 주문 제한) 또는 이용 계약 해지 조치가 취해질 수 있습니다.
이의제기: 제재에 이의가 있는 경우 고객센터를 통해 소명 자료를 제출하여 재심을 요청할 수 있습니다.

12. 고객센터 안내 (Customer Support Contact)

12.1 운영시간
평일 09:00 ~ 18:00 (점심시간 12:00 ~ 13:00 제외)
주말, 공휴일 및 회사 지정 휴무일은 상담 운영을 하지 않으며, 게시판/이메일 문의는 접수 후 다음 영업일에 순차 답변됩니다.

[정책 문서 3: 쇼핑몰 이용약관 및 운영정책.pdf]
7.3 배송지(주소록) 관리
배송지 등록: [마이페이지 > 배송지 관리]에서 여러 개의 배송지를 등록해 두고 주문 시 선택할 수 있으며, 기본 배송지 지정이 가능합니다.
배송지 설정 오류: 도로명주소 검색 오류, 상세주소 미입력 등으로 저장이 되지 않는 경우, 브라우저 캐시 삭제 또는 앱 최신 버전 업데이트 후 재시도를 안내합니다.
등록 가능 개수: 배송지는 최대 30개까지 등록 가능하며, 초과 시 기존 배송지를 삭제한 후 등록해야 합니다.
TIP
배송지 설정 관련 팁 (RAG 응답 기준)
""배송지 설정이 안 돼요""라는 오류 문의는 결제 단계의 배송지 변경(1.2항)과는 다른, 마이페이지 주소록 자체의 저장 오류이므로 구분해서 안내합니다.

8. 쿠폰 및 적립금 정책 (Coupon & Reward Policy)",9.3913
232,주문,주문하기,혹시 {{product_name}} 상품을 주문하려면 어떻게 해야 하나요?,상품 상세 페이지에서 옵션과 수량을 선택한 후 [구매하기]를 누르거나 [장바구니]에 담아 결제를 진행해 주세요.,"[""상품 상세 페이지에서 옵션과 수량을 선택한 후 [구매하기]를 누르거나 [장바구니]에 담아 주문을 진행해 주세요.""]","[정책 문서 1: 쇼핑몰 이용약관 및 운영정책.pdf]
1. 주문 정책 (Ordering Policy)

1.1 주문 접수 및 계약 성립 기준
주문 진행 절차: 원하는 상품의 상세 페이지에서 옵션과 수량을 선택한 후 [구매하기]를 누르거나 [장바구니]에 담아 결제를 진행합니다.
주문 성립 시점: 고객이 상품을 선택하여 결제를 완료하고, 시스템에서 [주문 완료] 메시지 또는 알림(이메일/알림톡)이 발송된 시점에 당사 간의 매매 계약이 성립됩니다.
재고 연동 및 품절 안내: 모든 주문은 실시간 재고 확보를 전제로 합니다. 단, 시스템 반영 시차로 인해 결제 완료 후 품절이 발생할 수 있으며, 이 경우 즉시 이메일/문자로 안
내 후 자동 취소 및 전액 환불 절차가 진행됩니다.
주문 제한 규정: 타인의 명의 도용, 매크로 등 불법 프로그램 이용, 재판매(리셀) 목적의 대량 주문으로 판단될 경우 회사는 사전 통보 없이 해당 주문을 임의 취소할 수 있습
니다.

[정책 문서 2: 쇼핑몰 이용약관 및 운영정책.pdf]
1.3 주문 상품 구성(품목·옵션·수량) 변경 불가 안내
배송지·수령인 정보와 달리, 이미 결제 완료된 주문의 
상품 품목, 옵션(색상/사이즈 등), 수량
은 주문 상태와 무관하게 변경이 불가합니다.
변경이 필요한 경우 기존 주문을 취소한 후 원하는 구성으로 다시 주문해야 하며, 이미 '상품 준비 중' 이후 단계라면 취소 불가 규정(3항)이 함께 적용됩니다.
수량을 늘리고 싶은 경우도 기존 주문 수정이 아닌 신규 주문으로 진행해야 합니다.
TIP
주문 관련 팁 (RAG 응답 기준)
고객이 주문 후 배송지 변경을 요청할 때, 주문 상태가 '결제 완료' 이하인지 먼저 확인해야 합니다. 이미 '상품 준비 중'으로 변경된 경우 물류 시스템 특성상 자동 수정이 불가능합니
다.

2. 결제 정책 (Payment Policy)

[정책 문서 3: 쇼핑몰 이용약관 및 운영정책.pdf]
9. 미성년자 주문 정책 (Minor's Order Policy)
미성년자(만 19세 미만) 주문의 경우, 법정대리인(부모 등)의 동의 없이 체결된 계약은 「민법」에 따라 본인 또는 법정대리인이 취소할 수 있습니다.
취소 신청 시 법정대리인 관계를 확인할 수 있는 서류(가족관계증명서 등)를 요청할 수 있습니다.
이미 사용/소비되었거나 반품 제한 사유(4.2항)에 해당하는 상품은 미성년자 취소 규정에도 불구하고 반품이 제한될 수 있습니다.
TIP
미성년자 주문 관련 팁 (RAG 응답 기준)
미성년자 본인 명의 취소 요청 시, 단순 변심 반품 규정(7일 이내)보다 우선하여 법정대리인 동의 여부를 먼저 확인하도록 안내합니다.",9.1012
233,주문,주문 배송 조회,택배 위치,배송 상태는 [마이페이지 > 주문내역 > 배송조회]에서 확인해 주세요.,"[""배송 상태는 [마이페이지] > [주문/배송 조회]에서 확인해 주세요.""]","[정책 문서 1: 쇼핑몰 이용약관 및 운영정책.pdf]
7.3 배송지(주소록) 관리
배송지 등록: [마이페이지 > 배송지 관리]에서 여러 개의 배송지를 등록해 두고 주문 시 선택할 수 있으며, 기본 배송지 지정이 가능합니다.
배송지 설정 오류: 도로명주소 검색 오류, 상세주소 미입력 등으로 저장이 되지 않는 경우, 브라우저 캐시 삭제 또는 앱 최신 버전 업데이트 후 재시도를 안내합니다.
등록 가능 개수: 배송지는 최대 30개까지 등록 가능하며, 초과 시 기존 배송지를 삭제한 후 등록해야 합니다.
TIP
배송지 설정 관련 팁 (RAG 응답 기준)
""배송지 설정이 안 돼요""라는 오류 문의는 결제 단계의 배송지 변경(1.2항)과는 다른, 마이페이지 주소록 자체의 저장 오류이므로 구분해서 안내합니다.

8. 쿠폰 및 적립금 정책 (Coupon & Reward Policy)

[정책 문서 2: 쇼핑몰 이용약관 및 운영정책.pdf]
6. 배송 정책 (Shipping Policy)

6.1 배송비 기준
기본 배송비: 전 상품 3만 원 이상 구매 시 무료배송, 미만 시 3,000원의 배송비가 부과됩니다.
도서산간 추가 배송비: 제주 및 도서산간 지역은 지역에 따라 3,000원~5,000원의 추가 배송비가 발생할 수 있으며, 주문 시 자동 계산되어 고지됩니다.
합배송: 동일 주소로 동시에 주문한 상품은 배송비가 1회만 부과되며, 별도 주문 건은 각각 배송비가 부과될 수 있습니다.

[정책 문서 3: 쇼핑몰 이용약관 및 운영정책.pdf]
6.2 배송 기간 및 배송 조회
평균 배송 기간: 결제 완료(입금 확인) 기준 영업일 2~4일 이내 발송을 원칙으로 하며, 발송 후 1~3일 내 수령이 일반적입니다.
배송 조회: 상품 발송 시 등록된 연락처로 송장번호가 자동 발송되며, [마이페이지 > 주문내역 > 배송조회]에서 실시간 확인이 가능합니다.
배송 지연 안내: 천재지변, 물류사 파업, 명절 성수기 등 회사의 통제 범위를 벗어난 사유로 배송이 지연될 경우, 사전 공지 후 예상 지연 기간을 안내합니다.

6.3 배송 사고 처리 (분실/파손)
배송 중 분실: 택배사 배송 조회 상 '배송완료'로 표시되었으나 고객이 미수령한 경우, 고객센터와 택배사 공동 조사를 진행하며 조사 결과에 따라 재발송 또는 환불이 결정
됩니다.
파손 수령: 상품 수령 시 박스나 상품이 파손된 경우, 개봉 전 상태를 사진으로 촬영해 두어야 원활한 보상 처리가 가능하며, 수령 후 7일 이내 고객센터로 신고해야 합니다.",7.8781
234,주문,주문 배송 조회,문의: 택배 위치,배송 상태는 [마이페이지 > 주문내역 > 배송조회]에서 확인해 주세요.,"[""배송 상태는 [마이페이지] > [주문/배송 조회]에서 확인해 주세요.""]","[정책 문서 1: 쇼핑몰 이용약관 및 운영정책.pdf]
7.3 배송지(주소록) 관리
배송지 등록: [마이페이지 > 배송지 관리]에서 여러 개의 배송지를 등록해 두고 주문 시 선택할 수 있으며, 기본 배송지 지정이 가능합니다.
배송지 설정 오류: 도로명주소 검색 오류, 상세주소 미입력 등으로 저장이 되지 않는 경우, 브라우저 캐시 삭제 또는 앱 최신 버전 업데이트 후 재시도를 안내합니다.
등록 가능 개수: 배송지는 최대 30개까지 등록 가능하며, 초과 시 기존 배송지를 삭제한 후 등록해야 합니다.
TIP
배송지 설정 관련 팁 (RAG 응답 기준)
""배송지 설정이 안 돼요""라는 오류 문의는 결제 단계의 배송지 변경(1.2항)과는 다른, 마이페이지 주소록 자체의 저장 오류이므로 구분해서 안내합니다.

8. 쿠폰 및 적립금 정책 (Coupon & Reward Policy)

[정책 문서 2: 쇼핑몰 이용약관 및 운영정책.pdf]
6.2 배송 기간 및 배송 조회
평균 배송 기간: 결제 완료(입금 확인) 기준 영업일 2~4일 이내 발송을 원칙으로 하며, 발송 후 1~3일 내 수령이 일반적입니다.
배송 조회: 상품 발송 시 등록된 연락처로 송장번호가 자동 발송되며, [마이페이지 > 주문내역 > 배송조회]에서 실시간 확인이 가능합니다.
배송 지연 안내: 천재지변, 물류사 파업, 명절 성수기 등 회사의 통제 범위를 벗어난 사유로 배송이 지연될 경우, 사전 공지 후 예상 지연 기간을 안내합니다.

6.3 배송 사고 처리 (분실/파손)
배송 중 분실: 택배사 배송 조회 상 '배송완료'로 표시되었으나 고객이 미수령한 경우, 고객센터와 택배사 공동 조사를 진행하며 조사 결과에 따라 재발송 또는 환불이 결정
됩니다.
파손 수령: 상품 수령 시 박스나 상품이 파손된 경우, 개봉 전 상태를 사진으로 촬영해 두어야 원활한 보상 처리가 가능하며, 수령 후 7일 이내 고객센터로 신고해야 합니다.

[정책 문서 3: 쇼핑몰 이용약관 및 운영정책.pdf]
6. 배송 정책 (Shipping Policy)

6.1 배송비 기준
기본 배송비: 전 상품 3만 원 이상 구매 시 무료배송, 미만 시 3,000원의 배송비가 부과됩니다.
도서산간 추가 배송비: 제주 및 도서산간 지역은 지역에 따라 3,000원~5,000원의 추가 배송비가 발생할 수 있으며, 주문 시 자동 계산되어 고지됩니다.
합배송: 동일 주소로 동시에 주문한 상품은 배송비가 1회만 부과되며, 별도 주문 건은 각각 배송비가 부과될 수 있습니다.",7.5755
235,주문,주문 배송 조회,주문번호 {{order_no}} 건이 지금 어디쯤 왔는지 확인해 주세요.,배송 상태는 [마이페이지] > [주문/배송 조회]에서 확인해 주세요.,"[""배송 상태는 [마이페이지] > [주문/배송 조회]에서 확인해 주세요.""]","[정책 문서 1: 쇼핑몰 이용약관 및 운영정책.pdf]
6.2 배송 기간 및 배송 조회
평균 배송 기간: 결제 완료(입금 확인) 기준 영업일 2~4일 이내 발송을 원칙으로 하며, 발송 후 1~3일 내 수령이 일반적입니다.
배송 조회: 상품 발송 시 등록된 연락처로 송장번호가 자동 발송되며, [마이페이지 > 주문내역 > 배송조회]에서 실시간 확인이 가능합니다.
배송 지연 안내: 천재지변, 물류사 파업, 명절 성수기 등 회사의 통제 범위를 벗어난 사유로 배송이 지연될 경우, 사전 공지 후 예상 지연 기간을 안내합니다.

6.3 배송 사고 처리 (분실/파손)
배송 중 분실: 택배사 배송 조회 상 '배송완료'로 표시되었으나 고객이 미수령한 경우, 고객센터와 택배사 공동 조사를 진행하며 조사 결과에 따라 재발송 또는 환불이 결정
됩니다.
파손 수령: 상품 수령 시 박스나 상품이 파손된 경우, 개봉 전 상태를 사진으로 촬영해 두어야 원활한 보상 처리가 가능하며, 수령 후 7일 이내 고객센터로 신고해야 합니다.

[정책 문서 2: 쇼핑몰 이용약관 및 운영정책.pdf]
1. 주문 정책 (Ordering Policy)

1.1 주문 접수 및 계약 성립 기준
주문 진행 절차: 원하는 상품의 상세 페이지에서 옵션과 수량을 선택한 후 [구매하기]를 누르거나 [장바구니]에 담아 결제를 진행합니다.
주문 성립 시점: 고객이 상품을 선택하여 결제를 완료하고, 시스템에서 [주문 완료] 메시지 또는 알림(이메일/알림톡)이 발송된 시점에 당사 간의 매매 계약이 성립됩니다.
재고 연동 및 품절 안내: 모든 주문은 실시간 재고 확보를 전제로 합니다. 단, 시스템 반영 시차로 인해 결제 완료 후 품절이 발생할 수 있으며, 이 경우 즉시 이메일/문자로 안
내 후 자동 취소 및 전액 환불 절차가 진행됩니다.
주문 제한 규정: 타인의 명의 도용, 매크로 등 불법 프로그램 이용, 재판매(리셀) 목적의 대량 주문으로 판단될 경우 회사는 사전 통보 없이 해당 주문을 임의 취소할 수 있습
니다.

[정책 문서 3: 쇼핑몰 이용약관 및 운영정책.pdf]
4.5 환불 진행 상황 조회 방법
[마이페이지 > 주문내역 > 환불/취소 내역]에서 처리 단계(반품 접수 → 입고 확인 → 검품 승인 → 환불 처리 완료)를 실시간으로 확인할 수 있습니다.
검품 승인 이후 4.4항의 환불 소요 기간이 지나도 반영되지 않은 경우, 결제 수단과 반품 승인일을 확인한 뒤 고객센터로 문의해야 합니다.
부분 환불(일부 품목만 반품 등)의 경우 환불 금액이 전체 결제 금액과 다를 수 있으므로, 반품 접수 시 안내된 예상 환불 금액을 우선 확인합니다.
TIP
환불 조회 관련 팁 (RAG 응답 기준)
""환불 언제 되나요""라는 문의는 먼저 [마이페이지] 조회 경로를 안내하고, 4.4항의 결제 수단별 소요 기간 이내인지 확인한 뒤, 소요 기간을 초과한 경우에만 고객센터 개별 확인으로
연결합니다.",8.2259
236,결제,청구서 확인,청구서를 찾으려면 어떻게 해야 하는지 모르겠습니다 37777,청구서를 찾으려면 당사 웹사이트에서 고객님의 계정에 로그인한 후 [청구] 또는 [청구서] 섹션으로 이동해 주세요. 여기에서 청구서를 보고 다운로드할 수 있는 옵션을 찾을 수 있습니다.,"[""고객님이 내려놓으신 내용을 확인하겠습니다. 번호가 {{transaction_id}}인 송장을 찾는 데 혼란이 있으신가요? 청구서를 찾으려면 먼저 이메일에서 청구서 관련 메시지를 확인해 주세요. 또한 당사 웹사이트에서 고객님의 계정에 로그인한 후 [청구] 또는 [청구서] 섹션으로 이동하여 해당 번호와 함께 청구서 목록을 찾을 수 있습니다. 그래도 찾을 수 없는 경우 02-1577-1577로 고객센터에 문의하거나 채팅을 통해 문의해 주세요.""]","[정책 문서 1: 쇼핑몰 이용약관 및 운영정책.pdf]
2.3 청구서(영수증·세금계산서) 발급
현금영수증: 결제 완료 시 등록된 휴대폰번호로 지출증빙용 또는 소득공제용 현금영수증이 자동 발행됩니다. 발급 정보는 [마이페이지 > 주문내역 > 영수증 조회]에서 확인
가능합니다.
전자세금계산서: 사업자 회원이 세금계산서 발급을 요청하는 경우, 사업자등록번호·상호·담당자 이메일을 정확히 입력해야 하며 구매 확정 후 발급됩니다.
재발급: 영수증/세금계산서 재발급은 [마이페이지]에서 즉시 재출력이 가능하며, 정보 오류(사업자번호 등)로 인한 정정 발급은 고객센터를 통해 신청해야 합니다.
TIP
청구서 관련 팁 (RAG 응답 기준)
""영수증을 못 받았어요""라는 문의는 먼저 현금영수증(개인) vs 전자세금계산서(사업자) 중 어떤 것이 필요한지 확인한 뒤, 발급 경로를 안내합니다. 세금계산서 발급 정보 오류는 마
이페이지 자체 수정이 아닌 고객센터 정정 신청 대상임을 명확히 안내합니다.

[정책 문서 2: 전자상거래_표준약관.pdf]
1. 재화 등의 검색 및 선택

2. 받는 사람의 성명, 주소, 전화번호, 전자우편주소(또는 이동전화번호) 등의
입력

3. 약관내용, 청약철회권이 제한되는 서비스, 배송료 ․ 설치비 등의 비용부담과
관련한 내용에 대한 확인

4. 이 약관에 동의하고 위 3.호의 사항을 확인하거나 거부하는 표시
(예, 마우스 클릭)

5. 재화등의 구매신청 및 이에 관한 확인 또는 “몰”의 확인에 대한 동의

6. 결제방법의 선택

② “몰”이 제3자에게 구매자 개인정보를 제공할 필요가 있는 경우 1) 개인정보를
제공받는 자, 2)개인정보를 제공받는 자의 개인정보 이용목적, 3) 제공하는 개
인정보의 항목, 4) 개인정보를 제공받는 자의 개인정보 보유 및 이용기간을 구
매자에게 알리고 동의를 받아야 합니다. (동의를 받은 사항이 변경되는 경우에
도 같습니다.)

[정책 문서 3: 쇼핑몰 이용약관 및 운영정책.pdf]
4.5 환불 진행 상황 조회 방법
[마이페이지 > 주문내역 > 환불/취소 내역]에서 처리 단계(반품 접수 → 입고 확인 → 검품 승인 → 환불 처리 완료)를 실시간으로 확인할 수 있습니다.
검품 승인 이후 4.4항의 환불 소요 기간이 지나도 반영되지 않은 경우, 결제 수단과 반품 승인일을 확인한 뒤 고객센터로 문의해야 합니다.
부분 환불(일부 품목만 반품 등)의 경우 환불 금액이 전체 결제 금액과 다를 수 있으므로, 반품 접수 시 안내된 예상 환불 금액을 우선 확인합니다.
TIP
환불 조회 관련 팁 (RAG 응답 기준)
""환불 언제 되나요""라는 문의는 먼저 [마이페이지] 조회 경로를 안내하고, 4.4항의 결제 수단별 소요 기간 이내인지 확인한 뒤, 소요 기간을 초과한 경우에만 고객센터 개별 확인으로
연결합니다.",12.7313
237,결제,청구서 확인,청구서 12588을 빠르게 살펴보는 방법을 모르겠습니다.,번호 {{transaction_id}}로 청구서를 빠르게 확인하는 방법을 안내해 드리겠습니다. 청구서를 보려면 당사 웹사이트에서 고객님의 계정에 로그인한 후 [청구] 또는 [청구서] 섹션으로 이동해 주세요. 여기에서 청구서를 보고 다운로드할 수 있는 옵션을 찾을 수 있습니다.,"[""{{transaction_id}} 번호로 청구서를 빠르게 확인하는 방법을 잘 모르신다는 점을 알려드립니다. 청구서를 빠르게 살펴보려면 계정 대시보드로 이동하여 [청구서] 또는 [청구] 섹션을 찾아 주세요. 거기에 도달하면 지정된 번호로 청구서를 검색하고 볼 수 있습니다.""]","[정책 문서 1: 쇼핑몰 이용약관 및 운영정책.pdf]
2.3 청구서(영수증·세금계산서) 발급
현금영수증: 결제 완료 시 등록된 휴대폰번호로 지출증빙용 또는 소득공제용 현금영수증이 자동 발행됩니다. 발급 정보는 [마이페이지 > 주문내역 > 영수증 조회]에서 확인
가능합니다.
전자세금계산서: 사업자 회원이 세금계산서 발급을 요청하는 경우, 사업자등록번호·상호·담당자 이메일을 정확히 입력해야 하며 구매 확정 후 발급됩니다.
재발급: 영수증/세금계산서 재발급은 [마이페이지]에서 즉시 재출력이 가능하며, 정보 오류(사업자번호 등)로 인한 정정 발급은 고객센터를 통해 신청해야 합니다.
TIP
청구서 관련 팁 (RAG 응답 기준)
""영수증을 못 받았어요""라는 문의는 먼저 현금영수증(개인) vs 전자세금계산서(사업자) 중 어떤 것이 필요한지 확인한 뒤, 발급 경로를 안내합니다. 세금계산서 발급 정보 오류는 마
이페이지 자체 수정이 아닌 고객센터 정정 신청 대상임을 명확히 안내합니다.

[정책 문서 2: 쇼핑몰 이용약관 및 운영정책.pdf]
4.5 환불 진행 상황 조회 방법
[마이페이지 > 주문내역 > 환불/취소 내역]에서 처리 단계(반품 접수 → 입고 확인 → 검품 승인 → 환불 처리 완료)를 실시간으로 확인할 수 있습니다.
검품 승인 이후 4.4항의 환불 소요 기간이 지나도 반영되지 않은 경우, 결제 수단과 반품 승인일을 확인한 뒤 고객센터로 문의해야 합니다.
부분 환불(일부 품목만 반품 등)의 경우 환불 금액이 전체 결제 금액과 다를 수 있으므로, 반품 접수 시 안내된 예상 환불 금액을 우선 확인합니다.
TIP
환불 조회 관련 팁 (RAG 응답 기준)
""환불 언제 되나요""라는 문의는 먼저 [마이페이지] 조회 경로를 안내하고, 4.4항의 결제 수단별 소요 기간 이내인지 확인한 뒤, 소요 기간을 초과한 경우에만 고객센터 개별 확인으로
연결합니다.

[정책 문서 3: 쇼핑몰 이용약관 및 운영정책.pdf]
12.3 응답 소요 시간
채팅 상담: 운영시간 내 평균 수 분 이내 응답
게시판/이메일 문의: 영업일 기준 1일 이내 답변을 원칙으로 하되, 물류 조사가 필요한 배송 사고 등은 추가 시간이 소요될 수 있습니다.
TIP
고객센터 문의 관련 팁 (RAG 응답 기준)
상담원 연결/영업시간 문의는 채팅 상담을 우선 안내하고, 주문 상태 조회처럼 시스템에서 바로 확인 가능한 사항은 채널 안내보다 [마이페이지] 경로를 먼저 제시합니다.
가이드
AI CS 챗봇 응답 가이드라인 (RAG 운영자 참고)
사용자 문의 응답 시, 단답형 안내 대신 
[처리 가능 조건 → 신청 경로 → 예외 사항/배송비]
구조로 답변하도록 시스템 프롬프트(System Prompt)를 구성해 주세요.
추가로 다음 원칙을 권장합니다.
주문 상태(입금대기/결제완료/상품준비중/배송중)를 먼저 확인하도록 유도한 뒤, 상태별 처리 가능 여부를 안내합니다.",14.8205
238,결제,청구서 확인,{{name}}에서 보낸 청구서를 찾으려면 어떻게 해야 할지 모르겠습니다.,청구서를 찾으려면 당사 웹사이트에서 고객님의 계정에 로그인하고 [청구] 또는 [청구서] 섹션으로 이동해 주세요. 여기에서 {{name}}와 관련된 청구서를 포함하여 모든 청구서 목록을 찾을 수 있습니다.,"[""먼저 날짜 범위, 청구서 번호 또는 청구서를 검색하는 데 도움이 될 수 있는 기타 관련 정보 등 추가 세부정보를 알려주실 수 있나요? 이를 통해 보다 효과적으로 안내하고 성공적인 해결을 보장할 수 있습니다."", ""{{name}} 고객님의 송장을 찾는 과정에 대한 고객님의 우려와 불확실성을 파악하고 있습니다. 청구서를 찾으려면 고객센터(02-1577-1577)에 문의하거나 채팅을 통해 문의하는 것이 좋습니다. 고객센터에서 고객님이 청구서를 찾는 데 도움을 주고 필요한 추가 정보를 제공할 수 있습니다. 저희는 고객 만족을 보장하기 위해 최선을 다하고 있으므로 필요할 때마다 도움을 요청해 주세요.""]","[정책 문서 1: 쇼핑몰 이용약관 및 운영정책.pdf]
2.3 청구서(영수증·세금계산서) 발급
현금영수증: 결제 완료 시 등록된 휴대폰번호로 지출증빙용 또는 소득공제용 현금영수증이 자동 발행됩니다. 발급 정보는 [마이페이지 > 주문내역 > 영수증 조회]에서 확인
가능합니다.
전자세금계산서: 사업자 회원이 세금계산서 발급을 요청하는 경우, 사업자등록번호·상호·담당자 이메일을 정확히 입력해야 하며 구매 확정 후 발급됩니다.
재발급: 영수증/세금계산서 재발급은 [마이페이지]에서 즉시 재출력이 가능하며, 정보 오류(사업자번호 등)로 인한 정정 발급은 고객센터를 통해 신청해야 합니다.
TIP
청구서 관련 팁 (RAG 응답 기준)
""영수증을 못 받았어요""라는 문의는 먼저 현금영수증(개인) vs 전자세금계산서(사업자) 중 어떤 것이 필요한지 확인한 뒤, 발급 경로를 안내합니다. 세금계산서 발급 정보 오류는 마
이페이지 자체 수정이 아닌 고객센터 정정 신청 대상임을 명확히 안내합니다.

[정책 문서 2: 쇼핑몰 이용약관 및 운영정책.pdf]
4.5 환불 진행 상황 조회 방법
[마이페이지 > 주문내역 > 환불/취소 내역]에서 처리 단계(반품 접수 → 입고 확인 → 검품 승인 → 환불 처리 완료)를 실시간으로 확인할 수 있습니다.
검품 승인 이후 4.4항의 환불 소요 기간이 지나도 반영되지 않은 경우, 결제 수단과 반품 승인일을 확인한 뒤 고객센터로 문의해야 합니다.
부분 환불(일부 품목만 반품 등)의 경우 환불 금액이 전체 결제 금액과 다를 수 있으므로, 반품 접수 시 안내된 예상 환불 금액을 우선 확인합니다.
TIP
환불 조회 관련 팁 (RAG 응답 기준)
""환불 언제 되나요""라는 문의는 먼저 [마이페이지] 조회 경로를 안내하고, 4.4항의 결제 수단별 소요 기간 이내인지 확인한 뒤, 소요 기간을 초과한 경우에만 고객센터 개별 확인으로
연결합니다.

[정책 문서 3: 쇼핑몰 이용약관 및 운영정책.pdf]
7.3 배송지(주소록) 관리
배송지 등록: [마이페이지 > 배송지 관리]에서 여러 개의 배송지를 등록해 두고 주문 시 선택할 수 있으며, 기본 배송지 지정이 가능합니다.
배송지 설정 오류: 도로명주소 검색 오류, 상세주소 미입력 등으로 저장이 되지 않는 경우, 브라우저 캐시 삭제 또는 앱 최신 버전 업데이트 후 재시도를 안내합니다.
등록 가능 개수: 배송지는 최대 30개까지 등록 가능하며, 초과 시 기존 배송지를 삭제한 후 등록해야 합니다.
TIP
배송지 설정 관련 팁 (RAG 응답 기준)
""배송지 설정이 안 돼요""라는 오류 문의는 결제 단계의 배송지 변경(1.2항)과는 다른, 마이페이지 주소록 자체의 저장 오류이므로 구분해서 안내합니다.

8. 쿠폰 및 적립금 정책 (Coupon & Reward Policy)",12.0582
239,결제,청구서 확인,{{name}}에서 보낸 청구서를 찾아야 해요,청구서를 찾는 데 도움이 되도록 날짜 범위나 청구서와 관련된 특정 키워드 등 추가 세부정보를 제공해 주실 수 있나요?,"[""계속하려면 추가 세부 사항(예: 월, 년) 또는 검색 중인 청구서에 대한 기타 관련 정보를 제공해 주실 수 있나요?""]","[정책 문서 1: 쇼핑몰 이용약관 및 운영정책.pdf]
2.3 청구서(영수증·세금계산서) 발급
현금영수증: 결제 완료 시 등록된 휴대폰번호로 지출증빙용 또는 소득공제용 현금영수증이 자동 발행됩니다. 발급 정보는 [마이페이지 > 주문내역 > 영수증 조회]에서 확인
가능합니다.
전자세금계산서: 사업자 회원이 세금계산서 발급을 요청하는 경우, 사업자등록번호·상호·담당자 이메일을 정확히 입력해야 하며 구매 확정 후 발급됩니다.
재발급: 영수증/세금계산서 재발급은 [마이페이지]에서 즉시 재출력이 가능하며, 정보 오류(사업자번호 등)로 인한 정정 발급은 고객센터를 통해 신청해야 합니다.
TIP
청구서 관련 팁 (RAG 응답 기준)
""영수증을 못 받았어요""라는 문의는 먼저 현금영수증(개인) vs 전자세금계산서(사업자) 중 어떤 것이 필요한지 확인한 뒤, 발급 경로를 안내합니다. 세금계산서 발급 정보 오류는 마
이페이지 자체 수정이 아닌 고객센터 정정 신청 대상임을 명확히 안내합니다.

[정책 문서 2: 전자상거래_표준약관.pdf]
제3조 (약관 등의 명시와 설명 및 개정)

① “몰”은 이 약관의 내용과 상호 및 대표자 성명, 영업소 소재지 주소(소비자의
불만을 처리할 수 있는 곳의 주소를 포함), 전화번호 ․ 모사전송번호 ․ 전자우편주
소, 사업자등록번호, 통신판매업 신고번호, 개인정보관리책임자등을 이용자가
쉽게 알 수 있도록 00 사이버몰의 초기 서비스화면(전면)에 게시합니다. 다만,
약관의 내용은 이용자가 연결화면을 통하여 볼 수 있도록 할 수 있습니다.
② “몰은 이용자가 약관에 동의하기에 앞서 약관에 정하여져 있는 내용 중 청약철
회 ․ 배송책임 ․ 환불조건 등과 같은 중요한 내용을 이용자가 이해할 수 있도록 별
도의 연결화면 또는 팝업화면 등을 제공하여 이용자의 확인을 구하여야 합니다.

[정책 문서 3: 쇼핑몰 이용약관 및 운영정책.pdf]
7.3 배송지(주소록) 관리
배송지 등록: [마이페이지 > 배송지 관리]에서 여러 개의 배송지를 등록해 두고 주문 시 선택할 수 있으며, 기본 배송지 지정이 가능합니다.
배송지 설정 오류: 도로명주소 검색 오류, 상세주소 미입력 등으로 저장이 되지 않는 경우, 브라우저 캐시 삭제 또는 앱 최신 버전 업데이트 후 재시도를 안내합니다.
등록 가능 개수: 배송지는 최대 30개까지 등록 가능하며, 초과 시 기존 배송지를 삭제한 후 등록해야 합니다.
TIP
배송지 설정 관련 팁 (RAG 응답 기준)
""배송지 설정이 안 돼요""라는 오류 문의는 결제 단계의 배송지 변경(1.2항)과는 다른, 마이페이지 주소록 자체의 저장 오류이므로 구분해서 안내합니다.

8. 쿠폰 및 적립금 정책 (Coupon & Reward Policy)",9.2788
240,결제,청구서 확인,{{name}}에서 보낸 청구서를 빠르게 확인할 수 있도록 도와주세요.,청구서를 찾는 데 도움이 되도록 날짜 범위나 청구서와 관련된 특정 세부정보 등 추가 정보를 제공해 주실 수 있나요?,"[""{{name}} 고객님의 보낸 송장에 대한 간략한 개요가 필요하신가요? 먼저 송장 번호나 송장을 보다 효율적으로 찾는 데 도움이 되는 기타 세부정보를 제공해 주실 수 있나요?""]","[정책 문서 1: 쇼핑몰 이용약관 및 운영정책.pdf]
2.3 청구서(영수증·세금계산서) 발급
현금영수증: 결제 완료 시 등록된 휴대폰번호로 지출증빙용 또는 소득공제용 현금영수증이 자동 발행됩니다. 발급 정보는 [마이페이지 > 주문내역 > 영수증 조회]에서 확인
가능합니다.
전자세금계산서: 사업자 회원이 세금계산서 발급을 요청하는 경우, 사업자등록번호·상호·담당자 이메일을 정확히 입력해야 하며 구매 확정 후 발급됩니다.
재발급: 영수증/세금계산서 재발급은 [마이페이지]에서 즉시 재출력이 가능하며, 정보 오류(사업자번호 등)로 인한 정정 발급은 고객센터를 통해 신청해야 합니다.
TIP
청구서 관련 팁 (RAG 응답 기준)
""영수증을 못 받았어요""라는 문의는 먼저 현금영수증(개인) vs 전자세금계산서(사업자) 중 어떤 것이 필요한지 확인한 뒤, 발급 경로를 안내합니다. 세금계산서 발급 정보 오류는 마
이페이지 자체 수정이 아닌 고객센터 정정 신청 대상임을 명확히 안내합니다.

[정책 문서 2: 쇼핑몰 이용약관 및 운영정책.pdf]
4.5 환불 진행 상황 조회 방법
[마이페이지 > 주문내역 > 환불/취소 내역]에서 처리 단계(반품 접수 → 입고 확인 → 검품 승인 → 환불 처리 완료)를 실시간으로 확인할 수 있습니다.
검품 승인 이후 4.4항의 환불 소요 기간이 지나도 반영되지 않은 경우, 결제 수단과 반품 승인일을 확인한 뒤 고객센터로 문의해야 합니다.
부분 환불(일부 품목만 반품 등)의 경우 환불 금액이 전체 결제 금액과 다를 수 있으므로, 반품 접수 시 안내된 예상 환불 금액을 우선 확인합니다.
TIP
환불 조회 관련 팁 (RAG 응답 기준)
""환불 언제 되나요""라는 문의는 먼저 [마이페이지] 조회 경로를 안내하고, 4.4항의 결제 수단별 소요 기간 이내인지 확인한 뒤, 소요 기간을 초과한 경우에만 고객센터 개별 확인으로
연결합니다.

[정책 문서 3: 쇼핑몰 이용약관 및 운영정책.pdf]
금액·기간 등 수치 정보는 원문 그대로 정확히 인용하고, 임의로 추정하지 않습니다.
법정대리인 동의, 분쟁조정 등 법적 절차가 필요한 문의는 최종 처리 결과를 단정하지 말고 ""확인 후 안내드리겠습니다"" 형태로 고객센터 상담 연결을 병행 안내합니
다.",9.0111
241,결제,청구서 확인,{{name}}의 청구서를 확인하는 데 도움이 필요합니다.,청구서를 찾는 데 도움이 되도록 날짜 범위나 청구서와 관련된 특정 정보 등 추가 세부정보를 제공해 주실 수 있나요?,"[""고객님께 도움을 드리기 위해 송장에 쉽게 액세스하고 볼 수 있는 온라인 포털을 안내해 드릴 수 있습니다. 또는 원하시면 이메일을 통해 청구서의 디지털 사본을 보내드릴 수도 있습니다. 어떤 옵션이 고객님께 가장 적합한지 알려주시면 다음 단계를 진행해 드리겠습니다."", ""청구서 번호나 날짜 범위 등 청구서에 대한 추가 세부정보를 제공해 주실 수 있나요? 이 정보를 통해 청구서를 더 정확하게 찾을 수 있습니다.""]","[정책 문서 1: 쇼핑몰 이용약관 및 운영정책.pdf]
2.3 청구서(영수증·세금계산서) 발급
현금영수증: 결제 완료 시 등록된 휴대폰번호로 지출증빙용 또는 소득공제용 현금영수증이 자동 발행됩니다. 발급 정보는 [마이페이지 > 주문내역 > 영수증 조회]에서 확인
가능합니다.
전자세금계산서: 사업자 회원이 세금계산서 발급을 요청하는 경우, 사업자등록번호·상호·담당자 이메일을 정확히 입력해야 하며 구매 확정 후 발급됩니다.
재발급: 영수증/세금계산서 재발급은 [마이페이지]에서 즉시 재출력이 가능하며, 정보 오류(사업자번호 등)로 인한 정정 발급은 고객센터를 통해 신청해야 합니다.
TIP
청구서 관련 팁 (RAG 응답 기준)
""영수증을 못 받았어요""라는 문의는 먼저 현금영수증(개인) vs 전자세금계산서(사업자) 중 어떤 것이 필요한지 확인한 뒤, 발급 경로를 안내합니다. 세금계산서 발급 정보 오류는 마
이페이지 자체 수정이 아닌 고객센터 정정 신청 대상임을 명확히 안내합니다.

[정책 문서 2: 전자상거래_표준약관.pdf]
제3조 (약관 등의 명시와 설명 및 개정)

① “몰”은 이 약관의 내용과 상호 및 대표자 성명, 영업소 소재지 주소(소비자의
불만을 처리할 수 있는 곳의 주소를 포함), 전화번호 ․ 모사전송번호 ․ 전자우편주
소, 사업자등록번호, 통신판매업 신고번호, 개인정보관리책임자등을 이용자가
쉽게 알 수 있도록 00 사이버몰의 초기 서비스화면(전면)에 게시합니다. 다만,
약관의 내용은 이용자가 연결화면을 통하여 볼 수 있도록 할 수 있습니다.
② “몰은 이용자가 약관에 동의하기에 앞서 약관에 정하여져 있는 내용 중 청약철
회 ․ 배송책임 ․ 환불조건 등과 같은 중요한 내용을 이용자가 이해할 수 있도록 별
도의 연결화면 또는 팝업화면 등을 제공하여 이용자의 확인을 구하여야 합니다.

[정책 문서 3: 쇼핑몰 이용약관 및 운영정책.pdf]
금액·기간 등 수치 정보는 원문 그대로 정확히 인용하고, 임의로 추정하지 않습니다.
법정대리인 동의, 분쟁조정 등 법적 절차가 필요한 문의는 최종 처리 결과를 단정하지 말고 ""확인 후 안내드리겠습니다"" 형태로 고객센터 상담 연결을 병행 안내합니
다.",8.7629
242,결제,청구서 확인,내 청구서 00108을 어떻게 빨리 확인할 수 있나요?,청구서를 빠르게 확인하려면 당사 웹사이트에서 고객님의 계정에 로그인한 후 [청구] 또는 [청구서] 섹션으로 이동해 주세요. 여기에서 청구서를 보고 다운로드할 수 있는 옵션을 찾을 수 있습니다.,"[""고객님께서는 번호 {{transaction_id}}로 청구서 세부정보를 빠르게 확인할 수 있는 방법을 찾고 계시다는 점을 확인했습니다. 이에 대한 도움을 받으려면 당사 웹사이트나 모바일 앱에서 고객님의 계정에 로그인하는 것이 좋습니다. 로그인한 후에는 [청구] 또는 [청구서] 섹션으로 이동하여 청구서를 쉽게 찾고 액세스할 수 있습니다.""]","[정책 문서 1: 쇼핑몰 이용약관 및 운영정책.pdf]
2.3 청구서(영수증·세금계산서) 발급
현금영수증: 결제 완료 시 등록된 휴대폰번호로 지출증빙용 또는 소득공제용 현금영수증이 자동 발행됩니다. 발급 정보는 [마이페이지 > 주문내역 > 영수증 조회]에서 확인
가능합니다.
전자세금계산서: 사업자 회원이 세금계산서 발급을 요청하는 경우, 사업자등록번호·상호·담당자 이메일을 정확히 입력해야 하며 구매 확정 후 발급됩니다.
재발급: 영수증/세금계산서 재발급은 [마이페이지]에서 즉시 재출력이 가능하며, 정보 오류(사업자번호 등)로 인한 정정 발급은 고객센터를 통해 신청해야 합니다.
TIP
청구서 관련 팁 (RAG 응답 기준)
""영수증을 못 받았어요""라는 문의는 먼저 현금영수증(개인) vs 전자세금계산서(사업자) 중 어떤 것이 필요한지 확인한 뒤, 발급 경로를 안내합니다. 세금계산서 발급 정보 오류는 마
이페이지 자체 수정이 아닌 고객센터 정정 신청 대상임을 명확히 안내합니다.

[정책 문서 2: 쇼핑몰 이용약관 및 운영정책.pdf]
4.5 환불 진행 상황 조회 방법
[마이페이지 > 주문내역 > 환불/취소 내역]에서 처리 단계(반품 접수 → 입고 확인 → 검품 승인 → 환불 처리 완료)를 실시간으로 확인할 수 있습니다.
검품 승인 이후 4.4항의 환불 소요 기간이 지나도 반영되지 않은 경우, 결제 수단과 반품 승인일을 확인한 뒤 고객센터로 문의해야 합니다.
부분 환불(일부 품목만 반품 등)의 경우 환불 금액이 전체 결제 금액과 다를 수 있으므로, 반품 접수 시 안내된 예상 환불 금액을 우선 확인합니다.
TIP
환불 조회 관련 팁 (RAG 응답 기준)
""환불 언제 되나요""라는 문의는 먼저 [마이페이지] 조회 경로를 안내하고, 4.4항의 결제 수단별 소요 기간 이내인지 확인한 뒤, 소요 기간을 초과한 경우에만 고객센터 개별 확인으로
연결합니다.

[정책 문서 3: 전자상거래_표준약관.pdf]
제3조 (약관 등의 명시와 설명 및 개정)

① “몰”은 이 약관의 내용과 상호 및 대표자 성명, 영업소 소재지 주소(소비자의
불만을 처리할 수 있는 곳의 주소를 포함), 전화번호 ․ 모사전송번호 ․ 전자우편주
소, 사업자등록번호, 통신판매업 신고번호, 개인정보관리책임자등을 이용자가
쉽게 알 수 있도록 00 사이버몰의 초기 서비스화면(전면)에 게시합니다. 다만,
약관의 내용은 이용자가 연결화면을 통하여 볼 수 있도록 할 수 있습니다.
② “몰은 이용자가 약관에 동의하기에 앞서 약관에 정하여져 있는 내용 중 청약철
회 ․ 배송책임 ․ 환불조건 등과 같은 중요한 내용을 이용자가 이해할 수 있도록 별
도의 연결화면 또는 팝업화면 등을 제공하여 이용자의 확인을 구하여야 합니다.",12.2176
243,결제,청구서 확인,청구서 37777을 잠깐 살펴보아야 합니다.,청구서 해당 번호({{transaction_id}})의 청구서를 잠시 살펴보고 싶다는 고객님의 의견을 확인했습니다. 청구서를 찾는 데 도움이 되도록 날짜 범위나 청구서와 관련된 특정 키워드 등 추가 세부정보를 제공해 주실 수 있나요?,"[""고객님의 청구서를 찾고 액세스하는 데 도움이 될 수 있는 고객님의 계정 세부정보나 추가 정보를 제공해 주실 수 있나요?"", ""이 법안과 관련된 세부정보나 추가 맥락을 제공해 주실 수 있나요? 이를 통해 제가 고객님을 보다 효과적으로 지원하고 성공적인 해결을 보장할 수 있습니다.""]","[정책 문서 1: 쇼핑몰 이용약관 및 운영정책.pdf]
2.3 청구서(영수증·세금계산서) 발급
현금영수증: 결제 완료 시 등록된 휴대폰번호로 지출증빙용 또는 소득공제용 현금영수증이 자동 발행됩니다. 발급 정보는 [마이페이지 > 주문내역 > 영수증 조회]에서 확인
가능합니다.
전자세금계산서: 사업자 회원이 세금계산서 발급을 요청하는 경우, 사업자등록번호·상호·담당자 이메일을 정확히 입력해야 하며 구매 확정 후 발급됩니다.
재발급: 영수증/세금계산서 재발급은 [마이페이지]에서 즉시 재출력이 가능하며, 정보 오류(사업자번호 등)로 인한 정정 발급은 고객센터를 통해 신청해야 합니다.
TIP
청구서 관련 팁 (RAG 응답 기준)
""영수증을 못 받았어요""라는 문의는 먼저 현금영수증(개인) vs 전자세금계산서(사업자) 중 어떤 것이 필요한지 확인한 뒤, 발급 경로를 안내합니다. 세금계산서 발급 정보 오류는 마
이페이지 자체 수정이 아닌 고객센터 정정 신청 대상임을 명확히 안내합니다.

[정책 문서 2: 쇼핑몰 이용약관 및 운영정책.pdf]
금액·기간 등 수치 정보는 원문 그대로 정확히 인용하고, 임의로 추정하지 않습니다.
법정대리인 동의, 분쟁조정 등 법적 절차가 필요한 문의는 최종 처리 결과를 단정하지 말고 ""확인 후 안내드리겠습니다"" 형태로 고객센터 상담 연결을 병행 안내합니
다.

[정책 문서 3: 쇼핑몰 이용약관 및 운영정책.pdf]
4.5 환불 진행 상황 조회 방법
[마이페이지 > 주문내역 > 환불/취소 내역]에서 처리 단계(반품 접수 → 입고 확인 → 검품 승인 → 환불 처리 완료)를 실시간으로 확인할 수 있습니다.
검품 승인 이후 4.4항의 환불 소요 기간이 지나도 반영되지 않은 경우, 결제 수단과 반품 승인일을 확인한 뒤 고객센터로 문의해야 합니다.
부분 환불(일부 품목만 반품 등)의 경우 환불 금액이 전체 결제 금액과 다를 수 있으므로, 반품 접수 시 안내된 예상 환불 금액을 우선 확인합니다.
TIP
환불 조회 관련 팁 (RAG 응답 기준)
""환불 언제 되나요""라는 문의는 먼저 [마이페이지] 조회 경로를 안내하고, 4.4항의 결제 수단별 소요 기간 이내인지 확인한 뒤, 소요 기간을 초과한 경우에만 고객센터 개별 확인으로
연결합니다.",11.4667
244,결제,청구서 확인,{{name}}의 송장 참조,송장을 찾는 데 도움이 되도록 송장 번호나 기타 관련 정보를 제공해 주실 수 있나요?,"[""{{name}}의 청구서를 확인하고 싶어해주셔서 진심으로 감사드립니다. 날짜 범위나 특정 송장 번호와 같은 추가 세부정보를 알려주실 수 있나요? 이 정보를 통해 제가 고객님을 더욱 효과적으로 지원할 수 있을 것입니다. 고객 만족을 보장하기 위해 모든 단계를 안내해 드리겠습니다."", ""해당 송장을 찾는 데 도움을 드리겠습니다. 송장 번호, 날짜 범위 또는 기타 관련 정보와 같은 구체적인 세부 정보를 제공해 주실 수 있나요? 그러면 제가 고객님을 대신해 청구서를 신속하게 검색하고 원활한 절차를 보장할 수 있습니다."", ""고객님께서 {{name}}의 청구서를 보려고 하시는 것으로 확인되었습니다. 이 문제를 해결하는 데 도움이 되도록 청구서 번호나 청구서 날짜 범위 등 추가 정보를 제공해 주시기 바랍니다."", ""{{name}}의 청구서를 보고 싶다는 점을 확인했습니다. 이에 대한 도움을 받으려면 당사 웹사이트에서 고객님의 계정에 액세스하는 것이 좋습니다. 로그인한 후 [송장] 섹션으로 이동하면 {{name}}와 관련된 송장을 보고 다운로드할 수 있습니다.""]","[정책 문서 1: 쇼핑몰 이용약관 및 운영정책.pdf]
6.2 배송 기간 및 배송 조회
평균 배송 기간: 결제 완료(입금 확인) 기준 영업일 2~4일 이내 발송을 원칙으로 하며, 발송 후 1~3일 내 수령이 일반적입니다.
배송 조회: 상품 발송 시 등록된 연락처로 송장번호가 자동 발송되며, [마이페이지 > 주문내역 > 배송조회]에서 실시간 확인이 가능합니다.
배송 지연 안내: 천재지변, 물류사 파업, 명절 성수기 등 회사의 통제 범위를 벗어난 사유로 배송이 지연될 경우, 사전 공지 후 예상 지연 기간을 안내합니다.

6.3 배송 사고 처리 (분실/파손)
배송 중 분실: 택배사 배송 조회 상 '배송완료'로 표시되었으나 고객이 미수령한 경우, 고객센터와 택배사 공동 조사를 진행하며 조사 결과에 따라 재발송 또는 환불이 결정
됩니다.
파손 수령: 상품 수령 시 박스나 상품이 파손된 경우, 개봉 전 상태를 사진으로 촬영해 두어야 원활한 보상 처리가 가능하며, 수령 후 7일 이내 고객센터로 신고해야 합니다.

[정책 문서 2: 전자상거래_표준약관.pdf]
제3조 (약관 등의 명시와 설명 및 개정)

① “몰”은 이 약관의 내용과 상호 및 대표자 성명, 영업소 소재지 주소(소비자의
불만을 처리할 수 있는 곳의 주소를 포함), 전화번호 ․ 모사전송번호 ․ 전자우편주
소, 사업자등록번호, 통신판매업 신고번호, 개인정보관리책임자등을 이용자가
쉽게 알 수 있도록 00 사이버몰의 초기 서비스화면(전면)에 게시합니다. 다만,
약관의 내용은 이용자가 연결화면을 통하여 볼 수 있도록 할 수 있습니다.
② “몰은 이용자가 약관에 동의하기에 앞서 약관에 정하여져 있는 내용 중 청약철
회 ․ 배송책임 ․ 환불조건 등과 같은 중요한 내용을 이용자가 이해할 수 있도록 별
도의 연결화면 또는 팝업화면 등을 제공하여 이용자의 확인을 구하여야 합니다.

[정책 문서 3: 쇼핑몰 이용약관 및 운영정책.pdf]
7.3 배송지(주소록) 관리
배송지 등록: [마이페이지 > 배송지 관리]에서 여러 개의 배송지를 등록해 두고 주문 시 선택할 수 있으며, 기본 배송지 지정이 가능합니다.
배송지 설정 오류: 도로명주소 검색 오류, 상세주소 미입력 등으로 저장이 되지 않는 경우, 브라우저 캐시 삭제 또는 앱 최신 버전 업데이트 후 재시도를 안내합니다.
등록 가능 개수: 배송지는 최대 30개까지 등록 가능하며, 초과 시 기존 배송지를 삭제한 후 등록해야 합니다.
TIP
배송지 설정 관련 팁 (RAG 응답 기준)
""배송지 설정이 안 돼요""라는 오류 문의는 결제 단계의 배송지 변경(1.2항)과는 다른, 마이페이지 주소록 자체의 저장 오류이므로 구분해서 안내합니다.

8. 쿠폰 및 적립금 정책 (Coupon & Reward Policy)",8.7635
245,결제,청구서 확인,청구서 85632를 잠깐 살펴보는 데 도움이 필요합니다,번호 {{transaction_id}}가 포함된 청구서를 확인하는 데 도움이 필요하다는 것을 확인했습니다. 청구서를 찾으려면 당사 웹사이트에서 고객님의 계정에 로그인한 후 [청구] 또는 [청구서] 섹션으로 이동해 주세요. 여기에서 청구서를 보고 다운로드할 수 있는 옵션을 찾을 수 있습니다.,"[""계속 진행하려면 고객 이름이나 이 청구서와 관련된 특정 날짜 등 추가 세부정보를 제공해 주실 수 있나요?""]","[정책 문서 1: 쇼핑몰 이용약관 및 운영정책.pdf]
2.3 청구서(영수증·세금계산서) 발급
현금영수증: 결제 완료 시 등록된 휴대폰번호로 지출증빙용 또는 소득공제용 현금영수증이 자동 발행됩니다. 발급 정보는 [마이페이지 > 주문내역 > 영수증 조회]에서 확인
가능합니다.
전자세금계산서: 사업자 회원이 세금계산서 발급을 요청하는 경우, 사업자등록번호·상호·담당자 이메일을 정확히 입력해야 하며 구매 확정 후 발급됩니다.
재발급: 영수증/세금계산서 재발급은 [마이페이지]에서 즉시 재출력이 가능하며, 정보 오류(사업자번호 등)로 인한 정정 발급은 고객센터를 통해 신청해야 합니다.
TIP
청구서 관련 팁 (RAG 응답 기준)
""영수증을 못 받았어요""라는 문의는 먼저 현금영수증(개인) vs 전자세금계산서(사업자) 중 어떤 것이 필요한지 확인한 뒤, 발급 경로를 안내합니다. 세금계산서 발급 정보 오류는 마
이페이지 자체 수정이 아닌 고객센터 정정 신청 대상임을 명확히 안내합니다.

[정책 문서 2: 쇼핑몰 이용약관 및 운영정책.pdf]
금액·기간 등 수치 정보는 원문 그대로 정확히 인용하고, 임의로 추정하지 않습니다.
법정대리인 동의, 분쟁조정 등 법적 절차가 필요한 문의는 최종 처리 결과를 단정하지 말고 ""확인 후 안내드리겠습니다"" 형태로 고객센터 상담 연결을 병행 안내합니
다.

[정책 문서 3: 쇼핑몰 이용약관 및 운영정책.pdf]
TIP
결제 오류 관련 팁 (RAG 응답 기준)
""결제가 안 돼요""라는 문의는 먼저 실제 결제/주문 완료 여부부터 확인하도록 안내하고, 이중 결제가 의심되는 경우 임의로 환불을 약속하지 말고 승인 내역 확인 절차부터 안내합니
다.",13.4862
246,결제,청구서 확인,{{name}}의 청구서를 볼 수 있나요?,청구서를 찾으려면 당사 웹사이트에서 고객님의 계정에 로그인하고 [청구] 또는 [청구서] 섹션으로 이동해 주세요. 여기에서 {{name}}와 관련된 청구서를 보고 다운로드할 수 있습니다.,"[""확인하고 싶은 청구서에 대한 기간를 제공해 주실 수 있나요? 이 정보를 통해 관련 청구서를 신속하게 찾아 고객님께 제시할 수 있습니다. 고객님의 경험을 최대한 원활하게 도와드리겠습니다."", ""날짜 범위나 송장 번호 등 관련 세부정보를 제공해 주실 수 있나요?"", ""저는 {{name}}의 청구서를 보는 데 도와드리겠습니다. 필요한 특정 정보를 제공하기 위해 기간 또는 기타 관련 세부 정보를 제공해 주실 수 있나요? 질문이 있거나 진행 중에 발생할 수 있는 우려 사항을 공유해 주시기 바랍니다. 함께하면 쉽고 효율적으로 필요한 정보를 찾을 수 있습니다.""]","[정책 문서 1: 쇼핑몰 이용약관 및 운영정책.pdf]
2.3 청구서(영수증·세금계산서) 발급
현금영수증: 결제 완료 시 등록된 휴대폰번호로 지출증빙용 또는 소득공제용 현금영수증이 자동 발행됩니다. 발급 정보는 [마이페이지 > 주문내역 > 영수증 조회]에서 확인
가능합니다.
전자세금계산서: 사업자 회원이 세금계산서 발급을 요청하는 경우, 사업자등록번호·상호·담당자 이메일을 정확히 입력해야 하며 구매 확정 후 발급됩니다.
재발급: 영수증/세금계산서 재발급은 [마이페이지]에서 즉시 재출력이 가능하며, 정보 오류(사업자번호 등)로 인한 정정 발급은 고객센터를 통해 신청해야 합니다.
TIP
청구서 관련 팁 (RAG 응답 기준)
""영수증을 못 받았어요""라는 문의는 먼저 현금영수증(개인) vs 전자세금계산서(사업자) 중 어떤 것이 필요한지 확인한 뒤, 발급 경로를 안내합니다. 세금계산서 발급 정보 오류는 마
이페이지 자체 수정이 아닌 고객센터 정정 신청 대상임을 명확히 안내합니다.

[정책 문서 2: 전자상거래_표준약관.pdf]
제3조 (약관 등의 명시와 설명 및 개정)

① “몰”은 이 약관의 내용과 상호 및 대표자 성명, 영업소 소재지 주소(소비자의
불만을 처리할 수 있는 곳의 주소를 포함), 전화번호 ․ 모사전송번호 ․ 전자우편주
소, 사업자등록번호, 통신판매업 신고번호, 개인정보관리책임자등을 이용자가
쉽게 알 수 있도록 00 사이버몰의 초기 서비스화면(전면)에 게시합니다. 다만,
약관의 내용은 이용자가 연결화면을 통하여 볼 수 있도록 할 수 있습니다.
② “몰은 이용자가 약관에 동의하기에 앞서 약관에 정하여져 있는 내용 중 청약철
회 ․ 배송책임 ․ 환불조건 등과 같은 중요한 내용을 이용자가 이해할 수 있도록 별
도의 연결화면 또는 팝업화면 등을 제공하여 이용자의 확인을 구하여야 합니다.

[정책 문서 3: 쇼핑몰 이용약관 및 운영정책.pdf]
4.5 환불 진행 상황 조회 방법
[마이페이지 > 주문내역 > 환불/취소 내역]에서 처리 단계(반품 접수 → 입고 확인 → 검품 승인 → 환불 처리 완료)를 실시간으로 확인할 수 있습니다.
검품 승인 이후 4.4항의 환불 소요 기간이 지나도 반영되지 않은 경우, 결제 수단과 반품 승인일을 확인한 뒤 고객센터로 문의해야 합니다.
부분 환불(일부 품목만 반품 등)의 경우 환불 금액이 전체 결제 금액과 다를 수 있으므로, 반품 접수 시 안내된 예상 환불 금액을 우선 확인합니다.
TIP
환불 조회 관련 팁 (RAG 응답 기준)
""환불 언제 되나요""라는 문의는 먼저 [마이페이지] 조회 경로를 안내하고, 4.4항의 결제 수단별 소요 기간 이내인지 확인한 뒤, 소요 기간을 초과한 경우에만 고객센터 개별 확인으로
연결합니다.",11.7601
247,결제,청구서 확인,{{name}}에서 청구서를 찾고 싶습니다. 도움이 필요합니다.,청구서를 찾는 데 도움이 되도록 날짜 범위나 청구서와 관련된 특정 정보 등 추가 세부정보를 제공해 주실 수 있나요?,"[""제가 고객님과 함께 있습니다. {{name}}와 관련된 송장을 찾아 확인해야 합니다. 청구서 정보를 검색하는 것은 필수적이며, 제가 그 과정을 안내해 드리겠습니다. 더 나은 지원을 위해 날짜 범위나 청구서와 관련된 특정 키워드 등 추가 세부정보를 알려주실 수 있나요? 이 정보는 검색 범위를 좁히고 더 정확한 결과를 제공하는 데 도움이 됩니다. 저는 고객님이 청구서를 성공적으로 찾는 데 필요한 지원을 받을 수 있도록 최선을 다하고 있습니다.""]","[정책 문서 1: 쇼핑몰 이용약관 및 운영정책.pdf]
2.3 청구서(영수증·세금계산서) 발급
현금영수증: 결제 완료 시 등록된 휴대폰번호로 지출증빙용 또는 소득공제용 현금영수증이 자동 발행됩니다. 발급 정보는 [마이페이지 > 주문내역 > 영수증 조회]에서 확인
가능합니다.
전자세금계산서: 사업자 회원이 세금계산서 발급을 요청하는 경우, 사업자등록번호·상호·담당자 이메일을 정확히 입력해야 하며 구매 확정 후 발급됩니다.
재발급: 영수증/세금계산서 재발급은 [마이페이지]에서 즉시 재출력이 가능하며, 정보 오류(사업자번호 등)로 인한 정정 발급은 고객센터를 통해 신청해야 합니다.
TIP
청구서 관련 팁 (RAG 응답 기준)
""영수증을 못 받았어요""라는 문의는 먼저 현금영수증(개인) vs 전자세금계산서(사업자) 중 어떤 것이 필요한지 확인한 뒤, 발급 경로를 안내합니다. 세금계산서 발급 정보 오류는 마
이페이지 자체 수정이 아닌 고객센터 정정 신청 대상임을 명확히 안내합니다.

[정책 문서 2: 전자상거래_표준약관.pdf]
제3조 (약관 등의 명시와 설명 및 개정)

① “몰”은 이 약관의 내용과 상호 및 대표자 성명, 영업소 소재지 주소(소비자의
불만을 처리할 수 있는 곳의 주소를 포함), 전화번호 ․ 모사전송번호 ․ 전자우편주
소, 사업자등록번호, 통신판매업 신고번호, 개인정보관리책임자등을 이용자가
쉽게 알 수 있도록 00 사이버몰의 초기 서비스화면(전면)에 게시합니다. 다만,
약관의 내용은 이용자가 연결화면을 통하여 볼 수 있도록 할 수 있습니다.
② “몰은 이용자가 약관에 동의하기에 앞서 약관에 정하여져 있는 내용 중 청약철
회 ․ 배송책임 ․ 환불조건 등과 같은 중요한 내용을 이용자가 이해할 수 있도록 별
도의 연결화면 또는 팝업화면 등을 제공하여 이용자의 확인을 구하여야 합니다.

[정책 문서 3: 쇼핑몰 이용약관 및 운영정책.pdf]
12.2 문의 채널
1:1 채팅 상담: 앱/웹 하단 [고객센터] 메뉴에서 실시간 상담 가능 (운영시간 내)
대표 전화: 상품 페이지 및 마이페이지 하단에 안내된 대표번호로 연결
이메일 문의: 운영시간 외 문의는 이메일로 접수 시 순차 확인 후 회신",8.7967
248,결제,청구서 확인,{{name}}에서 청구서를 찾으려면 어떻게 해야 할지 모르겠어요,청구서를 찾으려면 당사 웹사이트에서 고객님의 계정에 로그인하고 [청구] 또는 [청구서] 섹션으로 이동해 주세요. 여기에서 {{name}}와 관련된 청구서를 보고 다운로드할 수 있습니다.,"[""과정을 단계별로 안내해 드리겠습니다. 청구서를 찾으려면 다음 지침을 따라 주세요. 1. 당사 웹사이트에서 고객님의 계정에 로그인해 주세요. 2. [청구] 또는 [청구서] 섹션으로 이동해 주세요. 3. [청구서 보기] 또는 [청구 내역]이라고 표시된 탭이나 링크를 찾아 주세요. 4. 날짜 범위, 고객 이름 등 필요한 검색 필터를 입력해 주세요. 5. {{name}}와 연관된 청구서를 찾아 주세요. 여기에는 청구서 번호 또는 고객 ID가 포함될 수 있습니다. 6. 청구서를 클릭하여 세부 정보를 확인하고 필요한 경우 사본을 다운로드하거나 인쇄해 주세요. 여전히 청구서를 찾는 데 어려움이 있는 경우 청구서 번호나 추가 세부정보를 제공해 주시면 도와드리겠습니다.""]","[정책 문서 1: 쇼핑몰 이용약관 및 운영정책.pdf]
2.3 청구서(영수증·세금계산서) 발급
현금영수증: 결제 완료 시 등록된 휴대폰번호로 지출증빙용 또는 소득공제용 현금영수증이 자동 발행됩니다. 발급 정보는 [마이페이지 > 주문내역 > 영수증 조회]에서 확인
가능합니다.
전자세금계산서: 사업자 회원이 세금계산서 발급을 요청하는 경우, 사업자등록번호·상호·담당자 이메일을 정확히 입력해야 하며 구매 확정 후 발급됩니다.
재발급: 영수증/세금계산서 재발급은 [마이페이지]에서 즉시 재출력이 가능하며, 정보 오류(사업자번호 등)로 인한 정정 발급은 고객센터를 통해 신청해야 합니다.
TIP
청구서 관련 팁 (RAG 응답 기준)
""영수증을 못 받았어요""라는 문의는 먼저 현금영수증(개인) vs 전자세금계산서(사업자) 중 어떤 것이 필요한지 확인한 뒤, 발급 경로를 안내합니다. 세금계산서 발급 정보 오류는 마
이페이지 자체 수정이 아닌 고객센터 정정 신청 대상임을 명확히 안내합니다.

[정책 문서 2: 전자상거래_표준약관.pdf]
제3조 (약관 등의 명시와 설명 및 개정)

① “몰”은 이 약관의 내용과 상호 및 대표자 성명, 영업소 소재지 주소(소비자의
불만을 처리할 수 있는 곳의 주소를 포함), 전화번호 ․ 모사전송번호 ․ 전자우편주
소, 사업자등록번호, 통신판매업 신고번호, 개인정보관리책임자등을 이용자가
쉽게 알 수 있도록 00 사이버몰의 초기 서비스화면(전면)에 게시합니다. 다만,
약관의 내용은 이용자가 연결화면을 통하여 볼 수 있도록 할 수 있습니다.
② “몰은 이용자가 약관에 동의하기에 앞서 약관에 정하여져 있는 내용 중 청약철
회 ․ 배송책임 ․ 환불조건 등과 같은 중요한 내용을 이용자가 이해할 수 있도록 별
도의 연결화면 또는 팝업화면 등을 제공하여 이용자의 확인을 구하여야 합니다.

[정책 문서 3: 쇼핑몰 이용약관 및 운영정책.pdf]
4.5 환불 진행 상황 조회 방법
[마이페이지 > 주문내역 > 환불/취소 내역]에서 처리 단계(반품 접수 → 입고 확인 → 검품 승인 → 환불 처리 완료)를 실시간으로 확인할 수 있습니다.
검품 승인 이후 4.4항의 환불 소요 기간이 지나도 반영되지 않은 경우, 결제 수단과 반품 승인일을 확인한 뒤 고객센터로 문의해야 합니다.
부분 환불(일부 품목만 반품 등)의 경우 환불 금액이 전체 결제 금액과 다를 수 있으므로, 반품 접수 시 안내된 예상 환불 금액을 우선 확인합니다.
TIP
환불 조회 관련 팁 (RAG 응답 기준)
""환불 언제 되나요""라는 문의는 먼저 [마이페이지] 조회 경로를 안내하고, 4.4항의 결제 수단별 소요 기간 이내인지 확인한 뒤, 소요 기간을 초과한 경우에만 고객센터 개별 확인으로
연결합니다.",12.3898
249,결제,청구서 확인,{{name}}에서 청구서를 확인할 수 있는 곳,청구서를 확인하려면 당사 웹사이트에서 고객님의 계정에 로그인한 후 [청구] 또는 [청구서] 섹션으로 이동해 주세요. 여기에서 {{name}}와 관련된 청구서를 보고 다운로드할 수 있습니다.,"[""저도 같은 생각입니다. {{name}} 고객님의 청구서를 확인할 수 있는 곳을 찾아야 합니다. 청구서에 액세스하려면 당사 웹사이트에서 고객님의 계정에 로그인한 후 [청구] 또는 [청구서] 섹션으로 이동해 주세요. 여기에서 참고용으로 청구서를 확인하고 다운로드할 수 있습니다.""]","[정책 문서 1: 쇼핑몰 이용약관 및 운영정책.pdf]
2.3 청구서(영수증·세금계산서) 발급
현금영수증: 결제 완료 시 등록된 휴대폰번호로 지출증빙용 또는 소득공제용 현금영수증이 자동 발행됩니다. 발급 정보는 [마이페이지 > 주문내역 > 영수증 조회]에서 확인
가능합니다.
전자세금계산서: 사업자 회원이 세금계산서 발급을 요청하는 경우, 사업자등록번호·상호·담당자 이메일을 정확히 입력해야 하며 구매 확정 후 발급됩니다.
재발급: 영수증/세금계산서 재발급은 [마이페이지]에서 즉시 재출력이 가능하며, 정보 오류(사업자번호 등)로 인한 정정 발급은 고객센터를 통해 신청해야 합니다.
TIP
청구서 관련 팁 (RAG 응답 기준)
""영수증을 못 받았어요""라는 문의는 먼저 현금영수증(개인) vs 전자세금계산서(사업자) 중 어떤 것이 필요한지 확인한 뒤, 발급 경로를 안내합니다. 세금계산서 발급 정보 오류는 마
이페이지 자체 수정이 아닌 고객센터 정정 신청 대상임을 명확히 안내합니다.

[정책 문서 2: 전자상거래_표준약관.pdf]
제3조 (약관 등의 명시와 설명 및 개정)

① “몰”은 이 약관의 내용과 상호 및 대표자 성명, 영업소 소재지 주소(소비자의
불만을 처리할 수 있는 곳의 주소를 포함), 전화번호 ․ 모사전송번호 ․ 전자우편주
소, 사업자등록번호, 통신판매업 신고번호, 개인정보관리책임자등을 이용자가
쉽게 알 수 있도록 00 사이버몰의 초기 서비스화면(전면)에 게시합니다. 다만,
약관의 내용은 이용자가 연결화면을 통하여 볼 수 있도록 할 수 있습니다.
② “몰은 이용자가 약관에 동의하기에 앞서 약관에 정하여져 있는 내용 중 청약철
회 ․ 배송책임 ․ 환불조건 등과 같은 중요한 내용을 이용자가 이해할 수 있도록 별
도의 연결화면 또는 팝업화면 등을 제공하여 이용자의 확인을 구하여야 합니다.

[정책 문서 3: 쇼핑몰 이용약관 및 운영정책.pdf]
4.5 환불 진행 상황 조회 방법
[마이페이지 > 주문내역 > 환불/취소 내역]에서 처리 단계(반품 접수 → 입고 확인 → 검품 승인 → 환불 처리 완료)를 실시간으로 확인할 수 있습니다.
검품 승인 이후 4.4항의 환불 소요 기간이 지나도 반영되지 않은 경우, 결제 수단과 반품 승인일을 확인한 뒤 고객센터로 문의해야 합니다.
부분 환불(일부 품목만 반품 등)의 경우 환불 금액이 전체 결제 금액과 다를 수 있으므로, 반품 접수 시 안내된 예상 환불 금액을 우선 확인합니다.
TIP
환불 조회 관련 팁 (RAG 응답 기준)
""환불 언제 되나요""라는 문의는 먼저 [마이페이지] 조회 경로를 안내하고, 4.4항의 결제 수단별 소요 기간 이내인지 확인한 뒤, 소요 기간을 초과한 경우에만 고객센터 개별 확인으로
연결합니다.",12.4332
250,결제,청구서 확인,{{name}}에서 보낸 청구서를 확인하는 데 도움을 주실 수 있나요?,청구서를 찾는 데 도움이 되도록 날짜 범위나 청구서와 관련된 특정 세부정보 등 추가 정보를 제공해 주실 수 있나요?,"[""저는 이곳에서의 저희의 연결을 진심으로 소중하게 생각합니다. {{name}}와 관련된 청구서를 확인하려는 고객님의 진정한 욕구를 인식하면서 재무 기록에 대한 명확한 개요를 갖는 것이 얼마나 중요한지 상기시켜 드립니다. 기간 또는 확인하고 싶은 송장과 관련된 구체적인 세부정보를 알려주실 수 있나요?""]","[정책 문서 1: 쇼핑몰 이용약관 및 운영정책.pdf]
2.3 청구서(영수증·세금계산서) 발급
현금영수증: 결제 완료 시 등록된 휴대폰번호로 지출증빙용 또는 소득공제용 현금영수증이 자동 발행됩니다. 발급 정보는 [마이페이지 > 주문내역 > 영수증 조회]에서 확인
가능합니다.
전자세금계산서: 사업자 회원이 세금계산서 발급을 요청하는 경우, 사업자등록번호·상호·담당자 이메일을 정확히 입력해야 하며 구매 확정 후 발급됩니다.
재발급: 영수증/세금계산서 재발급은 [마이페이지]에서 즉시 재출력이 가능하며, 정보 오류(사업자번호 등)로 인한 정정 발급은 고객센터를 통해 신청해야 합니다.
TIP
청구서 관련 팁 (RAG 응답 기준)
""영수증을 못 받았어요""라는 문의는 먼저 현금영수증(개인) vs 전자세금계산서(사업자) 중 어떤 것이 필요한지 확인한 뒤, 발급 경로를 안내합니다. 세금계산서 발급 정보 오류는 마
이페이지 자체 수정이 아닌 고객센터 정정 신청 대상임을 명확히 안내합니다.

[정책 문서 2: 쇼핑몰 이용약관 및 운영정책.pdf]
4.5 환불 진행 상황 조회 방법
[마이페이지 > 주문내역 > 환불/취소 내역]에서 처리 단계(반품 접수 → 입고 확인 → 검품 승인 → 환불 처리 완료)를 실시간으로 확인할 수 있습니다.
검품 승인 이후 4.4항의 환불 소요 기간이 지나도 반영되지 않은 경우, 결제 수단과 반품 승인일을 확인한 뒤 고객센터로 문의해야 합니다.
부분 환불(일부 품목만 반품 등)의 경우 환불 금액이 전체 결제 금액과 다를 수 있으므로, 반품 접수 시 안내된 예상 환불 금액을 우선 확인합니다.
TIP
환불 조회 관련 팁 (RAG 응답 기준)
""환불 언제 되나요""라는 문의는 먼저 [마이페이지] 조회 경로를 안내하고, 4.4항의 결제 수단별 소요 기간 이내인지 확인한 뒤, 소요 기간을 초과한 경우에만 고객센터 개별 확인으로
연결합니다.

[정책 문서 3: 쇼핑몰 이용약관 및 운영정책.pdf]
금액·기간 등 수치 정보는 원문 그대로 정확히 인용하고, 임의로 추정하지 않습니다.
법정대리인 동의, 분쟁조정 등 법적 절차가 필요한 문의는 최종 처리 결과를 단정하지 말고 ""확인 후 안내드리겠습니다"" 형태로 고객센터 상담 연결을 병행 안내합니
다.",8.3584
251,결제,청구서 확인,{{name}}에서 보낸 청구서를 어떻게 볼 수 있는지 모르겠어요,청구서를 보려면 당사 웹사이트에서 고객님의 계정에 로그인한 후 [청구] 또는 [청구서] 섹션으로 이동해 주세요. 여기에서 {{name}}와 관련된 청구서를 보고 다운로드할 수 있습니다.,"[""{{name}} 고객님의 청구서를 확인하는 단계에 대해 확신이 없으신 것으로 확인되었습니다. 원활한 경험을 보장하기 위해 절차를 안내해 드리겠습니다. 시작하려면 당사 웹사이트나 모바일 앱에서 고객님의 계정에 로그인해 주세요. 로그인한 후 [청구] 또는 [계정] 섹션으로 이동하면 [청구서] 또는 '청구서'라는 라벨이 붙은 탭이나 링크를 찾을 수 있습니다. 이 탭을 클릭하면 모든 청구서에 액세스할 수 있습니다. 날짜 범위, 계좌 번호 또는 송장 번호와 같은 관련 검색 필터를 입력하여 {{name}}와 관련된 특정 송장을 찾아 주세요. 여전히 어려움을 겪고 계신다면, 당사 고객센터가 항상 추가 도움을 드릴 준비가 되어 있습니다. 02-1577-1577로 전화하거나 당사 웹사이트의 채팅을 통해 언제든지 연락해 주세요.""]","[정책 문서 1: 쇼핑몰 이용약관 및 운영정책.pdf]
2.3 청구서(영수증·세금계산서) 발급
현금영수증: 결제 완료 시 등록된 휴대폰번호로 지출증빙용 또는 소득공제용 현금영수증이 자동 발행됩니다. 발급 정보는 [마이페이지 > 주문내역 > 영수증 조회]에서 확인
가능합니다.
전자세금계산서: 사업자 회원이 세금계산서 발급을 요청하는 경우, 사업자등록번호·상호·담당자 이메일을 정확히 입력해야 하며 구매 확정 후 발급됩니다.
재발급: 영수증/세금계산서 재발급은 [마이페이지]에서 즉시 재출력이 가능하며, 정보 오류(사업자번호 등)로 인한 정정 발급은 고객센터를 통해 신청해야 합니다.
TIP
청구서 관련 팁 (RAG 응답 기준)
""영수증을 못 받았어요""라는 문의는 먼저 현금영수증(개인) vs 전자세금계산서(사업자) 중 어떤 것이 필요한지 확인한 뒤, 발급 경로를 안내합니다. 세금계산서 발급 정보 오류는 마
이페이지 자체 수정이 아닌 고객센터 정정 신청 대상임을 명확히 안내합니다.

[정책 문서 2: 전자상거래_표준약관.pdf]
제3조 (약관 등의 명시와 설명 및 개정)

① “몰”은 이 약관의 내용과 상호 및 대표자 성명, 영업소 소재지 주소(소비자의
불만을 처리할 수 있는 곳의 주소를 포함), 전화번호 ․ 모사전송번호 ․ 전자우편주
소, 사업자등록번호, 통신판매업 신고번호, 개인정보관리책임자등을 이용자가
쉽게 알 수 있도록 00 사이버몰의 초기 서비스화면(전면)에 게시합니다. 다만,
약관의 내용은 이용자가 연결화면을 통하여 볼 수 있도록 할 수 있습니다.
② “몰은 이용자가 약관에 동의하기에 앞서 약관에 정하여져 있는 내용 중 청약철
회 ․ 배송책임 ․ 환불조건 등과 같은 중요한 내용을 이용자가 이해할 수 있도록 별
도의 연결화면 또는 팝업화면 등을 제공하여 이용자의 확인을 구하여야 합니다.

[정책 문서 3: 쇼핑몰 이용약관 및 운영정책.pdf]
4.5 환불 진행 상황 조회 방법
[마이페이지 > 주문내역 > 환불/취소 내역]에서 처리 단계(반품 접수 → 입고 확인 → 검품 승인 → 환불 처리 완료)를 실시간으로 확인할 수 있습니다.
검품 승인 이후 4.4항의 환불 소요 기간이 지나도 반영되지 않은 경우, 결제 수단과 반품 승인일을 확인한 뒤 고객센터로 문의해야 합니다.
부분 환불(일부 품목만 반품 등)의 경우 환불 금액이 전체 결제 금액과 다를 수 있으므로, 반품 접수 시 안내된 예상 환불 금액을 우선 확인합니다.
TIP
환불 조회 관련 팁 (RAG 응답 기준)
""환불 언제 되나요""라는 문의는 먼저 [마이페이지] 조회 경로를 안내하고, 4.4항의 결제 수단별 소요 기간 이내인지 확인한 뒤, 소요 기간을 초과한 경우에만 고객센터 개별 확인으로
연결합니다.",12.3953
252,결제,청구서 확인,청구서를 확인하려면 어떻게 해야 하나요 00108,번호 {{transaction_id}}로 청구서를 확인하는 데 도움이 필요하다는 것을 확인했습니다. 청구서를 확인하려면 당사 웹사이트에서 고객님의 계정에 로그인한 후 [청구] 또는 [청구서] 섹션으로 이동해 주세요. 여기에서 청구서를 보고 다운로드할 수 있는 옵션을 찾을 수 있습니다.,"[""번호 {{transaction_id}}로 청구서를 확인하는 절차에 대해 문의해 주셔서 감사합니다. 추가 지원을 위해 몇 가지 추가 정보를 제공해 주실 수 있나요? 구체적으로 온라인 포털이나 모바일 애플리케이션 등 청구서에 액세스하기 위해 일반적으로 사용하는 플랫폼이나 방법을 알려주세요. 고객님의 의견은 더 나은 경험을 제공하는 데 도움이 됩니다.""]","[정책 문서 1: 쇼핑몰 이용약관 및 운영정책.pdf]
2.3 청구서(영수증·세금계산서) 발급
현금영수증: 결제 완료 시 등록된 휴대폰번호로 지출증빙용 또는 소득공제용 현금영수증이 자동 발행됩니다. 발급 정보는 [마이페이지 > 주문내역 > 영수증 조회]에서 확인
가능합니다.
전자세금계산서: 사업자 회원이 세금계산서 발급을 요청하는 경우, 사업자등록번호·상호·담당자 이메일을 정확히 입력해야 하며 구매 확정 후 발급됩니다.
재발급: 영수증/세금계산서 재발급은 [마이페이지]에서 즉시 재출력이 가능하며, 정보 오류(사업자번호 등)로 인한 정정 발급은 고객센터를 통해 신청해야 합니다.
TIP
청구서 관련 팁 (RAG 응답 기준)
""영수증을 못 받았어요""라는 문의는 먼저 현금영수증(개인) vs 전자세금계산서(사업자) 중 어떤 것이 필요한지 확인한 뒤, 발급 경로를 안내합니다. 세금계산서 발급 정보 오류는 마
이페이지 자체 수정이 아닌 고객센터 정정 신청 대상임을 명확히 안내합니다.

[정책 문서 2: 쇼핑몰 이용약관 및 운영정책.pdf]
TIP
결제 오류 관련 팁 (RAG 응답 기준)
""결제가 안 돼요""라는 문의는 먼저 실제 결제/주문 완료 여부부터 확인하도록 안내하고, 이중 결제가 의심되는 경우 임의로 환불을 약속하지 말고 승인 내역 확인 절차부터 안내합니
다.

[정책 문서 3: 쇼핑몰 이용약관 및 운영정책.pdf]
금액·기간 등 수치 정보는 원문 그대로 정확히 인용하고, 임의로 추정하지 않습니다.
법정대리인 동의, 분쟁조정 등 법적 절차가 필요한 문의는 최종 처리 결과를 단정하지 말고 ""확인 후 안내드리겠습니다"" 형태로 고객센터 상담 연결을 병행 안내합니
다.",13.1237
253,결제,청구서 확인,{{name}}에서 청구서를 찾아야 합니다,청구서를 찾는 데 도움이 되도록 날짜 범위나 청구서와 관련된 특정 키워드 등 추가 세부정보를 제공해 주실 수 있나요?,"[""관련 청구서를 찾는 데 도움이 되도록 날짜 범위나 검색 범위를 좁히는 데 도움이 될 수 있는 기타 특정 정보 등 추가 세부정보를 제공해 주실 수 있나요?""]","[정책 문서 1: 쇼핑몰 이용약관 및 운영정책.pdf]
2.3 청구서(영수증·세금계산서) 발급
현금영수증: 결제 완료 시 등록된 휴대폰번호로 지출증빙용 또는 소득공제용 현금영수증이 자동 발행됩니다. 발급 정보는 [마이페이지 > 주문내역 > 영수증 조회]에서 확인
가능합니다.
전자세금계산서: 사업자 회원이 세금계산서 발급을 요청하는 경우, 사업자등록번호·상호·담당자 이메일을 정확히 입력해야 하며 구매 확정 후 발급됩니다.
재발급: 영수증/세금계산서 재발급은 [마이페이지]에서 즉시 재출력이 가능하며, 정보 오류(사업자번호 등)로 인한 정정 발급은 고객센터를 통해 신청해야 합니다.
TIP
청구서 관련 팁 (RAG 응답 기준)
""영수증을 못 받았어요""라는 문의는 먼저 현금영수증(개인) vs 전자세금계산서(사업자) 중 어떤 것이 필요한지 확인한 뒤, 발급 경로를 안내합니다. 세금계산서 발급 정보 오류는 마
이페이지 자체 수정이 아닌 고객센터 정정 신청 대상임을 명확히 안내합니다.

[정책 문서 2: 전자상거래_표준약관.pdf]
제3조 (약관 등의 명시와 설명 및 개정)

① “몰”은 이 약관의 내용과 상호 및 대표자 성명, 영업소 소재지 주소(소비자의
불만을 처리할 수 있는 곳의 주소를 포함), 전화번호 ․ 모사전송번호 ․ 전자우편주
소, 사업자등록번호, 통신판매업 신고번호, 개인정보관리책임자등을 이용자가
쉽게 알 수 있도록 00 사이버몰의 초기 서비스화면(전면)에 게시합니다. 다만,
약관의 내용은 이용자가 연결화면을 통하여 볼 수 있도록 할 수 있습니다.
② “몰은 이용자가 약관에 동의하기에 앞서 약관에 정하여져 있는 내용 중 청약철
회 ․ 배송책임 ․ 환불조건 등과 같은 중요한 내용을 이용자가 이해할 수 있도록 별
도의 연결화면 또는 팝업화면 등을 제공하여 이용자의 확인을 구하여야 합니다.

[정책 문서 3: 쇼핑몰 이용약관 및 운영정책.pdf]
7.3 배송지(주소록) 관리
배송지 등록: [마이페이지 > 배송지 관리]에서 여러 개의 배송지를 등록해 두고 주문 시 선택할 수 있으며, 기본 배송지 지정이 가능합니다.
배송지 설정 오류: 도로명주소 검색 오류, 상세주소 미입력 등으로 저장이 되지 않는 경우, 브라우저 캐시 삭제 또는 앱 최신 버전 업데이트 후 재시도를 안내합니다.
등록 가능 개수: 배송지는 최대 30개까지 등록 가능하며, 초과 시 기존 배송지를 삭제한 후 등록해야 합니다.
TIP
배송지 설정 관련 팁 (RAG 응답 기준)
""배송지 설정이 안 돼요""라는 오류 문의는 결제 단계의 배송지 변경(1.2항)과는 다른, 마이페이지 주소록 자체의 저장 오류이므로 구분해서 안내합니다.

8. 쿠폰 및 적립금 정책 (Coupon & Reward Policy)",9.5474
254,결제,청구서 확인,{{name}}의 청구서를 확인해야 합니다. 도와주실 수 있나요?,청구서를 찾는 데 도움이 되도록 날짜 범위나 청구서와 관련된 특정 정보 등 추가 세부정보를 제공해 주실 수 있나요?,"[""재무 기록을 명확하게 파악하는 것이 중요합니다. 이 문제에 도움을 드릴 수 있도록 날짜 범위나 송장 번호 등 구체적인 세부정보를 알려주실 수 있나요?""]","[정책 문서 1: 쇼핑몰 이용약관 및 운영정책.pdf]
2.3 청구서(영수증·세금계산서) 발급
현금영수증: 결제 완료 시 등록된 휴대폰번호로 지출증빙용 또는 소득공제용 현금영수증이 자동 발행됩니다. 발급 정보는 [마이페이지 > 주문내역 > 영수증 조회]에서 확인
가능합니다.
전자세금계산서: 사업자 회원이 세금계산서 발급을 요청하는 경우, 사업자등록번호·상호·담당자 이메일을 정확히 입력해야 하며 구매 확정 후 발급됩니다.
재발급: 영수증/세금계산서 재발급은 [마이페이지]에서 즉시 재출력이 가능하며, 정보 오류(사업자번호 등)로 인한 정정 발급은 고객센터를 통해 신청해야 합니다.
TIP
청구서 관련 팁 (RAG 응답 기준)
""영수증을 못 받았어요""라는 문의는 먼저 현금영수증(개인) vs 전자세금계산서(사업자) 중 어떤 것이 필요한지 확인한 뒤, 발급 경로를 안내합니다. 세금계산서 발급 정보 오류는 마
이페이지 자체 수정이 아닌 고객센터 정정 신청 대상임을 명확히 안내합니다.

[정책 문서 2: 쇼핑몰 이용약관 및 운영정책.pdf]
금액·기간 등 수치 정보는 원문 그대로 정확히 인용하고, 임의로 추정하지 않습니다.
법정대리인 동의, 분쟁조정 등 법적 절차가 필요한 문의는 최종 처리 결과를 단정하지 말고 ""확인 후 안내드리겠습니다"" 형태로 고객센터 상담 연결을 병행 안내합니
다.

[정책 문서 3: 전자상거래_표준약관.pdf]
제3조 (약관 등의 명시와 설명 및 개정)

① “몰”은 이 약관의 내용과 상호 및 대표자 성명, 영업소 소재지 주소(소비자의
불만을 처리할 수 있는 곳의 주소를 포함), 전화번호 ․ 모사전송번호 ․ 전자우편주
소, 사업자등록번호, 통신판매업 신고번호, 개인정보관리책임자등을 이용자가
쉽게 알 수 있도록 00 사이버몰의 초기 서비스화면(전면)에 게시합니다. 다만,
약관의 내용은 이용자가 연결화면을 통하여 볼 수 있도록 할 수 있습니다.
② “몰은 이용자가 약관에 동의하기에 앞서 약관에 정하여져 있는 내용 중 청약철
회 ․ 배송책임 ․ 환불조건 등과 같은 중요한 내용을 이용자가 이해할 수 있도록 별
도의 연결화면 또는 팝업화면 등을 제공하여 이용자의 확인을 구하여야 합니다.",9.3286
255,결제,청구서 확인,송장 12588을 빠르게 보려면 어떻게 해야 합니까?,청구서를 빠르게 보려면 당사 웹사이트에서 고객님의 계정에 로그인한 후 [청구] 또는 [청구서] 섹션으로 이동해 주세요. 여기에서 청구서를 보고 다운로드할 수 있는 옵션을 찾을 수 있습니다.,"[""신속하게 액세스하려면 당사 웹사이트에서 고객님의 계정에 로그인하고 [청구] 섹션으로 이동해 주세요. 여기에서 참조용 송장을 확인하고 다운로드할 수 있습니다. 찾는 데 어려움이 있는 경우 알려주시면 도와드리겠습니다.""]","[정책 문서 1: 쇼핑몰 이용약관 및 운영정책.pdf]
6.2 배송 기간 및 배송 조회
평균 배송 기간: 결제 완료(입금 확인) 기준 영업일 2~4일 이내 발송을 원칙으로 하며, 발송 후 1~3일 내 수령이 일반적입니다.
배송 조회: 상품 발송 시 등록된 연락처로 송장번호가 자동 발송되며, [마이페이지 > 주문내역 > 배송조회]에서 실시간 확인이 가능합니다.
배송 지연 안내: 천재지변, 물류사 파업, 명절 성수기 등 회사의 통제 범위를 벗어난 사유로 배송이 지연될 경우, 사전 공지 후 예상 지연 기간을 안내합니다.

6.3 배송 사고 처리 (분실/파손)
배송 중 분실: 택배사 배송 조회 상 '배송완료'로 표시되었으나 고객이 미수령한 경우, 고객센터와 택배사 공동 조사를 진행하며 조사 결과에 따라 재발송 또는 환불이 결정
됩니다.
파손 수령: 상품 수령 시 박스나 상품이 파손된 경우, 개봉 전 상태를 사진으로 촬영해 두어야 원활한 보상 처리가 가능하며, 수령 후 7일 이내 고객센터로 신고해야 합니다.

[정책 문서 2: 쇼핑몰 이용약관 및 운영정책.pdf]
4.5 환불 진행 상황 조회 방법
[마이페이지 > 주문내역 > 환불/취소 내역]에서 처리 단계(반품 접수 → 입고 확인 → 검품 승인 → 환불 처리 완료)를 실시간으로 확인할 수 있습니다.
검품 승인 이후 4.4항의 환불 소요 기간이 지나도 반영되지 않은 경우, 결제 수단과 반품 승인일을 확인한 뒤 고객센터로 문의해야 합니다.
부분 환불(일부 품목만 반품 등)의 경우 환불 금액이 전체 결제 금액과 다를 수 있으므로, 반품 접수 시 안내된 예상 환불 금액을 우선 확인합니다.
TIP
환불 조회 관련 팁 (RAG 응답 기준)
""환불 언제 되나요""라는 문의는 먼저 [마이페이지] 조회 경로를 안내하고, 4.4항의 결제 수단별 소요 기간 이내인지 확인한 뒤, 소요 기간을 초과한 경우에만 고객센터 개별 확인으로
연결합니다.

[정책 문서 3: 쇼핑몰 이용약관 및 운영정책.pdf]
12.3 응답 소요 시간
채팅 상담: 운영시간 내 평균 수 분 이내 응답
게시판/이메일 문의: 영업일 기준 1일 이내 답변을 원칙으로 하되, 물류 조사가 필요한 배송 사고 등은 추가 시간이 소요될 수 있습니다.
TIP
고객센터 문의 관련 팁 (RAG 응답 기준)
상담원 연결/영업시간 문의는 채팅 상담을 우선 안내하고, 주문 상태 조회처럼 시스템에서 바로 확인 가능한 사항은 채널 안내보다 [마이페이지] 경로를 먼저 제시합니다.
가이드
AI CS 챗봇 응답 가이드라인 (RAG 운영자 참고)
사용자 문의 응답 시, 단답형 안내 대신 
[처리 가능 조건 → 신청 경로 → 예외 사항/배송비]
구조로 답변하도록 시스템 프롬프트(System Prompt)를 구성해 주세요.
추가로 다음 원칙을 권장합니다.
주문 상태(입금대기/결제완료/상품준비중/배송중)를 먼저 확인하도록 유도한 뒤, 상태별 처리 가능 여부를 안내합니다.",12.6929
256,결제,청구서 확인,내 청구서 00108 어떻게 찾나요?,번호 {{transaction_id}}로 청구서를 찾는 데 도움이 필요하다는 것을 확인했습니다. 청구서를 찾으려면 당사 웹사이트에서 고객님의 계정에 로그인한 후 [청구] 또는 [청구서] 섹션으로 이동해 주세요. 여기에서 청구서를 보고 다운로드할 수 있는 옵션을 찾을 수 있습니다.,"[""필요한 정보를 찾는 데 도움을 드리겠습니다. 이 청구서를 생성하는 데 사용한 플랫폼이나 서비스에 대한 자세한 내용이나 세부정보를 제공해 주실 수 있나요?""]","[정책 문서 1: 쇼핑몰 이용약관 및 운영정책.pdf]
2.3 청구서(영수증·세금계산서) 발급
현금영수증: 결제 완료 시 등록된 휴대폰번호로 지출증빙용 또는 소득공제용 현금영수증이 자동 발행됩니다. 발급 정보는 [마이페이지 > 주문내역 > 영수증 조회]에서 확인
가능합니다.
전자세금계산서: 사업자 회원이 세금계산서 발급을 요청하는 경우, 사업자등록번호·상호·담당자 이메일을 정확히 입력해야 하며 구매 확정 후 발급됩니다.
재발급: 영수증/세금계산서 재발급은 [마이페이지]에서 즉시 재출력이 가능하며, 정보 오류(사업자번호 등)로 인한 정정 발급은 고객센터를 통해 신청해야 합니다.
TIP
청구서 관련 팁 (RAG 응답 기준)
""영수증을 못 받았어요""라는 문의는 먼저 현금영수증(개인) vs 전자세금계산서(사업자) 중 어떤 것이 필요한지 확인한 뒤, 발급 경로를 안내합니다. 세금계산서 발급 정보 오류는 마
이페이지 자체 수정이 아닌 고객센터 정정 신청 대상임을 명확히 안내합니다.

[정책 문서 2: 쇼핑몰 이용약관 및 운영정책.pdf]
4.5 환불 진행 상황 조회 방법
[마이페이지 > 주문내역 > 환불/취소 내역]에서 처리 단계(반품 접수 → 입고 확인 → 검품 승인 → 환불 처리 완료)를 실시간으로 확인할 수 있습니다.
검품 승인 이후 4.4항의 환불 소요 기간이 지나도 반영되지 않은 경우, 결제 수단과 반품 승인일을 확인한 뒤 고객센터로 문의해야 합니다.
부분 환불(일부 품목만 반품 등)의 경우 환불 금액이 전체 결제 금액과 다를 수 있으므로, 반품 접수 시 안내된 예상 환불 금액을 우선 확인합니다.
TIP
환불 조회 관련 팁 (RAG 응답 기준)
""환불 언제 되나요""라는 문의는 먼저 [마이페이지] 조회 경로를 안내하고, 4.4항의 결제 수단별 소요 기간 이내인지 확인한 뒤, 소요 기간을 초과한 경우에만 고객센터 개별 확인으로
연결합니다.

[정책 문서 3: 전자상거래_표준약관.pdf]
제3조 (약관 등의 명시와 설명 및 개정)

① “몰”은 이 약관의 내용과 상호 및 대표자 성명, 영업소 소재지 주소(소비자의
불만을 처리할 수 있는 곳의 주소를 포함), 전화번호 ․ 모사전송번호 ․ 전자우편주
소, 사업자등록번호, 통신판매업 신고번호, 개인정보관리책임자등을 이용자가
쉽게 알 수 있도록 00 사이버몰의 초기 서비스화면(전면)에 게시합니다. 다만,
약관의 내용은 이용자가 연결화면을 통하여 볼 수 있도록 할 수 있습니다.
② “몰은 이용자가 약관에 동의하기에 앞서 약관에 정하여져 있는 내용 중 청약철
회 ․ 배송책임 ․ 환불조건 등과 같은 중요한 내용을 이용자가 이해할 수 있도록 별
도의 연결화면 또는 팝업화면 등을 제공하여 이용자의 확인을 구하여야 합니다.",15.0901
257,결제,청구서 확인,송장 00108을 확인하려면 어떻게 해야 하는지 모르겠습니다.,청구서를 확인하려면 당사 웹사이트에서 고객님의 계정에 로그인하고 [청구] 또는 [청구서] 섹션으로 이동해 주세요. 여기에서 청구서를 보고 다운로드할 수 있는 옵션을 찾을 수 있습니다.,"[""청구서 번호 해당 번호({{transaction_id}})의 청구서를 확인하는 방법에 대해 잘 모르신다는 점을 인정합니다. 청구서를 확인하려면 당사 웹사이트를 방문하여 계정에 로그인해 주세요. 로그인한 후 [청구] 또는 [청구서] 섹션으로 이동해 주세요. 여기에서 송장 번호 해당 번호({{transaction_id}})의 청구서를 포함한 송장 목록을 찾을 수 있습니다. 여전히 문제가 있는 경우 알려주시면 도와드리겠습니다.""]","[정책 문서 1: 쇼핑몰 이용약관 및 운영정책.pdf]
4.5 환불 진행 상황 조회 방법
[마이페이지 > 주문내역 > 환불/취소 내역]에서 처리 단계(반품 접수 → 입고 확인 → 검품 승인 → 환불 처리 완료)를 실시간으로 확인할 수 있습니다.
검품 승인 이후 4.4항의 환불 소요 기간이 지나도 반영되지 않은 경우, 결제 수단과 반품 승인일을 확인한 뒤 고객센터로 문의해야 합니다.
부분 환불(일부 품목만 반품 등)의 경우 환불 금액이 전체 결제 금액과 다를 수 있으므로, 반품 접수 시 안내된 예상 환불 금액을 우선 확인합니다.
TIP
환불 조회 관련 팁 (RAG 응답 기준)
""환불 언제 되나요""라는 문의는 먼저 [마이페이지] 조회 경로를 안내하고, 4.4항의 결제 수단별 소요 기간 이내인지 확인한 뒤, 소요 기간을 초과한 경우에만 고객센터 개별 확인으로
연결합니다.

[정책 문서 2: 쇼핑몰 이용약관 및 운영정책.pdf]
TIP
결제 오류 관련 팁 (RAG 응답 기준)
""결제가 안 돼요""라는 문의는 먼저 실제 결제/주문 완료 여부부터 확인하도록 안내하고, 이중 결제가 의심되는 경우 임의로 환불을 약속하지 말고 승인 내역 확인 절차부터 안내합니
다.

[정책 문서 3: 쇼핑몰 이용약관 및 운영정책.pdf]
금액·기간 등 수치 정보는 원문 그대로 정확히 인용하고, 임의로 추정하지 않습니다.
법정대리인 동의, 분쟁조정 등 법적 절차가 필요한 문의는 최종 처리 결과를 단정하지 말고 ""확인 후 안내드리겠습니다"" 형태로 고객센터 상담 연결을 병행 안내합니
다.",10.5412
258,결제,청구서 확인,청구서를 어떻게 확인할 수 있는지 모르겠습니다 37777,청구서를 확인하려면 당사 웹사이트에서 고객님의 계정에 로그인한 후 [청구] 또는 [청구서] 섹션으로 이동해 주세요. 여기에서 청구서를 보고 다운로드할 수 있는 옵션을 찾을 수 있습니다.,"[""고객님이 필요한 정보에 쉽게 접근할 수 있도록 절차를 안내해 드리겠습니다. 청구서를 확인하려면 당사 웹사이트에서 고객님의 계정에 로그인한 후 청구서 섹션으로 이동해 주세요. 또는 당사 고객센터에 문의하시면 청구서 세부정보를 검색하는 데 도움을 드릴 것입니다."", ""먼저, 온라인 청구서를 말씀하시는 건가요, 아니면 우편으로 받은 실제 청구서를 말씀하시는 건가요?""]","[정책 문서 1: 쇼핑몰 이용약관 및 운영정책.pdf]
2.3 청구서(영수증·세금계산서) 발급
현금영수증: 결제 완료 시 등록된 휴대폰번호로 지출증빙용 또는 소득공제용 현금영수증이 자동 발행됩니다. 발급 정보는 [마이페이지 > 주문내역 > 영수증 조회]에서 확인
가능합니다.
전자세금계산서: 사업자 회원이 세금계산서 발급을 요청하는 경우, 사업자등록번호·상호·담당자 이메일을 정확히 입력해야 하며 구매 확정 후 발급됩니다.
재발급: 영수증/세금계산서 재발급은 [마이페이지]에서 즉시 재출력이 가능하며, 정보 오류(사업자번호 등)로 인한 정정 발급은 고객센터를 통해 신청해야 합니다.
TIP
청구서 관련 팁 (RAG 응답 기준)
""영수증을 못 받았어요""라는 문의는 먼저 현금영수증(개인) vs 전자세금계산서(사업자) 중 어떤 것이 필요한지 확인한 뒤, 발급 경로를 안내합니다. 세금계산서 발급 정보 오류는 마
이페이지 자체 수정이 아닌 고객센터 정정 신청 대상임을 명확히 안내합니다.

[정책 문서 2: 쇼핑몰 이용약관 및 운영정책.pdf]
4.5 환불 진행 상황 조회 방법
[마이페이지 > 주문내역 > 환불/취소 내역]에서 처리 단계(반품 접수 → 입고 확인 → 검품 승인 → 환불 처리 완료)를 실시간으로 확인할 수 있습니다.
검품 승인 이후 4.4항의 환불 소요 기간이 지나도 반영되지 않은 경우, 결제 수단과 반품 승인일을 확인한 뒤 고객센터로 문의해야 합니다.
부분 환불(일부 품목만 반품 등)의 경우 환불 금액이 전체 결제 금액과 다를 수 있으므로, 반품 접수 시 안내된 예상 환불 금액을 우선 확인합니다.
TIP
환불 조회 관련 팁 (RAG 응답 기준)
""환불 언제 되나요""라는 문의는 먼저 [마이페이지] 조회 경로를 안내하고, 4.4항의 결제 수단별 소요 기간 이내인지 확인한 뒤, 소요 기간을 초과한 경우에만 고객센터 개별 확인으로
연결합니다.

[정책 문서 3: 전자상거래_표준약관.pdf]
제3조 (약관 등의 명시와 설명 및 개정)

① “몰”은 이 약관의 내용과 상호 및 대표자 성명, 영업소 소재지 주소(소비자의
불만을 처리할 수 있는 곳의 주소를 포함), 전화번호 ․ 모사전송번호 ․ 전자우편주
소, 사업자등록번호, 통신판매업 신고번호, 개인정보관리책임자등을 이용자가
쉽게 알 수 있도록 00 사이버몰의 초기 서비스화면(전면)에 게시합니다. 다만,
약관의 내용은 이용자가 연결화면을 통하여 볼 수 있도록 할 수 있습니다.
② “몰은 이용자가 약관에 동의하기에 앞서 약관에 정하여져 있는 내용 중 청약철
회 ․ 배송책임 ․ 환불조건 등과 같은 중요한 내용을 이용자가 이해할 수 있도록 별
도의 연결화면 또는 팝업화면 등을 제공하여 이용자의 확인을 구하여야 합니다.",12.6082
259,결제,청구서 확인,{{name}}에서 보낸 청구서를 분실했습니다. 찾아주세요.,청구서를 찾는 데 도움이 되도록 날짜 범위나 청구서와 관련된 특정 정보 등 추가 세부정보를 제공해 주실 수 있나요?,"[""저는 {{name}} 청구서 분실로 인한 긴급성과 좌절감을 이해합니다. 고객님이 찾을 수 있도록 도와드리겠습니다. 시작하려면 날짜 범위, 송장 번호 또는 검색 범위를 좁히는 데 도움이 될 수 있는 기타 관련 정보와 같은 추가 세부정보를 제공해 주실 수 있나요? 이러한 세부정보를 통해 고객님의 청구서를 보다 효과적으로 찾고 필요한 정보를 얻을 수 있습니다."", ""{{name}}의 송장 분실에 대한 고객님의 우려를 이해합니다. 분실된 송장을 찾으실 수 있도록 도와드리겠습니다. 날짜, 송장 번호 또는 해당 항목을 찾는 데 도움이 될 수 있는 기타 정보 등 관련 세부 정보를 제공해 주실 수 있나요?"", ""{{name}} 고객님의 보낸 청구서를 찾는 데 도움이 필요하다는 것을 알게 되었습니다. 분실된 청구서를 신속하게 찾으려면 대략적인 기간 또는 검색 범위를 좁히는 데 도움이 될 수 있는 기타 구체적인 세부 정보를 제공해 주실 수 있나요? 저희가 고객님을 위해 해당 청구서를 찾아드리겠습니다."", ""저는 고객님을 위해 {{name}}의 청구서를 찾는 것이 중요하다는 것을 착각하지 않습니다. 효율적인 지원을 위해 청구서 날짜 범위나 이와 관련된 특정 정보 등 추가 세부정보를 제공해 주실 수 있나요?""]","[정책 문서 1: 쇼핑몰 이용약관 및 운영정책.pdf]
2.3 청구서(영수증·세금계산서) 발급
현금영수증: 결제 완료 시 등록된 휴대폰번호로 지출증빙용 또는 소득공제용 현금영수증이 자동 발행됩니다. 발급 정보는 [마이페이지 > 주문내역 > 영수증 조회]에서 확인
가능합니다.
전자세금계산서: 사업자 회원이 세금계산서 발급을 요청하는 경우, 사업자등록번호·상호·담당자 이메일을 정확히 입력해야 하며 구매 확정 후 발급됩니다.
재발급: 영수증/세금계산서 재발급은 [마이페이지]에서 즉시 재출력이 가능하며, 정보 오류(사업자번호 등)로 인한 정정 발급은 고객센터를 통해 신청해야 합니다.
TIP
청구서 관련 팁 (RAG 응답 기준)
""영수증을 못 받았어요""라는 문의는 먼저 현금영수증(개인) vs 전자세금계산서(사업자) 중 어떤 것이 필요한지 확인한 뒤, 발급 경로를 안내합니다. 세금계산서 발급 정보 오류는 마
이페이지 자체 수정이 아닌 고객센터 정정 신청 대상임을 명확히 안내합니다.

[정책 문서 2: 쇼핑몰 이용약관 및 운영정책.pdf]
6.2 배송 기간 및 배송 조회
평균 배송 기간: 결제 완료(입금 확인) 기준 영업일 2~4일 이내 발송을 원칙으로 하며, 발송 후 1~3일 내 수령이 일반적입니다.
배송 조회: 상품 발송 시 등록된 연락처로 송장번호가 자동 발송되며, [마이페이지 > 주문내역 > 배송조회]에서 실시간 확인이 가능합니다.
배송 지연 안내: 천재지변, 물류사 파업, 명절 성수기 등 회사의 통제 범위를 벗어난 사유로 배송이 지연될 경우, 사전 공지 후 예상 지연 기간을 안내합니다.

6.3 배송 사고 처리 (분실/파손)
배송 중 분실: 택배사 배송 조회 상 '배송완료'로 표시되었으나 고객이 미수령한 경우, 고객센터와 택배사 공동 조사를 진행하며 조사 결과에 따라 재발송 또는 환불이 결정
됩니다.
파손 수령: 상품 수령 시 박스나 상품이 파손된 경우, 개봉 전 상태를 사진으로 촬영해 두어야 원활한 보상 처리가 가능하며, 수령 후 7일 이내 고객센터로 신고해야 합니다.

[정책 문서 3: 쇼핑몰 이용약관 및 운영정책.pdf]
4. 반품 및 환불 정책 (Return & Refund Policy)

4.1 청약철회(반품) 신청 기간 및 조건
단순 변심: 상품 수령일로부터 7일 이내에 반품 신청이 가능합니다.
상품 하자 및 오배송: 표시/광고 내용과 다르거나 상품에 하자가 있는 경우, 수령일로부터 3개월 이내 또는 그 사실을 안 날로부터 30일 이내에 신청할 수 있습니다.

4.2 청약철회(반품) 제한 사유
다음 각 호에 해당하는 경우 반품 및 환불이 불가능합니다.
고객의 귀책 사유로 상품 등이 멸실 또는 훼손된 경우 (단, 내용 확인을 위한 포장 훼손 제외)
고객의 사용 또는 일부 소비로 인해 상품의 가치가 현저히 감소한 경우 (예: 의류 착용 흔적, 라벨/택 제거, 화장품 개봉 등)
시간 경과로 재판매가 어려울 정도로 상품 가치가 떨어진 경우
복제가 가능한 상품(CD, DVD, 도서, 소프트웨어 등)의 포장을 훼손한 경우",10.5821
260,결제,청구서 확인,청구서 00108을 확인하려면 어떻게 해야 할지 모르겠습니다.,번호 {{transaction_id}}로 청구서를 확인하는 데 도움이 필요하다는 것을 확인했습니다. 청구서를 찾으려면 당사 웹사이트에서 고객님의 계정에 로그인한 후 [청구] 또는 [청구서] 섹션으로 이동해 주세요. 여기에서 청구서를 보고 다운로드할 수 있는 옵션을 찾을 수 있습니다.,"[""{{transaction_id}} 번호로 청구서를 확인하기 위해 취해야 할 단계에 대해 확신이 없으신 것으로 확인되었습니다. 청구서를 확인하려면 다음과 같은 간단한 단계를 따라 주세요. 1. 당사 웹사이트나 앱에서 고객님의 계정에 로그인해 주세요. 2. 청구 또는 송장 섹션으로 이동해 주세요. 3. 송장을 검색하거나 보는 옵션을 찾아 주세요. 4. 검색 필드에 송장 번호 해당 번호({{transaction_id}})의 청구서를 입력하거나 가능한 경우 목록에서 찾아 주세요. 5. 송장을 클릭하거나 탭하여 세부정보를 열고 확인해 주세요. 이 과정에서 어려움을 겪거나 추가 지원이 필요한 경우 고객센터에 문의해 주세요. 09:00 ~ 18:00(02-1577-1577) 또는 채팅을 통해 연락하실 수 있습니다. 저희는 고객님이 청구서를 원활하게 확인할 수 있도록 도와드립니다.""]","[정책 문서 1: 쇼핑몰 이용약관 및 운영정책.pdf]
2.3 청구서(영수증·세금계산서) 발급
현금영수증: 결제 완료 시 등록된 휴대폰번호로 지출증빙용 또는 소득공제용 현금영수증이 자동 발행됩니다. 발급 정보는 [마이페이지 > 주문내역 > 영수증 조회]에서 확인
가능합니다.
전자세금계산서: 사업자 회원이 세금계산서 발급을 요청하는 경우, 사업자등록번호·상호·담당자 이메일을 정확히 입력해야 하며 구매 확정 후 발급됩니다.
재발급: 영수증/세금계산서 재발급은 [마이페이지]에서 즉시 재출력이 가능하며, 정보 오류(사업자번호 등)로 인한 정정 발급은 고객센터를 통해 신청해야 합니다.
TIP
청구서 관련 팁 (RAG 응답 기준)
""영수증을 못 받았어요""라는 문의는 먼저 현금영수증(개인) vs 전자세금계산서(사업자) 중 어떤 것이 필요한지 확인한 뒤, 발급 경로를 안내합니다. 세금계산서 발급 정보 오류는 마
이페이지 자체 수정이 아닌 고객센터 정정 신청 대상임을 명확히 안내합니다.

[정책 문서 2: 쇼핑몰 이용약관 및 운영정책.pdf]
4.5 환불 진행 상황 조회 방법
[마이페이지 > 주문내역 > 환불/취소 내역]에서 처리 단계(반품 접수 → 입고 확인 → 검품 승인 → 환불 처리 완료)를 실시간으로 확인할 수 있습니다.
검품 승인 이후 4.4항의 환불 소요 기간이 지나도 반영되지 않은 경우, 결제 수단과 반품 승인일을 확인한 뒤 고객센터로 문의해야 합니다.
부분 환불(일부 품목만 반품 등)의 경우 환불 금액이 전체 결제 금액과 다를 수 있으므로, 반품 접수 시 안내된 예상 환불 금액을 우선 확인합니다.
TIP
환불 조회 관련 팁 (RAG 응답 기준)
""환불 언제 되나요""라는 문의는 먼저 [마이페이지] 조회 경로를 안내하고, 4.4항의 결제 수단별 소요 기간 이내인지 확인한 뒤, 소요 기간을 초과한 경우에만 고객센터 개별 확인으로
연결합니다.

[정책 문서 3: 쇼핑몰 이용약관 및 운영정책.pdf]
금액·기간 등 수치 정보는 원문 그대로 정확히 인용하고, 임의로 추정하지 않습니다.
법정대리인 동의, 분쟁조정 등 법적 절차가 필요한 문의는 최종 처리 결과를 단정하지 말고 ""확인 후 안내드리겠습니다"" 형태로 고객센터 상담 연결을 병행 안내합니
다.",13.7549
261,결제,청구서 확인,송장을 찾으려면 어떻게 해야 할지 모르겠어요 85632,번호 {{transaction_id}}가 포함된 송장을 찾는 데 도움이 필요하다는 것을 깨달았습니다. 청구서를 찾으려면 다음 단계를 따라 주세요. 1. 당사 웹사이트에서 고객님의 계정에 로그인해 주세요. 2. [청구] 또는 [청구서] 섹션으로 이동해 주세요. 3. 송장 번호 해당 번호({{transaction_id}})의 청구서를 검색해 주세요. 4. 청구서를 찾을 수 없는 경우 검색 옵션을 사용하여 송장을 필터링하거나 날짜 범위를 지정하여 송장을 찾을 수 있습니다.,"[""단계별로 분석해 보겠습니다. 먼저, 온라인 계정에 접속해 보셨나요? [청구] 또는 [청구서] 섹션에서 청구서를 찾을 수 있는 경우가 많습니다. 저희는 고객님께 추가 지원을 제공할 수 있는 고객센터를 보유하고 있습니다. 09:00 ~ 18:00(02-1577-1577) 또는 채팅을 통해 이용 가능합니다. 저희는 함께 해결책을 찾고 고객님께 필요한 정보를 제공할 것입니다.""]","[정책 문서 1: 쇼핑몰 이용약관 및 운영정책.pdf]
7.3 배송지(주소록) 관리
배송지 등록: [마이페이지 > 배송지 관리]에서 여러 개의 배송지를 등록해 두고 주문 시 선택할 수 있으며, 기본 배송지 지정이 가능합니다.
배송지 설정 오류: 도로명주소 검색 오류, 상세주소 미입력 등으로 저장이 되지 않는 경우, 브라우저 캐시 삭제 또는 앱 최신 버전 업데이트 후 재시도를 안내합니다.
등록 가능 개수: 배송지는 최대 30개까지 등록 가능하며, 초과 시 기존 배송지를 삭제한 후 등록해야 합니다.
TIP
배송지 설정 관련 팁 (RAG 응답 기준)
""배송지 설정이 안 돼요""라는 오류 문의는 결제 단계의 배송지 변경(1.2항)과는 다른, 마이페이지 주소록 자체의 저장 오류이므로 구분해서 안내합니다.

8. 쿠폰 및 적립금 정책 (Coupon & Reward Policy)

[정책 문서 2: 쇼핑몰 이용약관 및 운영정책.pdf]
금액·기간 등 수치 정보는 원문 그대로 정확히 인용하고, 임의로 추정하지 않습니다.
법정대리인 동의, 분쟁조정 등 법적 절차가 필요한 문의는 최종 처리 결과를 단정하지 말고 ""확인 후 안내드리겠습니다"" 형태로 고객센터 상담 연결을 병행 안내합니
다.

[정책 문서 3: 쇼핑몰 이용약관 및 운영정책.pdf]
12.2 문의 채널
1:1 채팅 상담: 앱/웹 하단 [고객센터] 메뉴에서 실시간 상담 가능 (운영시간 내)
대표 전화: 상품 페이지 및 마이페이지 하단에 안내된 대표번호로 연결
이메일 문의: 운영시간 외 문의는 이메일로 접수 시 순차 확인 후 회신",19.5035
262,결제,청구서 확인,송장 85632를 찾아야 해요,번호 {{transaction_id}}가 포함된 송장을 찾는 데 도움이 필요하다는 것을 확인했습니다. 송장을 찾는 데 도움이 되도록 송장 날짜나 기타 관련 정보 등 추가 세부정보를 제공해 주실 수 있나요?,"[""송장에 언급된 날짜나 특정 항목 등 추가 세부정보를 알려주실 수 있나요? 이 정보를 통해 검색 범위를 좁히고 고객님께 올바른 문서를 검색할 수 있습니다. 고객님이 찾고 있는 청구서를 찾을 때까지 저는 고객님을 지원해 드릴 것입니다.""]","[정책 문서 1: 쇼핑몰 이용약관 및 운영정책.pdf]
6.2 배송 기간 및 배송 조회
평균 배송 기간: 결제 완료(입금 확인) 기준 영업일 2~4일 이내 발송을 원칙으로 하며, 발송 후 1~3일 내 수령이 일반적입니다.
배송 조회: 상품 발송 시 등록된 연락처로 송장번호가 자동 발송되며, [마이페이지 > 주문내역 > 배송조회]에서 실시간 확인이 가능합니다.
배송 지연 안내: 천재지변, 물류사 파업, 명절 성수기 등 회사의 통제 범위를 벗어난 사유로 배송이 지연될 경우, 사전 공지 후 예상 지연 기간을 안내합니다.

6.3 배송 사고 처리 (분실/파손)
배송 중 분실: 택배사 배송 조회 상 '배송완료'로 표시되었으나 고객이 미수령한 경우, 고객센터와 택배사 공동 조사를 진행하며 조사 결과에 따라 재발송 또는 환불이 결정
됩니다.
파손 수령: 상품 수령 시 박스나 상품이 파손된 경우, 개봉 전 상태를 사진으로 촬영해 두어야 원활한 보상 처리가 가능하며, 수령 후 7일 이내 고객센터로 신고해야 합니다.

[정책 문서 2: 쇼핑몰 이용약관 및 운영정책.pdf]
7.3 배송지(주소록) 관리
배송지 등록: [마이페이지 > 배송지 관리]에서 여러 개의 배송지를 등록해 두고 주문 시 선택할 수 있으며, 기본 배송지 지정이 가능합니다.
배송지 설정 오류: 도로명주소 검색 오류, 상세주소 미입력 등으로 저장이 되지 않는 경우, 브라우저 캐시 삭제 또는 앱 최신 버전 업데이트 후 재시도를 안내합니다.
등록 가능 개수: 배송지는 최대 30개까지 등록 가능하며, 초과 시 기존 배송지를 삭제한 후 등록해야 합니다.
TIP
배송지 설정 관련 팁 (RAG 응답 기준)
""배송지 설정이 안 돼요""라는 오류 문의는 결제 단계의 배송지 변경(1.2항)과는 다른, 마이페이지 주소록 자체의 저장 오류이므로 구분해서 안내합니다.

8. 쿠폰 및 적립금 정책 (Coupon & Reward Policy)

[정책 문서 3: 쇼핑몰 이용약관 및 운영정책.pdf]
12.2 문의 채널
1:1 채팅 상담: 앱/웹 하단 [고객센터] 메뉴에서 실시간 상담 가능 (운영시간 내)
대표 전화: 상품 페이지 및 마이페이지 하단에 안내된 대표번호로 연결
이메일 문의: 운영시간 외 문의는 이메일로 접수 시 순차 확인 후 회신",11.0993
263,결제,청구서 확인,청구서를 보려면 어떻게 해야 하는지 모르겠습니다 00108,청구서를 보려면 당사 웹사이트에서 고객님의 계정에 로그인한 후 [청구] 또는 [청구서] 섹션으로 이동해 주세요. 여기에서 청구서를 보고 다운로드할 수 있는 옵션을 찾을 수 있습니다.,"[""청구서를 보려면 당사 웹사이트에서 고객님의 계정에 로그인하고 청구 섹션으로 이동해 주세요. 단계가 확실하지 않은 경우 절차를 안내해 드리겠습니다. 저에게 알려주시면 청구서를 원활하게 찾을 수 있도록 도와드리겠습니다.""]","[정책 문서 1: 쇼핑몰 이용약관 및 운영정책.pdf]
2.3 청구서(영수증·세금계산서) 발급
현금영수증: 결제 완료 시 등록된 휴대폰번호로 지출증빙용 또는 소득공제용 현금영수증이 자동 발행됩니다. 발급 정보는 [마이페이지 > 주문내역 > 영수증 조회]에서 확인
가능합니다.
전자세금계산서: 사업자 회원이 세금계산서 발급을 요청하는 경우, 사업자등록번호·상호·담당자 이메일을 정확히 입력해야 하며 구매 확정 후 발급됩니다.
재발급: 영수증/세금계산서 재발급은 [마이페이지]에서 즉시 재출력이 가능하며, 정보 오류(사업자번호 등)로 인한 정정 발급은 고객센터를 통해 신청해야 합니다.
TIP
청구서 관련 팁 (RAG 응답 기준)
""영수증을 못 받았어요""라는 문의는 먼저 현금영수증(개인) vs 전자세금계산서(사업자) 중 어떤 것이 필요한지 확인한 뒤, 발급 경로를 안내합니다. 세금계산서 발급 정보 오류는 마
이페이지 자체 수정이 아닌 고객센터 정정 신청 대상임을 명확히 안내합니다.

[정책 문서 2: 전자상거래_표준약관.pdf]
제3조 (약관 등의 명시와 설명 및 개정)

① “몰”은 이 약관의 내용과 상호 및 대표자 성명, 영업소 소재지 주소(소비자의
불만을 처리할 수 있는 곳의 주소를 포함), 전화번호 ․ 모사전송번호 ․ 전자우편주
소, 사업자등록번호, 통신판매업 신고번호, 개인정보관리책임자등을 이용자가
쉽게 알 수 있도록 00 사이버몰의 초기 서비스화면(전면)에 게시합니다. 다만,
약관의 내용은 이용자가 연결화면을 통하여 볼 수 있도록 할 수 있습니다.
② “몰은 이용자가 약관에 동의하기에 앞서 약관에 정하여져 있는 내용 중 청약철
회 ․ 배송책임 ․ 환불조건 등과 같은 중요한 내용을 이용자가 이해할 수 있도록 별
도의 연결화면 또는 팝업화면 등을 제공하여 이용자의 확인을 구하여야 합니다.

[정책 문서 3: 쇼핑몰 이용약관 및 운영정책.pdf]
4.5 환불 진행 상황 조회 방법
[마이페이지 > 주문내역 > 환불/취소 내역]에서 처리 단계(반품 접수 → 입고 확인 → 검품 승인 → 환불 처리 완료)를 실시간으로 확인할 수 있습니다.
검품 승인 이후 4.4항의 환불 소요 기간이 지나도 반영되지 않은 경우, 결제 수단과 반품 승인일을 확인한 뒤 고객센터로 문의해야 합니다.
부분 환불(일부 품목만 반품 등)의 경우 환불 금액이 전체 결제 금액과 다를 수 있으므로, 반품 접수 시 안내된 예상 환불 금액을 우선 확인합니다.
TIP
환불 조회 관련 팁 (RAG 응답 기준)
""환불 언제 되나요""라는 문의는 먼저 [마이페이지] 조회 경로를 안내하고, 4.4항의 결제 수단별 소요 기간 이내인지 확인한 뒤, 소요 기간을 초과한 경우에만 고객센터 개별 확인으로
연결합니다.",11.9995
264,결제,청구서 확인,송장 확인 85632,번호 {{transaction_id}}로 청구서를 확인하는 데 도움을 요청해 주셔서 감사합니다. 청구서를 찾는 데 도움이 되도록 날짜 범위나 청구서와 관련된 특정 정보 등 추가 세부정보를 제공해 주실 수 있나요?,"[""날짜, 고객 이름, 청구서에 포함된 특정 항목 등 도움이 될 수 있는 추가 정보나 세부 정보를 제공해 주실 수 있나요? 이를 통해 보다 정확하고 맞춤형 지원을 제공할 수 있습니다."", ""저희 시스템에 접속하여 고객님께 필요한 정보를 제공해 드리겠습니다. 제가 세부 사항을 수집하는 동안 잠시만 기다려 주세요.""]","[정책 문서 1: 쇼핑몰 이용약관 및 운영정책.pdf]
6.2 배송 기간 및 배송 조회
평균 배송 기간: 결제 완료(입금 확인) 기준 영업일 2~4일 이내 발송을 원칙으로 하며, 발송 후 1~3일 내 수령이 일반적입니다.
배송 조회: 상품 발송 시 등록된 연락처로 송장번호가 자동 발송되며, [마이페이지 > 주문내역 > 배송조회]에서 실시간 확인이 가능합니다.
배송 지연 안내: 천재지변, 물류사 파업, 명절 성수기 등 회사의 통제 범위를 벗어난 사유로 배송이 지연될 경우, 사전 공지 후 예상 지연 기간을 안내합니다.

6.3 배송 사고 처리 (분실/파손)
배송 중 분실: 택배사 배송 조회 상 '배송완료'로 표시되었으나 고객이 미수령한 경우, 고객센터와 택배사 공동 조사를 진행하며 조사 결과에 따라 재발송 또는 환불이 결정
됩니다.
파손 수령: 상품 수령 시 박스나 상품이 파손된 경우, 개봉 전 상태를 사진으로 촬영해 두어야 원활한 보상 처리가 가능하며, 수령 후 7일 이내 고객센터로 신고해야 합니다.

[정책 문서 2: 전자상거래_표준약관.pdf]
2. 선불카드, 직불카드, 신용카드 등의 각종 카드 결제

3. 온라인무통장입금

4. 전자화폐에 의한 결제

5. 수령 시 대금지급

6. 마일리지 등 “몰”이 지급한 포인트에 의한 결제
7. “몰”과 계약을 맺었거나 “몰”이 인정한 상품권에 의한 결제 

8. 기타 전자적 지급 방법에 의한 대금 지급 등

제12조(수신확인통지 ․ 구매신청 변경 및 취소)

① “몰”은 이용자의 구매신청이 있는 경우 이용자에게 수신확인통지를 합니다.

② 수신확인통지를 받은 이용자는 의사표시의 불일치 등이 있는 경우에는 수신확인
통지를 받은 후 즉시 구매신청 변경 및 취소를 요청할 수 있고 “몰”은 배송 전
에 이용자의 요청이 있는 경우에는 지체 없이 그 요청에 따라 처리하여야 합니
다. 다만 이미 대금을 지불한 경우에는 제15조의 청약철회 등에 관한 규정에 따
릅니다.

제13조(재화 등의 공급)

[정책 문서 3: 쇼핑몰 이용약관 및 운영정책.pdf]
2.4 결제 오류 및 실패 처리
결제 시도 중 오류(승인 거절, 먹통, 응답 지연 등)가 발생한 경우, 우선 [마이페이지 > 주문내역]에서 실제 결제 완료 여부를 확인해야 합니다.
이중 결제(중복 승인): 동일 주문에 대해 결제가 두 번 승인된 경우, 시스템이 익영업일 이내 자동 취소 처리하며 카드사 승인 취소 내역으로 확인할 수 있습니다. 자동 취소가
지연되면 승인 내역을 첨부하여 고객센터로 문의해야 합니다.
결제 실패(승인 거절): 카드 한도 초과, 카드사 보안 정책, 입력 정보 오류 등이 주요 원인이며, 카드사 확인이 우선이고 해결되지 않으면 다른 결제 수단으로 재시도를 안내
합니다.
오류 신고: 반복적인 결제 오류는 오류 발생 시각, 사용 결제수단, 오류 메시지 화면을 첨부하여 고객센터로 접수하면 결제 PG사와 함께 원인을 조사합니다.
TIP
결제 오류 관련 팁 (RAG 응답 기준)",12.2195
265,결제,청구서 확인,{{name}}에서 보낸 청구서를 보는 데 도움이 필요합니다.,청구서를 찾는 데 도움이 되도록 날짜 범위나 청구서와 관련된 특정 세부정보 등 추가 정보를 제공해 주실 수 있나요?,"[""{{name}}의 청구서를 확인하는 데 도움이 필요하다는 사실을 확인했습니다. 날짜 범위나 특정 송장 번호와 같은 세부정보를 제공해 주실 수 있나요? 이 정보는 청구서를 보다 효율적으로 찾고 고객님께 필요한 정보를 제공하는 데 도움이 됩니다.""]","[정책 문서 1: 쇼핑몰 이용약관 및 운영정책.pdf]
2.3 청구서(영수증·세금계산서) 발급
현금영수증: 결제 완료 시 등록된 휴대폰번호로 지출증빙용 또는 소득공제용 현금영수증이 자동 발행됩니다. 발급 정보는 [마이페이지 > 주문내역 > 영수증 조회]에서 확인
가능합니다.
전자세금계산서: 사업자 회원이 세금계산서 발급을 요청하는 경우, 사업자등록번호·상호·담당자 이메일을 정확히 입력해야 하며 구매 확정 후 발급됩니다.
재발급: 영수증/세금계산서 재발급은 [마이페이지]에서 즉시 재출력이 가능하며, 정보 오류(사업자번호 등)로 인한 정정 발급은 고객센터를 통해 신청해야 합니다.
TIP
청구서 관련 팁 (RAG 응답 기준)
""영수증을 못 받았어요""라는 문의는 먼저 현금영수증(개인) vs 전자세금계산서(사업자) 중 어떤 것이 필요한지 확인한 뒤, 발급 경로를 안내합니다. 세금계산서 발급 정보 오류는 마
이페이지 자체 수정이 아닌 고객센터 정정 신청 대상임을 명확히 안내합니다.

[정책 문서 2: 쇼핑몰 이용약관 및 운영정책.pdf]
4.5 환불 진행 상황 조회 방법
[마이페이지 > 주문내역 > 환불/취소 내역]에서 처리 단계(반품 접수 → 입고 확인 → 검품 승인 → 환불 처리 완료)를 실시간으로 확인할 수 있습니다.
검품 승인 이후 4.4항의 환불 소요 기간이 지나도 반영되지 않은 경우, 결제 수단과 반품 승인일을 확인한 뒤 고객센터로 문의해야 합니다.
부분 환불(일부 품목만 반품 등)의 경우 환불 금액이 전체 결제 금액과 다를 수 있으므로, 반품 접수 시 안내된 예상 환불 금액을 우선 확인합니다.
TIP
환불 조회 관련 팁 (RAG 응답 기준)
""환불 언제 되나요""라는 문의는 먼저 [마이페이지] 조회 경로를 안내하고, 4.4항의 결제 수단별 소요 기간 이내인지 확인한 뒤, 소요 기간을 초과한 경우에만 고객센터 개별 확인으로
연결합니다.

[정책 문서 3: 쇼핑몰 이용약관 및 운영정책.pdf]
금액·기간 등 수치 정보는 원문 그대로 정확히 인용하고, 임의로 추정하지 않습니다.
법정대리인 동의, 분쟁조정 등 법적 절차가 필요한 문의는 최종 처리 결과를 단정하지 말고 ""확인 후 안내드리겠습니다"" 형태로 고객센터 상담 연결을 병행 안내합니
다.",8.4409
266,결제,청구서 확인,청구서 37777을 찾아야 해요,번호 {{transaction_id}}로 청구서를 찾는 데 도움이 필요하다는 것을 확인했습니다. 청구서를 찾으려면 당사 웹사이트에서 고객님의 계정에 로그인하고 [청구] 또는 [청구서] 섹션으로 이동해 주세요. 여기에서 청구서를 보고 다운로드할 수 있는 옵션을 찾을 수 있습니다.,"[""찾고 있는 특정 청구서를 찾으려면 몇 가지 추가 정보를 제공해 주실 수 있나요? 여기에는 청구서 날짜 범위, 고객 이름 또는 기타 관련 세부 정보가 포함될 수 있습니다. 고객님이 요청한 정보를 제공하시면 저희가 함께 협력하여 청구서를 찾고 필요한 지원을 제공해 드릴 수 있습니다.""]","[정책 문서 1: 쇼핑몰 이용약관 및 운영정책.pdf]
2.3 청구서(영수증·세금계산서) 발급
현금영수증: 결제 완료 시 등록된 휴대폰번호로 지출증빙용 또는 소득공제용 현금영수증이 자동 발행됩니다. 발급 정보는 [마이페이지 > 주문내역 > 영수증 조회]에서 확인
가능합니다.
전자세금계산서: 사업자 회원이 세금계산서 발급을 요청하는 경우, 사업자등록번호·상호·담당자 이메일을 정확히 입력해야 하며 구매 확정 후 발급됩니다.
재발급: 영수증/세금계산서 재발급은 [마이페이지]에서 즉시 재출력이 가능하며, 정보 오류(사업자번호 등)로 인한 정정 발급은 고객센터를 통해 신청해야 합니다.
TIP
청구서 관련 팁 (RAG 응답 기준)
""영수증을 못 받았어요""라는 문의는 먼저 현금영수증(개인) vs 전자세금계산서(사업자) 중 어떤 것이 필요한지 확인한 뒤, 발급 경로를 안내합니다. 세금계산서 발급 정보 오류는 마
이페이지 자체 수정이 아닌 고객센터 정정 신청 대상임을 명확히 안내합니다.

[정책 문서 2: 전자상거래_표준약관.pdf]
1. 재화 등의 검색 및 선택

2. 받는 사람의 성명, 주소, 전화번호, 전자우편주소(또는 이동전화번호) 등의
입력

3. 약관내용, 청약철회권이 제한되는 서비스, 배송료 ․ 설치비 등의 비용부담과
관련한 내용에 대한 확인

4. 이 약관에 동의하고 위 3.호의 사항을 확인하거나 거부하는 표시
(예, 마우스 클릭)

5. 재화등의 구매신청 및 이에 관한 확인 또는 “몰”의 확인에 대한 동의

6. 결제방법의 선택

② “몰”이 제3자에게 구매자 개인정보를 제공할 필요가 있는 경우 1) 개인정보를
제공받는 자, 2)개인정보를 제공받는 자의 개인정보 이용목적, 3) 제공하는 개
인정보의 항목, 4) 개인정보를 제공받는 자의 개인정보 보유 및 이용기간을 구
매자에게 알리고 동의를 받아야 합니다. (동의를 받은 사항이 변경되는 경우에
도 같습니다.)

[정책 문서 3: 쇼핑몰 이용약관 및 운영정책.pdf]
4. 반품 및 환불 정책 (Return & Refund Policy)

4.1 청약철회(반품) 신청 기간 및 조건
단순 변심: 상품 수령일로부터 7일 이내에 반품 신청이 가능합니다.
상품 하자 및 오배송: 표시/광고 내용과 다르거나 상품에 하자가 있는 경우, 수령일로부터 3개월 이내 또는 그 사실을 안 날로부터 30일 이내에 신청할 수 있습니다.

4.2 청약철회(반품) 제한 사유
다음 각 호에 해당하는 경우 반품 및 환불이 불가능합니다.
고객의 귀책 사유로 상품 등이 멸실 또는 훼손된 경우 (단, 내용 확인을 위한 포장 훼손 제외)
고객의 사용 또는 일부 소비로 인해 상품의 가치가 현저히 감소한 경우 (예: 의류 착용 흔적, 라벨/택 제거, 화장품 개봉 등)
시간 경과로 재판매가 어려울 정도로 상품 가치가 떨어진 경우
복제가 가능한 상품(CD, DVD, 도서, 소프트웨어 등)의 포장을 훼손한 경우",14.5926
267,결제,청구서 확인,{{name}}에서 보낸 청구서를 확인해야 합니다. 어떻게 해야 하나요?,청구서를 확인하려면 당사 웹사이트에서 고객님의 계정에 로그인하고 [청구] 또는 [청구서] 섹션으로 이동해 주세요. 여기에서 {{name}}와 관련된 청구서를 보고 다운로드할 수 있습니다.,"[""청구서를 보려면 다음 단계를 따라 주세요. 1. 당사 웹사이트에서 고객님의 계정에 로그인해 주세요. 2. [결제] 섹션 또는 [계정] 섹션으로 이동해 주세요. 3. [청구서] 또는 [청구서] 탭을 찾아 주세요. 4. 송장을 날짜별로 필터링하거나 {{name}} 고객님의 송장을 구체적으로 검색해 주세요. 5. 송장을 클릭하여 세부정보를 열고 확인해 주세요. 이 과정에서 어려움이 발생할 경우 알려주시면 추가로 안내해 드리겠습니다.""]","[정책 문서 1: 쇼핑몰 이용약관 및 운영정책.pdf]
2.3 청구서(영수증·세금계산서) 발급
현금영수증: 결제 완료 시 등록된 휴대폰번호로 지출증빙용 또는 소득공제용 현금영수증이 자동 발행됩니다. 발급 정보는 [마이페이지 > 주문내역 > 영수증 조회]에서 확인
가능합니다.
전자세금계산서: 사업자 회원이 세금계산서 발급을 요청하는 경우, 사업자등록번호·상호·담당자 이메일을 정확히 입력해야 하며 구매 확정 후 발급됩니다.
재발급: 영수증/세금계산서 재발급은 [마이페이지]에서 즉시 재출력이 가능하며, 정보 오류(사업자번호 등)로 인한 정정 발급은 고객센터를 통해 신청해야 합니다.
TIP
청구서 관련 팁 (RAG 응답 기준)
""영수증을 못 받았어요""라는 문의는 먼저 현금영수증(개인) vs 전자세금계산서(사업자) 중 어떤 것이 필요한지 확인한 뒤, 발급 경로를 안내합니다. 세금계산서 발급 정보 오류는 마
이페이지 자체 수정이 아닌 고객센터 정정 신청 대상임을 명확히 안내합니다.

[정책 문서 2: 쇼핑몰 이용약관 및 운영정책.pdf]
TIP
결제 오류 관련 팁 (RAG 응답 기준)
""결제가 안 돼요""라는 문의는 먼저 실제 결제/주문 완료 여부부터 확인하도록 안내하고, 이중 결제가 의심되는 경우 임의로 환불을 약속하지 말고 승인 내역 확인 절차부터 안내합니
다.

[정책 문서 3: 쇼핑몰 이용약관 및 운영정책.pdf]
2.4 결제 오류 및 실패 처리
결제 시도 중 오류(승인 거절, 먹통, 응답 지연 등)가 발생한 경우, 우선 [마이페이지 > 주문내역]에서 실제 결제 완료 여부를 확인해야 합니다.
이중 결제(중복 승인): 동일 주문에 대해 결제가 두 번 승인된 경우, 시스템이 익영업일 이내 자동 취소 처리하며 카드사 승인 취소 내역으로 확인할 수 있습니다. 자동 취소가
지연되면 승인 내역을 첨부하여 고객센터로 문의해야 합니다.
결제 실패(승인 거절): 카드 한도 초과, 카드사 보안 정책, 입력 정보 오류 등이 주요 원인이며, 카드사 확인이 우선이고 해결되지 않으면 다른 결제 수단으로 재시도를 안내
합니다.
오류 신고: 반복적인 결제 오류는 오류 발생 시각, 사용 결제수단, 오류 메시지 화면을 첨부하여 고객센터로 접수하면 결제 PG사와 함께 원인을 조사합니다.
TIP
결제 오류 관련 팁 (RAG 응답 기준)",10.8592
268,결제,청구서 확인,{{name}}에서 보낸 청구서 찾는 것을 도와주실 수 있나요?,청구서를 찾는 데 도움이 되도록 날짜 범위나 청구서와 관련된 특정 정보 등 추가 세부정보를 제공해 주실 수 있나요?,"[""보다 효과적으로 도움을 드릴 수 있도록 기간 또는 이 청구서와 관련된 기타 특정 정보를 제공해 주실 수 있나요? 저는 고객님께 모든 단계를 안내하고 필요한 정보를 찾는 데 도움을 드리고 있습니다.""]","[정책 문서 1: 쇼핑몰 이용약관 및 운영정책.pdf]
2.3 청구서(영수증·세금계산서) 발급
현금영수증: 결제 완료 시 등록된 휴대폰번호로 지출증빙용 또는 소득공제용 현금영수증이 자동 발행됩니다. 발급 정보는 [마이페이지 > 주문내역 > 영수증 조회]에서 확인
가능합니다.
전자세금계산서: 사업자 회원이 세금계산서 발급을 요청하는 경우, 사업자등록번호·상호·담당자 이메일을 정확히 입력해야 하며 구매 확정 후 발급됩니다.
재발급: 영수증/세금계산서 재발급은 [마이페이지]에서 즉시 재출력이 가능하며, 정보 오류(사업자번호 등)로 인한 정정 발급은 고객센터를 통해 신청해야 합니다.
TIP
청구서 관련 팁 (RAG 응답 기준)
""영수증을 못 받았어요""라는 문의는 먼저 현금영수증(개인) vs 전자세금계산서(사업자) 중 어떤 것이 필요한지 확인한 뒤, 발급 경로를 안내합니다. 세금계산서 발급 정보 오류는 마
이페이지 자체 수정이 아닌 고객센터 정정 신청 대상임을 명확히 안내합니다.

[정책 문서 2: 쇼핑몰 이용약관 및 운영정책.pdf]
4.5 환불 진행 상황 조회 방법
[마이페이지 > 주문내역 > 환불/취소 내역]에서 처리 단계(반품 접수 → 입고 확인 → 검품 승인 → 환불 처리 완료)를 실시간으로 확인할 수 있습니다.
검품 승인 이후 4.4항의 환불 소요 기간이 지나도 반영되지 않은 경우, 결제 수단과 반품 승인일을 확인한 뒤 고객센터로 문의해야 합니다.
부분 환불(일부 품목만 반품 등)의 경우 환불 금액이 전체 결제 금액과 다를 수 있으므로, 반품 접수 시 안내된 예상 환불 금액을 우선 확인합니다.
TIP
환불 조회 관련 팁 (RAG 응답 기준)
""환불 언제 되나요""라는 문의는 먼저 [마이페이지] 조회 경로를 안내하고, 4.4항의 결제 수단별 소요 기간 이내인지 확인한 뒤, 소요 기간을 초과한 경우에만 고객센터 개별 확인으로
연결합니다.

[정책 문서 3: 쇼핑몰 이용약관 및 운영정책.pdf]
금액·기간 등 수치 정보는 원문 그대로 정확히 인용하고, 임의로 추정하지 않습니다.
법정대리인 동의, 분쟁조정 등 법적 절차가 필요한 문의는 최종 처리 결과를 단정하지 말고 ""확인 후 안내드리겠습니다"" 형태로 고객센터 상담 연결을 병행 안내합니
다.",8.4707
269,결제,청구서 확인,내 청구서를 찾아야 해요 37777 어떻게 해야 하나요?,번호 {{transaction_id}}로 청구서를 찾는 데 도움이 필요하다는 것을 확인했습니다. 청구서를 찾으려면 당사 웹사이트에서 고객님의 계정에 로그인하고 [청구] 또는 [청구서] 섹션으로 이동해 주세요. 여기에서 청구서를 보고 다운로드할 수 있는 옵션을 찾을 수 있습니다.,"[""번호 {{transaction_id}}가 포함된 청구서를 찾는 데 도움을 요청해 주셔서 감사합니다. 청구서를 찾으려면 다음 단계를 시도해 보세요. 1. 이메일 확인: 이메일 받은 편지함에서 청구서와 관련된 이메일을 검색해 주세요. 청구서가 이메일을 통해 전송되었을 수도 있습니다. 2. 계정 포털: 당사 웹사이트에서 고객님의 계정에 로그인하고 [청구서] 섹션으로 이동해 주세요. 그곳에서 청구서를 찾고 필요한 경우 사본을 다운로드할 수 있습니다. 3. 고객센터에 문의: 위의 단계를 통해 청구서를 찾을 수 없는 경우, 고객센터에 문의해 주세요.""]","[정책 문서 1: 쇼핑몰 이용약관 및 운영정책.pdf]
2.3 청구서(영수증·세금계산서) 발급
현금영수증: 결제 완료 시 등록된 휴대폰번호로 지출증빙용 또는 소득공제용 현금영수증이 자동 발행됩니다. 발급 정보는 [마이페이지 > 주문내역 > 영수증 조회]에서 확인
가능합니다.
전자세금계산서: 사업자 회원이 세금계산서 발급을 요청하는 경우, 사업자등록번호·상호·담당자 이메일을 정확히 입력해야 하며 구매 확정 후 발급됩니다.
재발급: 영수증/세금계산서 재발급은 [마이페이지]에서 즉시 재출력이 가능하며, 정보 오류(사업자번호 등)로 인한 정정 발급은 고객센터를 통해 신청해야 합니다.
TIP
청구서 관련 팁 (RAG 응답 기준)
""영수증을 못 받았어요""라는 문의는 먼저 현금영수증(개인) vs 전자세금계산서(사업자) 중 어떤 것이 필요한지 확인한 뒤, 발급 경로를 안내합니다. 세금계산서 발급 정보 오류는 마
이페이지 자체 수정이 아닌 고객센터 정정 신청 대상임을 명확히 안내합니다.

[정책 문서 2: 전자상거래_표준약관.pdf]
1. 재화 등의 검색 및 선택

2. 받는 사람의 성명, 주소, 전화번호, 전자우편주소(또는 이동전화번호) 등의
입력

3. 약관내용, 청약철회권이 제한되는 서비스, 배송료 ․ 설치비 등의 비용부담과
관련한 내용에 대한 확인

4. 이 약관에 동의하고 위 3.호의 사항을 확인하거나 거부하는 표시
(예, 마우스 클릭)

5. 재화등의 구매신청 및 이에 관한 확인 또는 “몰”의 확인에 대한 동의

6. 결제방법의 선택

② “몰”이 제3자에게 구매자 개인정보를 제공할 필요가 있는 경우 1) 개인정보를
제공받는 자, 2)개인정보를 제공받는 자의 개인정보 이용목적, 3) 제공하는 개
인정보의 항목, 4) 개인정보를 제공받는 자의 개인정보 보유 및 이용기간을 구
매자에게 알리고 동의를 받아야 합니다. (동의를 받은 사항이 변경되는 경우에
도 같습니다.)

[정책 문서 3: 쇼핑몰 이용약관 및 운영정책.pdf]
12.2 문의 채널
1:1 채팅 상담: 앱/웹 하단 [고객센터] 메뉴에서 실시간 상담 가능 (운영시간 내)
대표 전화: 상품 페이지 및 마이페이지 하단에 안내된 대표번호로 연결
이메일 문의: 운영시간 외 문의는 이메일로 접수 시 순차 확인 후 회신",14.0281
270,결제,청구서 확인,내 청구서를 간단히 살펴보고 싶어요 37777 도움이 필요해요,번호 {{transaction_id}}로 청구서를 간단히 살펴보고 싶다는 고객님의 요청을 확인했습니다. 청구서를 확인하려면 당사 웹사이트에서 고객님의 계정에 로그인한 후 [청구] 또는 [청구서] 섹션으로 이동해 주세요. 여기에서 청구서를 보고 다운로드할 수 있는 옵션을 찾을 수 있습니다.,"[""필요한 정보를 검색하는 동안 양해해 주시기 바랍니다.""]","[정책 문서 1: 쇼핑몰 이용약관 및 운영정책.pdf]
2.3 청구서(영수증·세금계산서) 발급
현금영수증: 결제 완료 시 등록된 휴대폰번호로 지출증빙용 또는 소득공제용 현금영수증이 자동 발행됩니다. 발급 정보는 [마이페이지 > 주문내역 > 영수증 조회]에서 확인
가능합니다.
전자세금계산서: 사업자 회원이 세금계산서 발급을 요청하는 경우, 사업자등록번호·상호·담당자 이메일을 정확히 입력해야 하며 구매 확정 후 발급됩니다.
재발급: 영수증/세금계산서 재발급은 [마이페이지]에서 즉시 재출력이 가능하며, 정보 오류(사업자번호 등)로 인한 정정 발급은 고객센터를 통해 신청해야 합니다.
TIP
청구서 관련 팁 (RAG 응답 기준)
""영수증을 못 받았어요""라는 문의는 먼저 현금영수증(개인) vs 전자세금계산서(사업자) 중 어떤 것이 필요한지 확인한 뒤, 발급 경로를 안내합니다. 세금계산서 발급 정보 오류는 마
이페이지 자체 수정이 아닌 고객센터 정정 신청 대상임을 명확히 안내합니다.

[정책 문서 2: 쇼핑몰 이용약관 및 운영정책.pdf]
12.2 문의 채널
1:1 채팅 상담: 앱/웹 하단 [고객센터] 메뉴에서 실시간 상담 가능 (운영시간 내)
대표 전화: 상품 페이지 및 마이페이지 하단에 안내된 대표번호로 연결
이메일 문의: 운영시간 외 문의는 이메일로 접수 시 순차 확인 후 회신

[정책 문서 3: 쇼핑몰 이용약관 및 운영정책.pdf]
12.3 응답 소요 시간
채팅 상담: 운영시간 내 평균 수 분 이내 응답
게시판/이메일 문의: 영업일 기준 1일 이내 답변을 원칙으로 하되, 물류 조사가 필요한 배송 사고 등은 추가 시간이 소요될 수 있습니다.
TIP
고객센터 문의 관련 팁 (RAG 응답 기준)
상담원 연결/영업시간 문의는 채팅 상담을 우선 안내하고, 주문 상태 조회처럼 시스템에서 바로 확인 가능한 사항은 채널 안내보다 [마이페이지] 경로를 먼저 제시합니다.
가이드
AI CS 챗봇 응답 가이드라인 (RAG 운영자 참고)
사용자 문의 응답 시, 단답형 안내 대신 
[처리 가능 조건 → 신청 경로 → 예외 사항/배송비]
구조로 답변하도록 시스템 프롬프트(System Prompt)를 구성해 주세요.
추가로 다음 원칙을 권장합니다.
주문 상태(입금대기/결제완료/상품준비중/배송중)를 먼저 확인하도록 유도한 뒤, 상태별 처리 가능 여부를 안내합니다.",13.9927
271,결제,청구서 확인,내 청구서에 대해 빠른 설명을 제공하는 데 도움이 필요합니다 37777,번호 {{transaction_id}}로 청구서에 대한 간략한 설명을 제공해 드릴 수 있도록 도와드리겠습니다. 청구서에 대한 구체적인 세부정보를 확인하려면 당사 웹사이트에서 고객님의 계정에 로그인하고 [청구] 또는 [청구서] 섹션으로 이동해 주세요. 여기에서 청구서를 보고 다운로드할 수 있는 옵션을 찾을 수 있습니다.,"[""바로 들어가서 원하는 세부정보를 찾아보세요. 고객님의 계정 정보나 기간, 금액 등 기타 관련 세부정보를 제공해 주실 수 있나요? 저는 모든 단계를 안내해 드리겠습니다.""]","[정책 문서 1: 쇼핑몰 이용약관 및 운영정책.pdf]
2.3 청구서(영수증·세금계산서) 발급
현금영수증: 결제 완료 시 등록된 휴대폰번호로 지출증빙용 또는 소득공제용 현금영수증이 자동 발행됩니다. 발급 정보는 [마이페이지 > 주문내역 > 영수증 조회]에서 확인
가능합니다.
전자세금계산서: 사업자 회원이 세금계산서 발급을 요청하는 경우, 사업자등록번호·상호·담당자 이메일을 정확히 입력해야 하며 구매 확정 후 발급됩니다.
재발급: 영수증/세금계산서 재발급은 [마이페이지]에서 즉시 재출력이 가능하며, 정보 오류(사업자번호 등)로 인한 정정 발급은 고객센터를 통해 신청해야 합니다.
TIP
청구서 관련 팁 (RAG 응답 기준)
""영수증을 못 받았어요""라는 문의는 먼저 현금영수증(개인) vs 전자세금계산서(사업자) 중 어떤 것이 필요한지 확인한 뒤, 발급 경로를 안내합니다. 세금계산서 발급 정보 오류는 마
이페이지 자체 수정이 아닌 고객센터 정정 신청 대상임을 명확히 안내합니다.

[정책 문서 2: 쇼핑몰 이용약관 및 운영정책.pdf]
12.3 응답 소요 시간
채팅 상담: 운영시간 내 평균 수 분 이내 응답
게시판/이메일 문의: 영업일 기준 1일 이내 답변을 원칙으로 하되, 물류 조사가 필요한 배송 사고 등은 추가 시간이 소요될 수 있습니다.
TIP
고객센터 문의 관련 팁 (RAG 응답 기준)
상담원 연결/영업시간 문의는 채팅 상담을 우선 안내하고, 주문 상태 조회처럼 시스템에서 바로 확인 가능한 사항은 채널 안내보다 [마이페이지] 경로를 먼저 제시합니다.
가이드
AI CS 챗봇 응답 가이드라인 (RAG 운영자 참고)
사용자 문의 응답 시, 단답형 안내 대신 
[처리 가능 조건 → 신청 경로 → 예외 사항/배송비]
구조로 답변하도록 시스템 프롬프트(System Prompt)를 구성해 주세요.
추가로 다음 원칙을 권장합니다.
주문 상태(입금대기/결제완료/상품준비중/배송중)를 먼저 확인하도록 유도한 뒤, 상태별 처리 가능 여부를 안내합니다.

[정책 문서 3: 쇼핑몰 이용약관 및 운영정책.pdf]
10. 분쟁해결 및 소비자보호 (Dispute Resolution)
고객센터 우선 협의: 모든 분쟁은 고객센터를 통한 협의를 우선 원칙으로 하며, 접수 후 영업일 기준 3일 이내 답변을 원칙으로 합니다.
소비자분쟁조정: 고객센터 협의로 해결되지 않을 경우, 한국소비자원 또는 전자거래분쟁조정위원회에 조정을 신청할 수 있습니다.
전자상거래법 고지: 본 약관에서 정하지 않은 사항은 「전자상거래 등에서의 소비자보호에 관한 법률」 등 관계 법령 및 공정거래위원회가 정한 「전자상거래 등에서의 소
비자보호 지침」을 따릅니다.",15.0344
272,결제,청구서 확인,{{name}}에서 보낸 청구서는 어디서 볼 수 있나요?,청구서를 찾으려면 당사 웹사이트에서 고객님의 계정에 로그인한 후 [청구] 또는 [청구서] 섹션으로 이동해 주세요. 여기에서 {{name}}와 관련된 청구서를 보고 다운로드할 수 있습니다.,"[""{{name}} 고객님의 청구서를 찾는 것이 중요하다는 점을 크고 분명하게 들었습니다. 청구서를 보려면 당사 웹사이트의 온라인 계정에 로그인한 후 [청구] 또는 [청구서] 섹션으로 이동해 주세요. 또는 청구서를 찾고 액세스하는 데 도움을 드릴 고객센터에 문의하실 수도 있습니다. 연락처는 당사 웹사이트에서 확인할 수 있습니다.""]","[정책 문서 1: 쇼핑몰 이용약관 및 운영정책.pdf]
2.3 청구서(영수증·세금계산서) 발급
현금영수증: 결제 완료 시 등록된 휴대폰번호로 지출증빙용 또는 소득공제용 현금영수증이 자동 발행됩니다. 발급 정보는 [마이페이지 > 주문내역 > 영수증 조회]에서 확인
가능합니다.
전자세금계산서: 사업자 회원이 세금계산서 발급을 요청하는 경우, 사업자등록번호·상호·담당자 이메일을 정확히 입력해야 하며 구매 확정 후 발급됩니다.
재발급: 영수증/세금계산서 재발급은 [마이페이지]에서 즉시 재출력이 가능하며, 정보 오류(사업자번호 등)로 인한 정정 발급은 고객센터를 통해 신청해야 합니다.
TIP
청구서 관련 팁 (RAG 응답 기준)
""영수증을 못 받았어요""라는 문의는 먼저 현금영수증(개인) vs 전자세금계산서(사업자) 중 어떤 것이 필요한지 확인한 뒤, 발급 경로를 안내합니다. 세금계산서 발급 정보 오류는 마
이페이지 자체 수정이 아닌 고객센터 정정 신청 대상임을 명확히 안내합니다.

[정책 문서 2: 전자상거래_표준약관.pdf]
제3조 (약관 등의 명시와 설명 및 개정)

① “몰”은 이 약관의 내용과 상호 및 대표자 성명, 영업소 소재지 주소(소비자의
불만을 처리할 수 있는 곳의 주소를 포함), 전화번호 ․ 모사전송번호 ․ 전자우편주
소, 사업자등록번호, 통신판매업 신고번호, 개인정보관리책임자등을 이용자가
쉽게 알 수 있도록 00 사이버몰의 초기 서비스화면(전면)에 게시합니다. 다만,
약관의 내용은 이용자가 연결화면을 통하여 볼 수 있도록 할 수 있습니다.
② “몰은 이용자가 약관에 동의하기에 앞서 약관에 정하여져 있는 내용 중 청약철
회 ․ 배송책임 ․ 환불조건 등과 같은 중요한 내용을 이용자가 이해할 수 있도록 별
도의 연결화면 또는 팝업화면 등을 제공하여 이용자의 확인을 구하여야 합니다.

[정책 문서 3: 쇼핑몰 이용약관 및 운영정책.pdf]
4.5 환불 진행 상황 조회 방법
[마이페이지 > 주문내역 > 환불/취소 내역]에서 처리 단계(반품 접수 → 입고 확인 → 검품 승인 → 환불 처리 완료)를 실시간으로 확인할 수 있습니다.
검품 승인 이후 4.4항의 환불 소요 기간이 지나도 반영되지 않은 경우, 결제 수단과 반품 승인일을 확인한 뒤 고객센터로 문의해야 합니다.
부분 환불(일부 품목만 반품 등)의 경우 환불 금액이 전체 결제 금액과 다를 수 있으므로, 반품 접수 시 안내된 예상 환불 금액을 우선 확인합니다.
TIP
환불 조회 관련 팁 (RAG 응답 기준)
""환불 언제 되나요""라는 문의는 먼저 [마이페이지] 조회 경로를 안내하고, 4.4항의 결제 수단별 소요 기간 이내인지 확인한 뒤, 소요 기간을 초과한 경우에만 고객센터 개별 확인으로
연결합니다.",11.8638
273,결제,청구서 확인,{{name}}의 송장을 보세요,청구서를 찾는 데 도움이 되도록 송장 번호나 기타 관련 정보를 제공해 주실 수 있나요?,"[""고객님께서 {{name}}의 청구서를 보고 싶어하신다는 것을 깨달았습니다. 이 문제를 해결하는 데 도움이 되도록 고객님이 찾고 있는 청구서에 관련된 날짜 범위나 추가 세부정보를 알려주실 수 있나요? 이 정보는 청구서를 보다 효율적으로 찾고 고객님께 필요한 지침을 제공하는 데 도움이 됩니다.""]","[정책 문서 1: 쇼핑몰 이용약관 및 운영정책.pdf]
6.2 배송 기간 및 배송 조회
평균 배송 기간: 결제 완료(입금 확인) 기준 영업일 2~4일 이내 발송을 원칙으로 하며, 발송 후 1~3일 내 수령이 일반적입니다.
배송 조회: 상품 발송 시 등록된 연락처로 송장번호가 자동 발송되며, [마이페이지 > 주문내역 > 배송조회]에서 실시간 확인이 가능합니다.
배송 지연 안내: 천재지변, 물류사 파업, 명절 성수기 등 회사의 통제 범위를 벗어난 사유로 배송이 지연될 경우, 사전 공지 후 예상 지연 기간을 안내합니다.

6.3 배송 사고 처리 (분실/파손)
배송 중 분실: 택배사 배송 조회 상 '배송완료'로 표시되었으나 고객이 미수령한 경우, 고객센터와 택배사 공동 조사를 진행하며 조사 결과에 따라 재발송 또는 환불이 결정
됩니다.
파손 수령: 상품 수령 시 박스나 상품이 파손된 경우, 개봉 전 상태를 사진으로 촬영해 두어야 원활한 보상 처리가 가능하며, 수령 후 7일 이내 고객센터로 신고해야 합니다.

[정책 문서 2: 전자상거래_표준약관.pdf]
제3조 (약관 등의 명시와 설명 및 개정)

① “몰”은 이 약관의 내용과 상호 및 대표자 성명, 영업소 소재지 주소(소비자의
불만을 처리할 수 있는 곳의 주소를 포함), 전화번호 ․ 모사전송번호 ․ 전자우편주
소, 사업자등록번호, 통신판매업 신고번호, 개인정보관리책임자등을 이용자가
쉽게 알 수 있도록 00 사이버몰의 초기 서비스화면(전면)에 게시합니다. 다만,
약관의 내용은 이용자가 연결화면을 통하여 볼 수 있도록 할 수 있습니다.
② “몰은 이용자가 약관에 동의하기에 앞서 약관에 정하여져 있는 내용 중 청약철
회 ․ 배송책임 ․ 환불조건 등과 같은 중요한 내용을 이용자가 이해할 수 있도록 별
도의 연결화면 또는 팝업화면 등을 제공하여 이용자의 확인을 구하여야 합니다.

[정책 문서 3: 쇼핑몰 이용약관 및 운영정책.pdf]
2.3 청구서(영수증·세금계산서) 발급
현금영수증: 결제 완료 시 등록된 휴대폰번호로 지출증빙용 또는 소득공제용 현금영수증이 자동 발행됩니다. 발급 정보는 [마이페이지 > 주문내역 > 영수증 조회]에서 확인
가능합니다.
전자세금계산서: 사업자 회원이 세금계산서 발급을 요청하는 경우, 사업자등록번호·상호·담당자 이메일을 정확히 입력해야 하며 구매 확정 후 발급됩니다.
재발급: 영수증/세금계산서 재발급은 [마이페이지]에서 즉시 재출력이 가능하며, 정보 오류(사업자번호 등)로 인한 정정 발급은 고객센터를 통해 신청해야 합니다.
TIP
청구서 관련 팁 (RAG 응답 기준)
""영수증을 못 받았어요""라는 문의는 먼저 현금영수증(개인) vs 전자세금계산서(사업자) 중 어떤 것이 필요한지 확인한 뒤, 발급 경로를 안내합니다. 세금계산서 발급 정보 오류는 마
이페이지 자체 수정이 아닌 고객센터 정정 신청 대상임을 명확히 안내합니다.",8.9092
274,결제,청구서 확인,청구서 00108을 보려면 어떻게 해야 하는지 모르겠습니다.,청구서를 보려면 당사 웹사이트에서 고객님의 계정에 로그인한 후 [청구] 또는 [청구서] 섹션으로 이동해 주세요. 여기에서 청구서를 보고 다운로드할 수 있는 옵션을 찾을 수 있습니다.,"[""청구서에 액세스하고 보려면 다음과 같은 간단한 단계를 따라 주세요. 1. 당사 웹사이트에서 고객님의 계정에 로그인해 주세요. 2. [청구] 또는 [청구서] 섹션으로 이동해 주세요. 3. 번호 {{transaction_id}}가 표시된 송장을 찾아 주세요. 4. 청구서를 클릭하여 세부정보를 확인해 주세요.""]","[정책 문서 1: 쇼핑몰 이용약관 및 운영정책.pdf]
2.3 청구서(영수증·세금계산서) 발급
현금영수증: 결제 완료 시 등록된 휴대폰번호로 지출증빙용 또는 소득공제용 현금영수증이 자동 발행됩니다. 발급 정보는 [마이페이지 > 주문내역 > 영수증 조회]에서 확인
가능합니다.
전자세금계산서: 사업자 회원이 세금계산서 발급을 요청하는 경우, 사업자등록번호·상호·담당자 이메일을 정확히 입력해야 하며 구매 확정 후 발급됩니다.
재발급: 영수증/세금계산서 재발급은 [마이페이지]에서 즉시 재출력이 가능하며, 정보 오류(사업자번호 등)로 인한 정정 발급은 고객센터를 통해 신청해야 합니다.
TIP
청구서 관련 팁 (RAG 응답 기준)
""영수증을 못 받았어요""라는 문의는 먼저 현금영수증(개인) vs 전자세금계산서(사업자) 중 어떤 것이 필요한지 확인한 뒤, 발급 경로를 안내합니다. 세금계산서 발급 정보 오류는 마
이페이지 자체 수정이 아닌 고객센터 정정 신청 대상임을 명확히 안내합니다.

[정책 문서 2: 전자상거래_표준약관.pdf]
제3조 (약관 등의 명시와 설명 및 개정)

① “몰”은 이 약관의 내용과 상호 및 대표자 성명, 영업소 소재지 주소(소비자의
불만을 처리할 수 있는 곳의 주소를 포함), 전화번호 ․ 모사전송번호 ․ 전자우편주
소, 사업자등록번호, 통신판매업 신고번호, 개인정보관리책임자등을 이용자가
쉽게 알 수 있도록 00 사이버몰의 초기 서비스화면(전면)에 게시합니다. 다만,
약관의 내용은 이용자가 연결화면을 통하여 볼 수 있도록 할 수 있습니다.
② “몰은 이용자가 약관에 동의하기에 앞서 약관에 정하여져 있는 내용 중 청약철
회 ․ 배송책임 ․ 환불조건 등과 같은 중요한 내용을 이용자가 이해할 수 있도록 별
도의 연결화면 또는 팝업화면 등을 제공하여 이용자의 확인을 구하여야 합니다.

[정책 문서 3: 쇼핑몰 이용약관 및 운영정책.pdf]
4.5 환불 진행 상황 조회 방법
[마이페이지 > 주문내역 > 환불/취소 내역]에서 처리 단계(반품 접수 → 입고 확인 → 검품 승인 → 환불 처리 완료)를 실시간으로 확인할 수 있습니다.
검품 승인 이후 4.4항의 환불 소요 기간이 지나도 반영되지 않은 경우, 결제 수단과 반품 승인일을 확인한 뒤 고객센터로 문의해야 합니다.
부분 환불(일부 품목만 반품 등)의 경우 환불 금액이 전체 결제 금액과 다를 수 있으므로, 반품 접수 시 안내된 예상 환불 금액을 우선 확인합니다.
TIP
환불 조회 관련 팁 (RAG 응답 기준)
""환불 언제 되나요""라는 문의는 먼저 [마이페이지] 조회 경로를 안내하고, 4.4항의 결제 수단별 소요 기간 이내인지 확인한 뒤, 소요 기간을 초과한 경우에만 고객센터 개별 확인으로
연결합니다.",11.8451
275,결제,청구서 확인,내 청구서 85632를 찾는 데 도움이 필요합니다.,번호 {{transaction_id}}로 청구서를 찾는 데 도움이 필요하다는 것을 확인했습니다. 청구서를 찾으려면 당사 웹사이트에서 고객님의 계정에 로그인하고 [청구] 또는 [청구서] 섹션으로 이동해 주세요. 여기에서 청구서를 보고 다운로드할 수 있는 옵션을 찾을 수 있습니다.,"[""송장에 대한 추가 세부정보나 맥락을 제공해 주실 수 있나요? 저희는 함께 고객님의 송장을 찾아 고객님의 모든 문의 사항이 해결되도록 할 것입니다.""]","[정책 문서 1: 쇼핑몰 이용약관 및 운영정책.pdf]
2.3 청구서(영수증·세금계산서) 발급
현금영수증: 결제 완료 시 등록된 휴대폰번호로 지출증빙용 또는 소득공제용 현금영수증이 자동 발행됩니다. 발급 정보는 [마이페이지 > 주문내역 > 영수증 조회]에서 확인
가능합니다.
전자세금계산서: 사업자 회원이 세금계산서 발급을 요청하는 경우, 사업자등록번호·상호·담당자 이메일을 정확히 입력해야 하며 구매 확정 후 발급됩니다.
재발급: 영수증/세금계산서 재발급은 [마이페이지]에서 즉시 재출력이 가능하며, 정보 오류(사업자번호 등)로 인한 정정 발급은 고객센터를 통해 신청해야 합니다.
TIP
청구서 관련 팁 (RAG 응답 기준)
""영수증을 못 받았어요""라는 문의는 먼저 현금영수증(개인) vs 전자세금계산서(사업자) 중 어떤 것이 필요한지 확인한 뒤, 발급 경로를 안내합니다. 세금계산서 발급 정보 오류는 마
이페이지 자체 수정이 아닌 고객센터 정정 신청 대상임을 명확히 안내합니다.

[정책 문서 2: 쇼핑몰 이용약관 및 운영정책.pdf]
12.2 문의 채널
1:1 채팅 상담: 앱/웹 하단 [고객센터] 메뉴에서 실시간 상담 가능 (운영시간 내)
대표 전화: 상품 페이지 및 마이페이지 하단에 안내된 대표번호로 연결
이메일 문의: 운영시간 외 문의는 이메일로 접수 시 순차 확인 후 회신

[정책 문서 3: 쇼핑몰 이용약관 및 운영정책.pdf]
금액·기간 등 수치 정보는 원문 그대로 정확히 인용하고, 임의로 추정하지 않습니다.
법정대리인 동의, 분쟁조정 등 법적 절차가 필요한 문의는 최종 처리 결과를 단정하지 말고 ""확인 후 안내드리겠습니다"" 형태로 고객센터 상담 연결을 병행 안내합니
다.",12.5411
276,결제,청구서 확인,{{name}}의 청구서를 확인할 수 있나요?,청구서를 찾으려면 당사 웹사이트에서 고객님의 계정에 로그인하고 [청구] 또는 [청구서] 섹션으로 이동해 주세요. 여기에서 {{name}}와 관련된 청구서를 보고 다운로드할 수 있습니다.,"[""이 과정을 최대한 원활하게 진행해 보겠습니다. 특정 기간 또는 기타 관련 세부정보를 제공해 주실 수 있나요? 이를 통해 보다 집중적이고 효율적으로 도움을 드릴 수 있습니다. 저는 모든 단계를 안내해 드리겠습니다.""]","[정책 문서 1: 쇼핑몰 이용약관 및 운영정책.pdf]
2.3 청구서(영수증·세금계산서) 발급
현금영수증: 결제 완료 시 등록된 휴대폰번호로 지출증빙용 또는 소득공제용 현금영수증이 자동 발행됩니다. 발급 정보는 [마이페이지 > 주문내역 > 영수증 조회]에서 확인
가능합니다.
전자세금계산서: 사업자 회원이 세금계산서 발급을 요청하는 경우, 사업자등록번호·상호·담당자 이메일을 정확히 입력해야 하며 구매 확정 후 발급됩니다.
재발급: 영수증/세금계산서 재발급은 [마이페이지]에서 즉시 재출력이 가능하며, 정보 오류(사업자번호 등)로 인한 정정 발급은 고객센터를 통해 신청해야 합니다.
TIP
청구서 관련 팁 (RAG 응답 기준)
""영수증을 못 받았어요""라는 문의는 먼저 현금영수증(개인) vs 전자세금계산서(사업자) 중 어떤 것이 필요한지 확인한 뒤, 발급 경로를 안내합니다. 세금계산서 발급 정보 오류는 마
이페이지 자체 수정이 아닌 고객센터 정정 신청 대상임을 명확히 안내합니다.

[정책 문서 2: 전자상거래_표준약관.pdf]
제3조 (약관 등의 명시와 설명 및 개정)

① “몰”은 이 약관의 내용과 상호 및 대표자 성명, 영업소 소재지 주소(소비자의
불만을 처리할 수 있는 곳의 주소를 포함), 전화번호 ․ 모사전송번호 ․ 전자우편주
소, 사업자등록번호, 통신판매업 신고번호, 개인정보관리책임자등을 이용자가
쉽게 알 수 있도록 00 사이버몰의 초기 서비스화면(전면)에 게시합니다. 다만,
약관의 내용은 이용자가 연결화면을 통하여 볼 수 있도록 할 수 있습니다.
② “몰은 이용자가 약관에 동의하기에 앞서 약관에 정하여져 있는 내용 중 청약철
회 ․ 배송책임 ․ 환불조건 등과 같은 중요한 내용을 이용자가 이해할 수 있도록 별
도의 연결화면 또는 팝업화면 등을 제공하여 이용자의 확인을 구하여야 합니다.

[정책 문서 3: 쇼핑몰 이용약관 및 운영정책.pdf]
4.5 환불 진행 상황 조회 방법
[마이페이지 > 주문내역 > 환불/취소 내역]에서 처리 단계(반품 접수 → 입고 확인 → 검품 승인 → 환불 처리 완료)를 실시간으로 확인할 수 있습니다.
검품 승인 이후 4.4항의 환불 소요 기간이 지나도 반영되지 않은 경우, 결제 수단과 반품 승인일을 확인한 뒤 고객센터로 문의해야 합니다.
부분 환불(일부 품목만 반품 등)의 경우 환불 금액이 전체 결제 금액과 다를 수 있으므로, 반품 접수 시 안내된 예상 환불 금액을 우선 확인합니다.
TIP
환불 조회 관련 팁 (RAG 응답 기준)
""환불 언제 되나요""라는 문의는 먼저 [마이페이지] 조회 경로를 안내하고, 4.4항의 결제 수단별 소요 기간 이내인지 확인한 뒤, 소요 기간을 초과한 경우에만 고객센터 개별 확인으로
연결합니다.",11.757
277,결제,청구서 확인,{{name}}의 청구서를 볼 수 있도록 도와주세요,청구서를 찾는 데 도움이 되도록 날짜 범위나 청구서와 관련된 특정 정보 등 추가 세부정보를 제공해 주실 수 있나요?,"[""정확한 정보를 제공하기 위해 관련 날짜 범위나 특정 청구서 번호 등 더 자세한 정보를 알려주실 수 있나요? 이를 통해 고객님이 찾고 있는 특정 청구서를 보다 효율적으로 찾는 데 도움을 드릴 수 있습니다.""]","[정책 문서 1: 쇼핑몰 이용약관 및 운영정책.pdf]
2.3 청구서(영수증·세금계산서) 발급
현금영수증: 결제 완료 시 등록된 휴대폰번호로 지출증빙용 또는 소득공제용 현금영수증이 자동 발행됩니다. 발급 정보는 [마이페이지 > 주문내역 > 영수증 조회]에서 확인
가능합니다.
전자세금계산서: 사업자 회원이 세금계산서 발급을 요청하는 경우, 사업자등록번호·상호·담당자 이메일을 정확히 입력해야 하며 구매 확정 후 발급됩니다.
재발급: 영수증/세금계산서 재발급은 [마이페이지]에서 즉시 재출력이 가능하며, 정보 오류(사업자번호 등)로 인한 정정 발급은 고객센터를 통해 신청해야 합니다.
TIP
청구서 관련 팁 (RAG 응답 기준)
""영수증을 못 받았어요""라는 문의는 먼저 현금영수증(개인) vs 전자세금계산서(사업자) 중 어떤 것이 필요한지 확인한 뒤, 발급 경로를 안내합니다. 세금계산서 발급 정보 오류는 마
이페이지 자체 수정이 아닌 고객센터 정정 신청 대상임을 명확히 안내합니다.

[정책 문서 2: 전자상거래_표준약관.pdf]
제3조 (약관 등의 명시와 설명 및 개정)

① “몰”은 이 약관의 내용과 상호 및 대표자 성명, 영업소 소재지 주소(소비자의
불만을 처리할 수 있는 곳의 주소를 포함), 전화번호 ․ 모사전송번호 ․ 전자우편주
소, 사업자등록번호, 통신판매업 신고번호, 개인정보관리책임자등을 이용자가
쉽게 알 수 있도록 00 사이버몰의 초기 서비스화면(전면)에 게시합니다. 다만,
약관의 내용은 이용자가 연결화면을 통하여 볼 수 있도록 할 수 있습니다.
② “몰은 이용자가 약관에 동의하기에 앞서 약관에 정하여져 있는 내용 중 청약철
회 ․ 배송책임 ․ 환불조건 등과 같은 중요한 내용을 이용자가 이해할 수 있도록 별
도의 연결화면 또는 팝업화면 등을 제공하여 이용자의 확인을 구하여야 합니다.

[정책 문서 3: 쇼핑몰 이용약관 및 운영정책.pdf]
금액·기간 등 수치 정보는 원문 그대로 정확히 인용하고, 임의로 추정하지 않습니다.
법정대리인 동의, 분쟁조정 등 법적 절차가 필요한 문의는 최종 처리 결과를 단정하지 말고 ""확인 후 안내드리겠습니다"" 형태로 고객센터 상담 연결을 병행 안내합니
다.",8.8713
278,결제,청구서 확인,송장 12588을 빠르게 살펴보는 데 도움이 필요합니다.,청구서를 빠르게 살펴보는 데 도움이 필요하다는 점을 확인했습니다. 청구서를 찾으려면 당사 웹사이트에서 고객님의 계정에 로그인한 후 [청구] 또는 [청구서] 섹션으로 이동해 주세요. 여기에서 청구서를 보고 다운로드할 수 있는 옵션을 찾을 수 있습니다.,"[""송장 해당 번호({{transaction_id}})의 청구서를 빠르게 살펴보는 데 도움을 주셔서 감사합니다. 정확한 정보를 제공하기 위해 날짜 범위나 청구서에서 중점적으로 다루고 싶은 특정 항목 등 기타 관련 세부정보를 알려주실 수 있나요? 이 추가 정보를 통해 송장을 신속하게 찾고 고객님의 문의 사항을 해결할 수 있습니다."", ""송장 번호 해당 번호({{transaction_id}})의 청구서를 빠르게 확인하는 데 도움이 필요하다는 것을 깨달았습니다. 함께 해결책을 찾아보겠습니다. 정확한 정보를 제공하기 위해 청구서 관리에 사용하는 플랫폼이나 시스템을 확인해 주실 수 있나요?"", ""중요한 정보를 신속하게 찾아야 할 때 좌절감을 느낄 수 있습니다. 청구서 해당 번호({{transaction_id}})의 청구서를 빠르게 살펴보려면 당사 웹사이트에서 계정 포털에 액세스해 보세요. 여기에서 [청구서] 또는 [청구] 섹션으로 이동하면 번호가 {{transaction_id}}인 청구서를 포함하여 모든 청구서 목록을 찾을 수 있습니다.""]","[정책 문서 1: 쇼핑몰 이용약관 및 운영정책.pdf]
12.3 응답 소요 시간
채팅 상담: 운영시간 내 평균 수 분 이내 응답
게시판/이메일 문의: 영업일 기준 1일 이내 답변을 원칙으로 하되, 물류 조사가 필요한 배송 사고 등은 추가 시간이 소요될 수 있습니다.
TIP
고객센터 문의 관련 팁 (RAG 응답 기준)
상담원 연결/영업시간 문의는 채팅 상담을 우선 안내하고, 주문 상태 조회처럼 시스템에서 바로 확인 가능한 사항은 채널 안내보다 [마이페이지] 경로를 먼저 제시합니다.
가이드
AI CS 챗봇 응답 가이드라인 (RAG 운영자 참고)
사용자 문의 응답 시, 단답형 안내 대신 
[처리 가능 조건 → 신청 경로 → 예외 사항/배송비]
구조로 답변하도록 시스템 프롬프트(System Prompt)를 구성해 주세요.
추가로 다음 원칙을 권장합니다.
주문 상태(입금대기/결제완료/상품준비중/배송중)를 먼저 확인하도록 유도한 뒤, 상태별 처리 가능 여부를 안내합니다.

[정책 문서 2: 쇼핑몰 이용약관 및 운영정책.pdf]
4.5 환불 진행 상황 조회 방법
[마이페이지 > 주문내역 > 환불/취소 내역]에서 처리 단계(반품 접수 → 입고 확인 → 검품 승인 → 환불 처리 완료)를 실시간으로 확인할 수 있습니다.
검품 승인 이후 4.4항의 환불 소요 기간이 지나도 반영되지 않은 경우, 결제 수단과 반품 승인일을 확인한 뒤 고객센터로 문의해야 합니다.
부분 환불(일부 품목만 반품 등)의 경우 환불 금액이 전체 결제 금액과 다를 수 있으므로, 반품 접수 시 안내된 예상 환불 금액을 우선 확인합니다.
TIP
환불 조회 관련 팁 (RAG 응답 기준)
""환불 언제 되나요""라는 문의는 먼저 [마이페이지] 조회 경로를 안내하고, 4.4항의 결제 수단별 소요 기간 이내인지 확인한 뒤, 소요 기간을 초과한 경우에만 고객센터 개별 확인으로
연결합니다.

[정책 문서 3: 쇼핑몰 이용약관 및 운영정책.pdf]
12.2 문의 채널
1:1 채팅 상담: 앱/웹 하단 [고객센터] 메뉴에서 실시간 상담 가능 (운영시간 내)
대표 전화: 상품 페이지 및 마이페이지 하단에 안내된 대표번호로 연결
이메일 문의: 운영시간 외 문의는 이메일로 접수 시 순차 확인 후 회신",13.6309
279,결제,청구서 확인,내 청구서 12588을 찾아볼 수 있을까요?,번호 {{transaction_id}}로 청구서를 찾는 데 도움이 필요하다는 것을 확인했습니다. 청구서를 찾으려면 당사 웹사이트에서 고객님의 계정에 로그인하고 [청구] 또는 [청구서] 섹션으로 이동해 주세요. 여기에서 청구서를 보고 다운로드할 수 있는 옵션을 찾을 수 있습니다.,"[""저는 같은 페이지에 있습니다. 번호 {{transaction_id}}로 청구서를 찾으려는 고객님의 욕구입니다. 더 나은 도움을 드릴 수 있도록 날짜 범위나 청구서와 관련된 특정 세부정보 등 추가 정보를 제공해 주실 수 있나요? 이를 통해 청구서를 보다 효율적으로 찾고 고객님께 필요한 정보를 제공할 수 있습니다.""]","[정책 문서 1: 쇼핑몰 이용약관 및 운영정책.pdf]
2.3 청구서(영수증·세금계산서) 발급
현금영수증: 결제 완료 시 등록된 휴대폰번호로 지출증빙용 또는 소득공제용 현금영수증이 자동 발행됩니다. 발급 정보는 [마이페이지 > 주문내역 > 영수증 조회]에서 확인
가능합니다.
전자세금계산서: 사업자 회원이 세금계산서 발급을 요청하는 경우, 사업자등록번호·상호·담당자 이메일을 정확히 입력해야 하며 구매 확정 후 발급됩니다.
재발급: 영수증/세금계산서 재발급은 [마이페이지]에서 즉시 재출력이 가능하며, 정보 오류(사업자번호 등)로 인한 정정 발급은 고객센터를 통해 신청해야 합니다.
TIP
청구서 관련 팁 (RAG 응답 기준)
""영수증을 못 받았어요""라는 문의는 먼저 현금영수증(개인) vs 전자세금계산서(사업자) 중 어떤 것이 필요한지 확인한 뒤, 발급 경로를 안내합니다. 세금계산서 발급 정보 오류는 마
이페이지 자체 수정이 아닌 고객센터 정정 신청 대상임을 명확히 안내합니다.

[정책 문서 2: 쇼핑몰 이용약관 및 운영정책.pdf]
12.2 문의 채널
1:1 채팅 상담: 앱/웹 하단 [고객센터] 메뉴에서 실시간 상담 가능 (운영시간 내)
대표 전화: 상품 페이지 및 마이페이지 하단에 안내된 대표번호로 연결
이메일 문의: 운영시간 외 문의는 이메일로 접수 시 순차 확인 후 회신

[정책 문서 3: 쇼핑몰 이용약관 및 운영정책.pdf]
11. 부정거래 및 어뷰징 방지 정책 (Fraud Prevention Policy)
감지 기준: 동일 IP/기기에서의 반복적 쿠폰 신규가입 악용, 매크로를 이용한 한정 수량 상품 선점, 반품을 전제로 한 상습적 대량 주문 등은 어뷰징으로 간주됩니다.
제재 조치: 어뷰징이 확인된 계정은 사전 통보 후 이용 제한(쿠폰/적립 혜택 제외, 주문 제한) 또는 이용 계약 해지 조치가 취해질 수 있습니다.
이의제기: 제재에 이의가 있는 경우 고객센터를 통해 소명 자료를 제출하여 재심을 요청할 수 있습니다.

12. 고객센터 안내 (Customer Support Contact)

12.1 운영시간
평일 09:00 ~ 18:00 (점심시간 12:00 ~ 13:00 제외)
주말, 공휴일 및 회사 지정 휴무일은 상담 운영을 하지 않으며, 게시판/이메일 문의는 접수 후 다음 영업일에 순차 답변됩니다.",13.8851
280,결제,청구서 확인,청구서 00108은 어디서 빠르게 확인할 수 있나요?,청구서를 빠르게 확인하려면 당사 웹사이트에서 고객님의 계정에 로그인한 후 [청구] 또는 [청구서] 섹션으로 이동해 주세요. 여기에서 청구서를 보고 다운로드할 수 있는 옵션을 찾을 수 있습니다.,"[""청구서에 액세스하려면 당사 웹사이트에서 고객님의 계정에 로그인한 후 [청구] 섹션으로 이동해 주세요. 여기에서 {{transaction_id}} 번호가 포함된 모든 청구서 목록을 찾을 수 있습니다.""]","[정책 문서 1: 쇼핑몰 이용약관 및 운영정책.pdf]
2.3 청구서(영수증·세금계산서) 발급
현금영수증: 결제 완료 시 등록된 휴대폰번호로 지출증빙용 또는 소득공제용 현금영수증이 자동 발행됩니다. 발급 정보는 [마이페이지 > 주문내역 > 영수증 조회]에서 확인
가능합니다.
전자세금계산서: 사업자 회원이 세금계산서 발급을 요청하는 경우, 사업자등록번호·상호·담당자 이메일을 정확히 입력해야 하며 구매 확정 후 발급됩니다.
재발급: 영수증/세금계산서 재발급은 [마이페이지]에서 즉시 재출력이 가능하며, 정보 오류(사업자번호 등)로 인한 정정 발급은 고객센터를 통해 신청해야 합니다.
TIP
청구서 관련 팁 (RAG 응답 기준)
""영수증을 못 받았어요""라는 문의는 먼저 현금영수증(개인) vs 전자세금계산서(사업자) 중 어떤 것이 필요한지 확인한 뒤, 발급 경로를 안내합니다. 세금계산서 발급 정보 오류는 마
이페이지 자체 수정이 아닌 고객센터 정정 신청 대상임을 명확히 안내합니다.

[정책 문서 2: 쇼핑몰 이용약관 및 운영정책.pdf]
4.5 환불 진행 상황 조회 방법
[마이페이지 > 주문내역 > 환불/취소 내역]에서 처리 단계(반품 접수 → 입고 확인 → 검품 승인 → 환불 처리 완료)를 실시간으로 확인할 수 있습니다.
검품 승인 이후 4.4항의 환불 소요 기간이 지나도 반영되지 않은 경우, 결제 수단과 반품 승인일을 확인한 뒤 고객센터로 문의해야 합니다.
부분 환불(일부 품목만 반품 등)의 경우 환불 금액이 전체 결제 금액과 다를 수 있으므로, 반품 접수 시 안내된 예상 환불 금액을 우선 확인합니다.
TIP
환불 조회 관련 팁 (RAG 응답 기준)
""환불 언제 되나요""라는 문의는 먼저 [마이페이지] 조회 경로를 안내하고, 4.4항의 결제 수단별 소요 기간 이내인지 확인한 뒤, 소요 기간을 초과한 경우에만 고객센터 개별 확인으로
연결합니다.

[정책 문서 3: 전자상거래_표준약관.pdf]
제3조 (약관 등의 명시와 설명 및 개정)

① “몰”은 이 약관의 내용과 상호 및 대표자 성명, 영업소 소재지 주소(소비자의
불만을 처리할 수 있는 곳의 주소를 포함), 전화번호 ․ 모사전송번호 ․ 전자우편주
소, 사업자등록번호, 통신판매업 신고번호, 개인정보관리책임자등을 이용자가
쉽게 알 수 있도록 00 사이버몰의 초기 서비스화면(전면)에 게시합니다. 다만,
약관의 내용은 이용자가 연결화면을 통하여 볼 수 있도록 할 수 있습니다.
② “몰은 이용자가 약관에 동의하기에 앞서 약관에 정하여져 있는 내용 중 청약철
회 ․ 배송책임 ․ 환불조건 등과 같은 중요한 내용을 이용자가 이해할 수 있도록 별
도의 연결화면 또는 팝업화면 등을 제공하여 이용자의 확인을 구하여야 합니다.",12.2194
281,결제,청구서 확인,내 청구서 00108 좀 잠깐 볼 수 있을까요?,번호 {{transaction_id}}로 청구서를 확인하는 데 도움을 요청해 주셔서 감사합니다. 청구서를 찾는 데 도움이 되도록 날짜 범위나 청구서와 관련된 특정 세부정보 등 추가 정보를 제공해 주실 수 있나요?,"[""청구서에 액세스하려면 계정 대시보드로 이동하여 [청구] 섹션을 찾아 주세요. 해당 항목을 찾으면 청구서를 볼 수 있는 옵션이 나타납니다. 해당 옵션을 클릭한 후 제공된 검색창에 송장 번호 해당 번호({{transaction_id}})의 청구서를 입력해 주세요. 이를 통해 청구서의 특정 세부정보를 빠르게 확인할 수 있습니다.""]","[정책 문서 1: 쇼핑몰 이용약관 및 운영정책.pdf]
2.3 청구서(영수증·세금계산서) 발급
현금영수증: 결제 완료 시 등록된 휴대폰번호로 지출증빙용 또는 소득공제용 현금영수증이 자동 발행됩니다. 발급 정보는 [마이페이지 > 주문내역 > 영수증 조회]에서 확인
가능합니다.
전자세금계산서: 사업자 회원이 세금계산서 발급을 요청하는 경우, 사업자등록번호·상호·담당자 이메일을 정확히 입력해야 하며 구매 확정 후 발급됩니다.
재발급: 영수증/세금계산서 재발급은 [마이페이지]에서 즉시 재출력이 가능하며, 정보 오류(사업자번호 등)로 인한 정정 발급은 고객센터를 통해 신청해야 합니다.
TIP
청구서 관련 팁 (RAG 응답 기준)
""영수증을 못 받았어요""라는 문의는 먼저 현금영수증(개인) vs 전자세금계산서(사업자) 중 어떤 것이 필요한지 확인한 뒤, 발급 경로를 안내합니다. 세금계산서 발급 정보 오류는 마
이페이지 자체 수정이 아닌 고객센터 정정 신청 대상임을 명확히 안내합니다.

[정책 문서 2: 전자상거래_표준약관.pdf]
제3조 (약관 등의 명시와 설명 및 개정)

① “몰”은 이 약관의 내용과 상호 및 대표자 성명, 영업소 소재지 주소(소비자의
불만을 처리할 수 있는 곳의 주소를 포함), 전화번호 ․ 모사전송번호 ․ 전자우편주
소, 사업자등록번호, 통신판매업 신고번호, 개인정보관리책임자등을 이용자가
쉽게 알 수 있도록 00 사이버몰의 초기 서비스화면(전면)에 게시합니다. 다만,
약관의 내용은 이용자가 연결화면을 통하여 볼 수 있도록 할 수 있습니다.
② “몰은 이용자가 약관에 동의하기에 앞서 약관에 정하여져 있는 내용 중 청약철
회 ․ 배송책임 ․ 환불조건 등과 같은 중요한 내용을 이용자가 이해할 수 있도록 별
도의 연결화면 또는 팝업화면 등을 제공하여 이용자의 확인을 구하여야 합니다.

[정책 문서 3: 쇼핑몰 이용약관 및 운영정책.pdf]
금액·기간 등 수치 정보는 원문 그대로 정확히 인용하고, 임의로 추정하지 않습니다.
법정대리인 동의, 분쟁조정 등 법적 절차가 필요한 문의는 최종 처리 결과를 단정하지 말고 ""확인 후 안내드리겠습니다"" 형태로 고객센터 상담 연결을 병행 안내합니
다.",11.081
282,결제,청구서 확인,{{name}}에서 송장을 찾을 수 있나요?,청구서를 찾는 데 도움이 되도록 날짜 범위나 송장 번호 등 구체적인 세부정보를 제공해 주실 수 있나요?,"[""더 나은 지원을 위해 송장 번호나 송장 날짜 범위와 같은 추가 정보를 제공해 주실 수 있나요? 이 정보는 송장을 빠르고 정확하게 찾는 데 도움이 됩니다.""]","[정책 문서 1: 쇼핑몰 이용약관 및 운영정책.pdf]
6.2 배송 기간 및 배송 조회
평균 배송 기간: 결제 완료(입금 확인) 기준 영업일 2~4일 이내 발송을 원칙으로 하며, 발송 후 1~3일 내 수령이 일반적입니다.
배송 조회: 상품 발송 시 등록된 연락처로 송장번호가 자동 발송되며, [마이페이지 > 주문내역 > 배송조회]에서 실시간 확인이 가능합니다.
배송 지연 안내: 천재지변, 물류사 파업, 명절 성수기 등 회사의 통제 범위를 벗어난 사유로 배송이 지연될 경우, 사전 공지 후 예상 지연 기간을 안내합니다.

6.3 배송 사고 처리 (분실/파손)
배송 중 분실: 택배사 배송 조회 상 '배송완료'로 표시되었으나 고객이 미수령한 경우, 고객센터와 택배사 공동 조사를 진행하며 조사 결과에 따라 재발송 또는 환불이 결정
됩니다.
파손 수령: 상품 수령 시 박스나 상품이 파손된 경우, 개봉 전 상태를 사진으로 촬영해 두어야 원활한 보상 처리가 가능하며, 수령 후 7일 이내 고객센터로 신고해야 합니다.

[정책 문서 2: 쇼핑몰 이용약관 및 운영정책.pdf]
7.3 배송지(주소록) 관리
배송지 등록: [마이페이지 > 배송지 관리]에서 여러 개의 배송지를 등록해 두고 주문 시 선택할 수 있으며, 기본 배송지 지정이 가능합니다.
배송지 설정 오류: 도로명주소 검색 오류, 상세주소 미입력 등으로 저장이 되지 않는 경우, 브라우저 캐시 삭제 또는 앱 최신 버전 업데이트 후 재시도를 안내합니다.
등록 가능 개수: 배송지는 최대 30개까지 등록 가능하며, 초과 시 기존 배송지를 삭제한 후 등록해야 합니다.
TIP
배송지 설정 관련 팁 (RAG 응답 기준)
""배송지 설정이 안 돼요""라는 오류 문의는 결제 단계의 배송지 변경(1.2항)과는 다른, 마이페이지 주소록 자체의 저장 오류이므로 구분해서 안내합니다.

8. 쿠폰 및 적립금 정책 (Coupon & Reward Policy)

[정책 문서 3: 전자상거래_표준약관.pdf]
제3조 (약관 등의 명시와 설명 및 개정)

① “몰”은 이 약관의 내용과 상호 및 대표자 성명, 영업소 소재지 주소(소비자의
불만을 처리할 수 있는 곳의 주소를 포함), 전화번호 ․ 모사전송번호 ․ 전자우편주
소, 사업자등록번호, 통신판매업 신고번호, 개인정보관리책임자등을 이용자가
쉽게 알 수 있도록 00 사이버몰의 초기 서비스화면(전면)에 게시합니다. 다만,
약관의 내용은 이용자가 연결화면을 통하여 볼 수 있도록 할 수 있습니다.
② “몰은 이용자가 약관에 동의하기에 앞서 약관에 정하여져 있는 내용 중 청약철
회 ․ 배송책임 ․ 환불조건 등과 같은 중요한 내용을 이용자가 이해할 수 있도록 별
도의 연결화면 또는 팝업화면 등을 제공하여 이용자의 확인을 구하여야 합니다.",9.6618
283,결제,청구서 확인,청구서 37777을 어떻게 찾을 수 있는지 모르겠어요,청구서를 찾으려면 당사 웹사이트에서 고객님의 계정에 로그인한 후 [청구] 또는 [청구서] 섹션으로 이동해 주세요. 여기에서 청구서를 보거나 다운로드할 수 있는 옵션을 찾을 수 있습니다.,"[""저도 같은 페이지에 있습니다. 번호 {{transaction_id}}가 포함된 송장을 찾는 데 혼란을 겪고 있습니다. 특정 청구서를 찾는 것이 어려울 수 있지만 절차를 안내해 드리겠습니다. 청구서 해당 번호({{transaction_id}})의 청구서를 찾으려면 계정과 연결된 이메일 받은 편지함을 확인해 보세요. 청구서는 쉽게 참조할 수 있도록 이메일을 통해 전송되는 경우가 많습니다. 또는 당사 웹사이트에서 고객님의 계정에 로그인하여 [청구] 또는 [송장] 섹션으로 이동할 수 있습니다. 거기에서 지정된 번호로 청구서를 검색하고 볼 수 있습니다.""]","[정책 문서 1: 쇼핑몰 이용약관 및 운영정책.pdf]
2.3 청구서(영수증·세금계산서) 발급
현금영수증: 결제 완료 시 등록된 휴대폰번호로 지출증빙용 또는 소득공제용 현금영수증이 자동 발행됩니다. 발급 정보는 [마이페이지 > 주문내역 > 영수증 조회]에서 확인
가능합니다.
전자세금계산서: 사업자 회원이 세금계산서 발급을 요청하는 경우, 사업자등록번호·상호·담당자 이메일을 정확히 입력해야 하며 구매 확정 후 발급됩니다.
재발급: 영수증/세금계산서 재발급은 [마이페이지]에서 즉시 재출력이 가능하며, 정보 오류(사업자번호 등)로 인한 정정 발급은 고객센터를 통해 신청해야 합니다.
TIP
청구서 관련 팁 (RAG 응답 기준)
""영수증을 못 받았어요""라는 문의는 먼저 현금영수증(개인) vs 전자세금계산서(사업자) 중 어떤 것이 필요한지 확인한 뒤, 발급 경로를 안내합니다. 세금계산서 발급 정보 오류는 마
이페이지 자체 수정이 아닌 고객센터 정정 신청 대상임을 명확히 안내합니다.

[정책 문서 2: 전자상거래_표준약관.pdf]
제3조 (약관 등의 명시와 설명 및 개정)

① “몰”은 이 약관의 내용과 상호 및 대표자 성명, 영업소 소재지 주소(소비자의
불만을 처리할 수 있는 곳의 주소를 포함), 전화번호 ․ 모사전송번호 ․ 전자우편주
소, 사업자등록번호, 통신판매업 신고번호, 개인정보관리책임자등을 이용자가
쉽게 알 수 있도록 00 사이버몰의 초기 서비스화면(전면)에 게시합니다. 다만,
약관의 내용은 이용자가 연결화면을 통하여 볼 수 있도록 할 수 있습니다.
② “몰은 이용자가 약관에 동의하기에 앞서 약관에 정하여져 있는 내용 중 청약철
회 ․ 배송책임 ․ 환불조건 등과 같은 중요한 내용을 이용자가 이해할 수 있도록 별
도의 연결화면 또는 팝업화면 등을 제공하여 이용자의 확인을 구하여야 합니다.

[정책 문서 3: 쇼핑몰 이용약관 및 운영정책.pdf]
4.5 환불 진행 상황 조회 방법
[마이페이지 > 주문내역 > 환불/취소 내역]에서 처리 단계(반품 접수 → 입고 확인 → 검품 승인 → 환불 처리 완료)를 실시간으로 확인할 수 있습니다.
검품 승인 이후 4.4항의 환불 소요 기간이 지나도 반영되지 않은 경우, 결제 수단과 반품 승인일을 확인한 뒤 고객센터로 문의해야 합니다.
부분 환불(일부 품목만 반품 등)의 경우 환불 금액이 전체 결제 금액과 다를 수 있으므로, 반품 접수 시 안내된 예상 환불 금액을 우선 확인합니다.
TIP
환불 조회 관련 팁 (RAG 응답 기준)
""환불 언제 되나요""라는 문의는 먼저 [마이페이지] 조회 경로를 안내하고, 4.4항의 결제 수단별 소요 기간 이내인지 확인한 뒤, 소요 기간을 초과한 경우에만 고객센터 개별 확인으로
연결합니다.",12.8451
284,결제,청구서 확인,송장 12588을 볼 수 있도록 도와주세요,번호 {{transaction_id}}가 포함된 송장을 찾는 데 도움이 필요하다는 것을 확인했습니다. 송장을 찾으려면 당사 웹사이트에서 고객님의 계정에 로그인하고 [청구] 또는 [청구서] 섹션으로 이동해 주세요. 여기에서 {{transaction_id}} 번호가 포함된 송장을 찾아 다운로드할 수 있습니다.,"[""고객님께 필요한 정보를 검색하는 데 잠시만 기다려 주시기 바랍니다.""]","[정책 문서 1: 쇼핑몰 이용약관 및 운영정책.pdf]
6.2 배송 기간 및 배송 조회
평균 배송 기간: 결제 완료(입금 확인) 기준 영업일 2~4일 이내 발송을 원칙으로 하며, 발송 후 1~3일 내 수령이 일반적입니다.
배송 조회: 상품 발송 시 등록된 연락처로 송장번호가 자동 발송되며, [마이페이지 > 주문내역 > 배송조회]에서 실시간 확인이 가능합니다.
배송 지연 안내: 천재지변, 물류사 파업, 명절 성수기 등 회사의 통제 범위를 벗어난 사유로 배송이 지연될 경우, 사전 공지 후 예상 지연 기간을 안내합니다.

6.3 배송 사고 처리 (분실/파손)
배송 중 분실: 택배사 배송 조회 상 '배송완료'로 표시되었으나 고객이 미수령한 경우, 고객센터와 택배사 공동 조사를 진행하며 조사 결과에 따라 재발송 또는 환불이 결정
됩니다.
파손 수령: 상품 수령 시 박스나 상품이 파손된 경우, 개봉 전 상태를 사진으로 촬영해 두어야 원활한 보상 처리가 가능하며, 수령 후 7일 이내 고객센터로 신고해야 합니다.

[정책 문서 2: 쇼핑몰 이용약관 및 운영정책.pdf]
12.3 응답 소요 시간
채팅 상담: 운영시간 내 평균 수 분 이내 응답
게시판/이메일 문의: 영업일 기준 1일 이내 답변을 원칙으로 하되, 물류 조사가 필요한 배송 사고 등은 추가 시간이 소요될 수 있습니다.
TIP
고객센터 문의 관련 팁 (RAG 응답 기준)
상담원 연결/영업시간 문의는 채팅 상담을 우선 안내하고, 주문 상태 조회처럼 시스템에서 바로 확인 가능한 사항은 채널 안내보다 [마이페이지] 경로를 먼저 제시합니다.
가이드
AI CS 챗봇 응답 가이드라인 (RAG 운영자 참고)
사용자 문의 응답 시, 단답형 안내 대신 
[처리 가능 조건 → 신청 경로 → 예외 사항/배송비]
구조로 답변하도록 시스템 프롬프트(System Prompt)를 구성해 주세요.
추가로 다음 원칙을 권장합니다.
주문 상태(입금대기/결제완료/상품준비중/배송중)를 먼저 확인하도록 유도한 뒤, 상태별 처리 가능 여부를 안내합니다.

[정책 문서 3: 쇼핑몰 이용약관 및 운영정책.pdf]
12.2 문의 채널
1:1 채팅 상담: 앱/웹 하단 [고객센터] 메뉴에서 실시간 상담 가능 (운영시간 내)
대표 전화: 상품 페이지 및 마이페이지 하단에 안내된 대표번호로 연결
이메일 문의: 운영시간 외 문의는 이메일로 접수 시 순차 확인 후 회신",14.9205
285,결제,청구서 확인,00108을 찾는 데 도움이 필요해요,청구서를 찾는 데 도움이 필요하다는 것을 확인했습니다. 청구서를 찾으려면 당사 웹사이트에서 고객님의 계정에 로그인하고 [청구] 또는 [청구서] 섹션으로 이동해 주세요. 여기에서 청구서를 보고 다운로드할 수 있는 옵션을 찾을 수 있습니다.,"[""보다 효율적으로 도움을 드릴 수 있도록 날짜 범위나 청구서와 관련된 구체적인 정보 등 추가 세부정보를 제공해 주실 수 있나요? 해당 정보를 사용하여 고객님의 청구서를 성공적으로 찾는 데 협력할 수 있습니다.""]","[정책 문서 1: 쇼핑몰 이용약관 및 운영정책.pdf]
12.2 문의 채널
1:1 채팅 상담: 앱/웹 하단 [고객센터] 메뉴에서 실시간 상담 가능 (운영시간 내)
대표 전화: 상품 페이지 및 마이페이지 하단에 안내된 대표번호로 연결
이메일 문의: 운영시간 외 문의는 이메일로 접수 시 순차 확인 후 회신

[정책 문서 2: 쇼핑몰 이용약관 및 운영정책.pdf]
11. 부정거래 및 어뷰징 방지 정책 (Fraud Prevention Policy)
감지 기준: 동일 IP/기기에서의 반복적 쿠폰 신규가입 악용, 매크로를 이용한 한정 수량 상품 선점, 반품을 전제로 한 상습적 대량 주문 등은 어뷰징으로 간주됩니다.
제재 조치: 어뷰징이 확인된 계정은 사전 통보 후 이용 제한(쿠폰/적립 혜택 제외, 주문 제한) 또는 이용 계약 해지 조치가 취해질 수 있습니다.
이의제기: 제재에 이의가 있는 경우 고객센터를 통해 소명 자료를 제출하여 재심을 요청할 수 있습니다.

12. 고객센터 안내 (Customer Support Contact)

12.1 운영시간
평일 09:00 ~ 18:00 (점심시간 12:00 ~ 13:00 제외)
주말, 공휴일 및 회사 지정 휴무일은 상담 운영을 하지 않으며, 게시판/이메일 문의는 접수 후 다음 영업일에 순차 답변됩니다.

[정책 문서 3: 쇼핑몰 이용약관 및 운영정책.pdf]
12.3 응답 소요 시간
채팅 상담: 운영시간 내 평균 수 분 이내 응답
게시판/이메일 문의: 영업일 기준 1일 이내 답변을 원칙으로 하되, 물류 조사가 필요한 배송 사고 등은 추가 시간이 소요될 수 있습니다.
TIP
고객센터 문의 관련 팁 (RAG 응답 기준)
상담원 연결/영업시간 문의는 채팅 상담을 우선 안내하고, 주문 상태 조회처럼 시스템에서 바로 확인 가능한 사항은 채널 안내보다 [마이페이지] 경로를 먼저 제시합니다.
가이드
AI CS 챗봇 응답 가이드라인 (RAG 운영자 참고)
사용자 문의 응답 시, 단답형 안내 대신 
[처리 가능 조건 → 신청 경로 → 예외 사항/배송비]
구조로 답변하도록 시스템 프롬프트(System Prompt)를 구성해 주세요.
추가로 다음 원칙을 권장합니다.
주문 상태(입금대기/결제완료/상품준비중/배송중)를 먼저 확인하도록 유도한 뒤, 상태별 처리 가능 여부를 안내합니다.",12.8168
286,결제,청구서 확인,청구서 37777 좀 찾아봐도 될까요?,청구서를 찾는 데 도움이 되도록 날짜 범위나 청구서와 관련된 특정 세부정보 등 추가 정보를 제공해 주실 수 있나요?,"[""번호 {{transaction_id}}가 포함된 청구서를 찾는 방법에 대해 도움을 요청하신 것으로 확인됩니다. 청구서를 확인하려면 당사 웹사이트를 방문하여 계정에 로그인해 주세요. 로그인한 후 [청구] 또는 [청구서] 섹션으로 이동해 주세요. 거기에서 지정된 번호가 포함된 청구서를 찾아 다운로드할 수 있습니다.""]","[정책 문서 1: 쇼핑몰 이용약관 및 운영정책.pdf]
2.3 청구서(영수증·세금계산서) 발급
현금영수증: 결제 완료 시 등록된 휴대폰번호로 지출증빙용 또는 소득공제용 현금영수증이 자동 발행됩니다. 발급 정보는 [마이페이지 > 주문내역 > 영수증 조회]에서 확인
가능합니다.
전자세금계산서: 사업자 회원이 세금계산서 발급을 요청하는 경우, 사업자등록번호·상호·담당자 이메일을 정확히 입력해야 하며 구매 확정 후 발급됩니다.
재발급: 영수증/세금계산서 재발급은 [마이페이지]에서 즉시 재출력이 가능하며, 정보 오류(사업자번호 등)로 인한 정정 발급은 고객센터를 통해 신청해야 합니다.
TIP
청구서 관련 팁 (RAG 응답 기준)
""영수증을 못 받았어요""라는 문의는 먼저 현금영수증(개인) vs 전자세금계산서(사업자) 중 어떤 것이 필요한지 확인한 뒤, 발급 경로를 안내합니다. 세금계산서 발급 정보 오류는 마
이페이지 자체 수정이 아닌 고객센터 정정 신청 대상임을 명확히 안내합니다.

[정책 문서 2: 쇼핑몰 이용약관 및 운영정책.pdf]
금액·기간 등 수치 정보는 원문 그대로 정확히 인용하고, 임의로 추정하지 않습니다.
법정대리인 동의, 분쟁조정 등 법적 절차가 필요한 문의는 최종 처리 결과를 단정하지 말고 ""확인 후 안내드리겠습니다"" 형태로 고객센터 상담 연결을 병행 안내합니
다.

[정책 문서 3: 쇼핑몰 이용약관 및 운영정책.pdf]
4. 반품 및 환불 정책 (Return & Refund Policy)

4.1 청약철회(반품) 신청 기간 및 조건
단순 변심: 상품 수령일로부터 7일 이내에 반품 신청이 가능합니다.
상품 하자 및 오배송: 표시/광고 내용과 다르거나 상품에 하자가 있는 경우, 수령일로부터 3개월 이내 또는 그 사실을 안 날로부터 30일 이내에 신청할 수 있습니다.

4.2 청약철회(반품) 제한 사유
다음 각 호에 해당하는 경우 반품 및 환불이 불가능합니다.
고객의 귀책 사유로 상품 등이 멸실 또는 훼손된 경우 (단, 내용 확인을 위한 포장 훼손 제외)
고객의 사용 또는 일부 소비로 인해 상품의 가치가 현저히 감소한 경우 (예: 의류 착용 흔적, 라벨/택 제거, 화장품 개봉 등)
시간 경과로 재판매가 어려울 정도로 상품 가치가 떨어진 경우
복제가 가능한 상품(CD, DVD, 도서, 소프트웨어 등)의 포장을 훼손한 경우",8.7243
287,결제,청구서 확인,{{name}}에서 보낸 송장을 볼 수 있게 도와줄래?,송장을 찾는 데 도움이 되도록 송장 번호나 송장과 관련된 특정 세부정보를 알려주실 수 있나요?,"[""저희가 고객님께 필요한 지원을 제공하는 것은 필수적입니다. 이 문제를 해결하는 데 도움이 되도록 날짜 범위나 찾고 있는 청구서에 관한 기타 관련 세부정보 등 몇 가지 추가 정보를 제공해 주시기 바랍니다. 이를 통해 송장을 더 정확하고 효율적으로 찾을 수 있습니다.""]","[정책 문서 1: 쇼핑몰 이용약관 및 운영정책.pdf]
6.2 배송 기간 및 배송 조회
평균 배송 기간: 결제 완료(입금 확인) 기준 영업일 2~4일 이내 발송을 원칙으로 하며, 발송 후 1~3일 내 수령이 일반적입니다.
배송 조회: 상품 발송 시 등록된 연락처로 송장번호가 자동 발송되며, [마이페이지 > 주문내역 > 배송조회]에서 실시간 확인이 가능합니다.
배송 지연 안내: 천재지변, 물류사 파업, 명절 성수기 등 회사의 통제 범위를 벗어난 사유로 배송이 지연될 경우, 사전 공지 후 예상 지연 기간을 안내합니다.

6.3 배송 사고 처리 (분실/파손)
배송 중 분실: 택배사 배송 조회 상 '배송완료'로 표시되었으나 고객이 미수령한 경우, 고객센터와 택배사 공동 조사를 진행하며 조사 결과에 따라 재발송 또는 환불이 결정
됩니다.
파손 수령: 상품 수령 시 박스나 상품이 파손된 경우, 개봉 전 상태를 사진으로 촬영해 두어야 원활한 보상 처리가 가능하며, 수령 후 7일 이내 고객센터로 신고해야 합니다.

[정책 문서 2: 쇼핑몰 이용약관 및 운영정책.pdf]
4.5 환불 진행 상황 조회 방법
[마이페이지 > 주문내역 > 환불/취소 내역]에서 처리 단계(반품 접수 → 입고 확인 → 검품 승인 → 환불 처리 완료)를 실시간으로 확인할 수 있습니다.
검품 승인 이후 4.4항의 환불 소요 기간이 지나도 반영되지 않은 경우, 결제 수단과 반품 승인일을 확인한 뒤 고객센터로 문의해야 합니다.
부분 환불(일부 품목만 반품 등)의 경우 환불 금액이 전체 결제 금액과 다를 수 있으므로, 반품 접수 시 안내된 예상 환불 금액을 우선 확인합니다.
TIP
환불 조회 관련 팁 (RAG 응답 기준)
""환불 언제 되나요""라는 문의는 먼저 [마이페이지] 조회 경로를 안내하고, 4.4항의 결제 수단별 소요 기간 이내인지 확인한 뒤, 소요 기간을 초과한 경우에만 고객센터 개별 확인으로
연결합니다.

[정책 문서 3: 쇼핑몰 이용약관 및 운영정책.pdf]
금액·기간 등 수치 정보는 원문 그대로 정확히 인용하고, 임의로 추정하지 않습니다.
법정대리인 동의, 분쟁조정 등 법적 절차가 필요한 문의는 최종 처리 결과를 단정하지 말고 ""확인 후 안내드리겠습니다"" 형태로 고객센터 상담 연결을 병행 안내합니
다.",9.126
288,결제,청구서 확인,{{name}}의 청구서를 확인해보세요,청구서를 찾는 데 도움이 되도록 날짜 범위나 청구서와 관련된 특정 정보 등 추가 세부정보를 제공해 주실 수 있나요?,"[""{{name}} 고객님의 청구서를 찾는 데 도움이 필요하다고 말씀드립니다. 날짜 범위나 청구서와 관련된 특정 정보 등 추가 세부정보를 알려주실 수 있나요?""]","[정책 문서 1: 쇼핑몰 이용약관 및 운영정책.pdf]
2.3 청구서(영수증·세금계산서) 발급
현금영수증: 결제 완료 시 등록된 휴대폰번호로 지출증빙용 또는 소득공제용 현금영수증이 자동 발행됩니다. 발급 정보는 [마이페이지 > 주문내역 > 영수증 조회]에서 확인
가능합니다.
전자세금계산서: 사업자 회원이 세금계산서 발급을 요청하는 경우, 사업자등록번호·상호·담당자 이메일을 정확히 입력해야 하며 구매 확정 후 발급됩니다.
재발급: 영수증/세금계산서 재발급은 [마이페이지]에서 즉시 재출력이 가능하며, 정보 오류(사업자번호 등)로 인한 정정 발급은 고객센터를 통해 신청해야 합니다.
TIP
청구서 관련 팁 (RAG 응답 기준)
""영수증을 못 받았어요""라는 문의는 먼저 현금영수증(개인) vs 전자세금계산서(사업자) 중 어떤 것이 필요한지 확인한 뒤, 발급 경로를 안내합니다. 세금계산서 발급 정보 오류는 마
이페이지 자체 수정이 아닌 고객센터 정정 신청 대상임을 명확히 안내합니다.

[정책 문서 2: 쇼핑몰 이용약관 및 운영정책.pdf]
4.5 환불 진행 상황 조회 방법
[마이페이지 > 주문내역 > 환불/취소 내역]에서 처리 단계(반품 접수 → 입고 확인 → 검품 승인 → 환불 처리 완료)를 실시간으로 확인할 수 있습니다.
검품 승인 이후 4.4항의 환불 소요 기간이 지나도 반영되지 않은 경우, 결제 수단과 반품 승인일을 확인한 뒤 고객센터로 문의해야 합니다.
부분 환불(일부 품목만 반품 등)의 경우 환불 금액이 전체 결제 금액과 다를 수 있으므로, 반품 접수 시 안내된 예상 환불 금액을 우선 확인합니다.
TIP
환불 조회 관련 팁 (RAG 응답 기준)
""환불 언제 되나요""라는 문의는 먼저 [마이페이지] 조회 경로를 안내하고, 4.4항의 결제 수단별 소요 기간 이내인지 확인한 뒤, 소요 기간을 초과한 경우에만 고객센터 개별 확인으로
연결합니다.

[정책 문서 3: 전자상거래_표준약관.pdf]
제3조 (약관 등의 명시와 설명 및 개정)

① “몰”은 이 약관의 내용과 상호 및 대표자 성명, 영업소 소재지 주소(소비자의
불만을 처리할 수 있는 곳의 주소를 포함), 전화번호 ․ 모사전송번호 ․ 전자우편주
소, 사업자등록번호, 통신판매업 신고번호, 개인정보관리책임자등을 이용자가
쉽게 알 수 있도록 00 사이버몰의 초기 서비스화면(전면)에 게시합니다. 다만,
약관의 내용은 이용자가 연결화면을 통하여 볼 수 있도록 할 수 있습니다.
② “몰은 이용자가 약관에 동의하기에 앞서 약관에 정하여져 있는 내용 중 청약철
회 ․ 배송책임 ․ 환불조건 등과 같은 중요한 내용을 이용자가 이해할 수 있도록 별
도의 연결화면 또는 팝업화면 등을 제공하여 이용자의 확인을 구하여야 합니다.",9.908
289,결제,청구서 확인,{{name}}의 송장을 설정하는 데 도움이 필요합니다.,청구서를 찾는 데 도움이 되도록 날짜 범위나 청구서와 관련된 특정 키워드 등 추가 세부정보를 제공해 주실 수 있나요?,"[""저희는 함께 해당 송장을 원활하게 찾고 액세스할 수 있는 옵션을 탐색할 수 있습니다. 특정 송장 번호를 찾고 있는지 아니면 날짜 범위를 찾고 있는지 지정해 주실 수 있나요? 이 정보는 고객님께 가장 정확하고 효과적인 지원을 제공하는 데 도움이 될 것입니다.""]","[정책 문서 1: 쇼핑몰 이용약관 및 운영정책.pdf]
7.3 배송지(주소록) 관리
배송지 등록: [마이페이지 > 배송지 관리]에서 여러 개의 배송지를 등록해 두고 주문 시 선택할 수 있으며, 기본 배송지 지정이 가능합니다.
배송지 설정 오류: 도로명주소 검색 오류, 상세주소 미입력 등으로 저장이 되지 않는 경우, 브라우저 캐시 삭제 또는 앱 최신 버전 업데이트 후 재시도를 안내합니다.
등록 가능 개수: 배송지는 최대 30개까지 등록 가능하며, 초과 시 기존 배송지를 삭제한 후 등록해야 합니다.
TIP
배송지 설정 관련 팁 (RAG 응답 기준)
""배송지 설정이 안 돼요""라는 오류 문의는 결제 단계의 배송지 변경(1.2항)과는 다른, 마이페이지 주소록 자체의 저장 오류이므로 구분해서 안내합니다.

8. 쿠폰 및 적립금 정책 (Coupon & Reward Policy)

[정책 문서 2: 쇼핑몰 이용약관 및 운영정책.pdf]
1.2 주문 정보 변경 (배송지 및 옵션)
변경 가능 단계: 주문 상태가 '입금 대기' 또는 '결제 완료' 단계일 경우에만 [마이페이지 > 주문내역]에서 직접 변경하거나 고객센터를 통해 변경 신청이 가능합니다.
변경 불가 단계: 주문 상태가 '상품 준비 중' 또는 '배송 중'으로 전환된 이후에는 물류센터 포장 및 송장 출력 작업이 완료되어 배송지 및 옵션 변경이 불가합니다. 이 경우 상
품 수령 후 반품/교환 절차를 따라야 합니다.

[정책 문서 3: 쇼핑몰 이용약관 및 운영정책.pdf]
금액·기간 등 수치 정보는 원문 그대로 정확히 인용하고, 임의로 추정하지 않습니다.
법정대리인 동의, 분쟁조정 등 법적 절차가 필요한 문의는 최종 처리 결과를 단정하지 말고 ""확인 후 안내드리겠습니다"" 형태로 고객센터 상담 연결을 병행 안내합니
다.",7.9571
290,결제,청구서 확인,내 청구서 12588을 보는 데 도움이 되었습니다.,번호 {{transaction_id}}로 청구서를 확인하는 데 도움이 필요하다는 것을 확인했습니다. 청구서를 찾는 데 도움이 되도록 날짜 범위나 청구서와 관련된 특정 세부정보 등 추가 정보를 제공해 주실 수 있나요?,"[""청구서를 보려면 계정에 로그인하여 [청구] 또는 [청구서] 섹션으로 이동해 주세요.""]","[정책 문서 1: 쇼핑몰 이용약관 및 운영정책.pdf]
2.3 청구서(영수증·세금계산서) 발급
현금영수증: 결제 완료 시 등록된 휴대폰번호로 지출증빙용 또는 소득공제용 현금영수증이 자동 발행됩니다. 발급 정보는 [마이페이지 > 주문내역 > 영수증 조회]에서 확인
가능합니다.
전자세금계산서: 사업자 회원이 세금계산서 발급을 요청하는 경우, 사업자등록번호·상호·담당자 이메일을 정확히 입력해야 하며 구매 확정 후 발급됩니다.
재발급: 영수증/세금계산서 재발급은 [마이페이지]에서 즉시 재출력이 가능하며, 정보 오류(사업자번호 등)로 인한 정정 발급은 고객센터를 통해 신청해야 합니다.
TIP
청구서 관련 팁 (RAG 응답 기준)
""영수증을 못 받았어요""라는 문의는 먼저 현금영수증(개인) vs 전자세금계산서(사업자) 중 어떤 것이 필요한지 확인한 뒤, 발급 경로를 안내합니다. 세금계산서 발급 정보 오류는 마
이페이지 자체 수정이 아닌 고객센터 정정 신청 대상임을 명확히 안내합니다.

[정책 문서 2: 쇼핑몰 이용약관 및 운영정책.pdf]
4.5 환불 진행 상황 조회 방법
[마이페이지 > 주문내역 > 환불/취소 내역]에서 처리 단계(반품 접수 → 입고 확인 → 검품 승인 → 환불 처리 완료)를 실시간으로 확인할 수 있습니다.
검품 승인 이후 4.4항의 환불 소요 기간이 지나도 반영되지 않은 경우, 결제 수단과 반품 승인일을 확인한 뒤 고객센터로 문의해야 합니다.
부분 환불(일부 품목만 반품 등)의 경우 환불 금액이 전체 결제 금액과 다를 수 있으므로, 반품 접수 시 안내된 예상 환불 금액을 우선 확인합니다.
TIP
환불 조회 관련 팁 (RAG 응답 기준)
""환불 언제 되나요""라는 문의는 먼저 [마이페이지] 조회 경로를 안내하고, 4.4항의 결제 수단별 소요 기간 이내인지 확인한 뒤, 소요 기간을 초과한 경우에만 고객센터 개별 확인으로
연결합니다.

[정책 문서 3: 쇼핑몰 이용약관 및 운영정책.pdf]
금액·기간 등 수치 정보는 원문 그대로 정확히 인용하고, 임의로 추정하지 않습니다.
법정대리인 동의, 분쟁조정 등 법적 절차가 필요한 문의는 최종 처리 결과를 단정하지 말고 ""확인 후 안내드리겠습니다"" 형태로 고객센터 상담 연결을 병행 안내합니
다.",11.0419
291,결제,청구서 확인,청구서 12588을 어떻게 찾을 수 있는지 모르겠습니다.,청구서를 찾으려면 당사 웹사이트나 앱에서 고객님의 계정에 로그인해 주세요. 로그인한 후 [청구] 또는 [청구서] 섹션으로 이동하면 청구서를 확인하고 다운로드할 수 있는 옵션이 표시됩니다.,"[""청구서를 확인하는 것이 중요합니다. 청구서를 찾으려면 당사 웹사이트에서 고객님의 계정에 액세스하여 청구 섹션으로 이동해 보세요. 찾는 데 어려움이 있는 경우 당사 고객센터에서 추가 지원을 받으실 수 있습니다. 단계별 안내를 제공하고 원하는 청구서를 쉽게 찾을 수 있도록 도와드립니다.""]","[정책 문서 1: 쇼핑몰 이용약관 및 운영정책.pdf]
2.3 청구서(영수증·세금계산서) 발급
현금영수증: 결제 완료 시 등록된 휴대폰번호로 지출증빙용 또는 소득공제용 현금영수증이 자동 발행됩니다. 발급 정보는 [마이페이지 > 주문내역 > 영수증 조회]에서 확인
가능합니다.
전자세금계산서: 사업자 회원이 세금계산서 발급을 요청하는 경우, 사업자등록번호·상호·담당자 이메일을 정확히 입력해야 하며 구매 확정 후 발급됩니다.
재발급: 영수증/세금계산서 재발급은 [마이페이지]에서 즉시 재출력이 가능하며, 정보 오류(사업자번호 등)로 인한 정정 발급은 고객센터를 통해 신청해야 합니다.
TIP
청구서 관련 팁 (RAG 응답 기준)
""영수증을 못 받았어요""라는 문의는 먼저 현금영수증(개인) vs 전자세금계산서(사업자) 중 어떤 것이 필요한지 확인한 뒤, 발급 경로를 안내합니다. 세금계산서 발급 정보 오류는 마
이페이지 자체 수정이 아닌 고객센터 정정 신청 대상임을 명확히 안내합니다.

[정책 문서 2: 쇼핑몰 이용약관 및 운영정책.pdf]
12.2 문의 채널
1:1 채팅 상담: 앱/웹 하단 [고객센터] 메뉴에서 실시간 상담 가능 (운영시간 내)
대표 전화: 상품 페이지 및 마이페이지 하단에 안내된 대표번호로 연결
이메일 문의: 운영시간 외 문의는 이메일로 접수 시 순차 확인 후 회신

[정책 문서 3: 전자상거래_표준약관.pdf]
1. 신청 내용에 허위, 기재누락, 오기가 있는 경우

2. 미성년자가 담배, 주류 등 청소년보호법에서 금지하는 재화 및 용역을 구매하
는 경우

3. 기타 구매신청에 승낙하는 것이 “몰” 기술상 현저히 지장이 있다고 판단하
는 경우

② “몰”의 승낙이 제12조제1항의 수신확인통지형태로 이용자에게 도달한 시점에
계약이 성립한 것으로 봅니다.

③ “몰”의 승낙의 의사표시에는 이용자의 구매 신청에 대한 확인 및 판매가능 여
부, 구매신청의 정정 취소 등에 관한 정보 등을 포함하여야 합니다.

제11조(지급방법) “몰”에서 구매한 재화 또는 용역에 대한 대금지급방법은 다음
각 호의 방법중 가용한 방법으로 할 수 있습니다. 단, “몰”은 이용자의 지급방법
에 대하여 재화 등의 대금에 어떠한 명목의 수수료도 추가하여 징수할 수 없습니
다.

1. 폰뱅킹, 인터넷뱅킹, 메일 뱅킹 등의 각종 계좌이체

2. 선불카드, 직불카드, 신용카드 등의 각종 카드 결제

3. 온라인무통장입금",12.0385
292,결제,청구서 확인,{{name}}에서 보낸 청구서를 확인하고 싶습니다. 방법,청구서를 확인하려면 당사 웹사이트에서 고객님의 계정에 로그인한 후 [청구] 또는 [청구서] 섹션으로 이동해 주세요. 여기에서 {{name}}와 관련된 청구서를 보고 다운로드할 수 있습니다.,"[""{{name}}로부터 송장 확인 요청을 받아 내려 놓았습니다. 청구서에 액세스하려면 당사 웹사이트에서 고객님의 계정에 로그인한 후 [청구서] 또는 [청구서] 섹션으로 이동해 주세요.""]","[정책 문서 1: 쇼핑몰 이용약관 및 운영정책.pdf]
2.3 청구서(영수증·세금계산서) 발급
현금영수증: 결제 완료 시 등록된 휴대폰번호로 지출증빙용 또는 소득공제용 현금영수증이 자동 발행됩니다. 발급 정보는 [마이페이지 > 주문내역 > 영수증 조회]에서 확인
가능합니다.
전자세금계산서: 사업자 회원이 세금계산서 발급을 요청하는 경우, 사업자등록번호·상호·담당자 이메일을 정확히 입력해야 하며 구매 확정 후 발급됩니다.
재발급: 영수증/세금계산서 재발급은 [마이페이지]에서 즉시 재출력이 가능하며, 정보 오류(사업자번호 등)로 인한 정정 발급은 고객센터를 통해 신청해야 합니다.
TIP
청구서 관련 팁 (RAG 응답 기준)
""영수증을 못 받았어요""라는 문의는 먼저 현금영수증(개인) vs 전자세금계산서(사업자) 중 어떤 것이 필요한지 확인한 뒤, 발급 경로를 안내합니다. 세금계산서 발급 정보 오류는 마
이페이지 자체 수정이 아닌 고객센터 정정 신청 대상임을 명확히 안내합니다.

[정책 문서 2: 쇼핑몰 이용약관 및 운영정책.pdf]
4.5 환불 진행 상황 조회 방법
[마이페이지 > 주문내역 > 환불/취소 내역]에서 처리 단계(반품 접수 → 입고 확인 → 검품 승인 → 환불 처리 완료)를 실시간으로 확인할 수 있습니다.
검품 승인 이후 4.4항의 환불 소요 기간이 지나도 반영되지 않은 경우, 결제 수단과 반품 승인일을 확인한 뒤 고객센터로 문의해야 합니다.
부분 환불(일부 품목만 반품 등)의 경우 환불 금액이 전체 결제 금액과 다를 수 있으므로, 반품 접수 시 안내된 예상 환불 금액을 우선 확인합니다.
TIP
환불 조회 관련 팁 (RAG 응답 기준)
""환불 언제 되나요""라는 문의는 먼저 [마이페이지] 조회 경로를 안내하고, 4.4항의 결제 수단별 소요 기간 이내인지 확인한 뒤, 소요 기간을 초과한 경우에만 고객센터 개별 확인으로
연결합니다.

[정책 문서 3: 쇼핑몰 이용약관 및 운영정책.pdf]
금액·기간 등 수치 정보는 원문 그대로 정확히 인용하고, 임의로 추정하지 않습니다.
법정대리인 동의, 분쟁조정 등 법적 절차가 필요한 문의는 최종 처리 결과를 단정하지 말고 ""확인 후 안내드리겠습니다"" 형태로 고객센터 상담 연결을 병행 안내합니
다.",11.0255
293,결제,청구서 확인,청구서 85632를 찾는 데 도움이 필요해요,청구서를 찾는 데 도움이 되도록 날짜 범위나 청구서와 관련된 특정 세부정보 등 추가 정보를 제공해 주실 수 있나요?,"[""번호 {{transaction_id}}가 포함된 청구서를 찾는 데 도움이 필요하다는 것을 알게 되었습니다. 청구서 날짜나 청구서와 관련된 특정 세부정보 등 유용할 수 있는 추가 정보를 제공해 주실 수 있나요? 이러한 세부정보를 통해 청구서를 신속하게 찾을 수 있습니다.""]","[정책 문서 1: 쇼핑몰 이용약관 및 운영정책.pdf]
2.3 청구서(영수증·세금계산서) 발급
현금영수증: 결제 완료 시 등록된 휴대폰번호로 지출증빙용 또는 소득공제용 현금영수증이 자동 발행됩니다. 발급 정보는 [마이페이지 > 주문내역 > 영수증 조회]에서 확인
가능합니다.
전자세금계산서: 사업자 회원이 세금계산서 발급을 요청하는 경우, 사업자등록번호·상호·담당자 이메일을 정확히 입력해야 하며 구매 확정 후 발급됩니다.
재발급: 영수증/세금계산서 재발급은 [마이페이지]에서 즉시 재출력이 가능하며, 정보 오류(사업자번호 등)로 인한 정정 발급은 고객센터를 통해 신청해야 합니다.
TIP
청구서 관련 팁 (RAG 응답 기준)
""영수증을 못 받았어요""라는 문의는 먼저 현금영수증(개인) vs 전자세금계산서(사업자) 중 어떤 것이 필요한지 확인한 뒤, 발급 경로를 안내합니다. 세금계산서 발급 정보 오류는 마
이페이지 자체 수정이 아닌 고객센터 정정 신청 대상임을 명확히 안내합니다.

[정책 문서 2: 쇼핑몰 이용약관 및 운영정책.pdf]
12.2 문의 채널
1:1 채팅 상담: 앱/웹 하단 [고객센터] 메뉴에서 실시간 상담 가능 (운영시간 내)
대표 전화: 상품 페이지 및 마이페이지 하단에 안내된 대표번호로 연결
이메일 문의: 운영시간 외 문의는 이메일로 접수 시 순차 확인 후 회신

[정책 문서 3: 전자상거래_표준약관.pdf]
1. 신청 내용에 허위, 기재누락, 오기가 있는 경우

2. 미성년자가 담배, 주류 등 청소년보호법에서 금지하는 재화 및 용역을 구매하
는 경우

3. 기타 구매신청에 승낙하는 것이 “몰” 기술상 현저히 지장이 있다고 판단하
는 경우

② “몰”의 승낙이 제12조제1항의 수신확인통지형태로 이용자에게 도달한 시점에
계약이 성립한 것으로 봅니다.

③ “몰”의 승낙의 의사표시에는 이용자의 구매 신청에 대한 확인 및 판매가능 여
부, 구매신청의 정정 취소 등에 관한 정보 등을 포함하여야 합니다.

제11조(지급방법) “몰”에서 구매한 재화 또는 용역에 대한 대금지급방법은 다음
각 호의 방법중 가용한 방법으로 할 수 있습니다. 단, “몰”은 이용자의 지급방법
에 대하여 재화 등의 대금에 어떠한 명목의 수수료도 추가하여 징수할 수 없습니
다.

1. 폰뱅킹, 인터넷뱅킹, 메일 뱅킹 등의 각종 계좌이체

2. 선불카드, 직불카드, 신용카드 등의 각종 카드 결제

3. 온라인무통장입금",9.5908
294,결제,청구서 확인,송장 85632를 보려면 어떻게 해야 하나요?,번호 {{transaction_id}}가 포함된 송장을 보려면 다음 단계를 따라 주세요. 1. 당사 웹사이트에서 고객님의 계정에 로그인해 주세요. 2. [마이페이지] 또는 [프로필] 섹션으로 이동해 주세요. 3. [청구] 또는 [청구서] 탭을 찾아 주세요. 4. [청구서 보기] 또는 [청구서 다운로드] 옵션을 선택해 주세요. 5. 검색 또는 필터 옵션을 사용하여 송장 번호 해당 번호({{transaction_id}})의 청구서를 입력해 주세요. 6. 청구서를 찾으면 클릭하여 열어 주세요.,"[""송장 {{transaction_id}}의 세부정보를 확인하는 데 관심을 가져주셔서 감사합니다. 계속하려면 다음과 같은 간단한 단계를 따라 주세요. 1. 당사 웹사이트/앱에서 고객님의 계정에 로그인해 주세요. 2. [청구] 또는 [청구서] 섹션으로 이동해 주세요. 3. [청구서 보기] 또는 [청구서 내역] 옵션을 찾아 주세요. 4. 제공된 검색 필드에 송장 번호 해당 번호({{transaction_id}})의 청구서를 입력해 주세요. 5. 해당 번호가 포함된 송장을 클릭하여 세부정보를 열어 검토해 주세요. 여전히 어려움이 있거나 추가 질문이 있는 경우 언제든지 고객센터에 문의해 주세요. 09:00 ~ 18:00(02-1577-1577) 또는 채팅을 통해 이용 가능합니다.""]","[정책 문서 1: 쇼핑몰 이용약관 및 운영정책.pdf]
6.2 배송 기간 및 배송 조회
평균 배송 기간: 결제 완료(입금 확인) 기준 영업일 2~4일 이내 발송을 원칙으로 하며, 발송 후 1~3일 내 수령이 일반적입니다.
배송 조회: 상품 발송 시 등록된 연락처로 송장번호가 자동 발송되며, [마이페이지 > 주문내역 > 배송조회]에서 실시간 확인이 가능합니다.
배송 지연 안내: 천재지변, 물류사 파업, 명절 성수기 등 회사의 통제 범위를 벗어난 사유로 배송이 지연될 경우, 사전 공지 후 예상 지연 기간을 안내합니다.

6.3 배송 사고 처리 (분실/파손)
배송 중 분실: 택배사 배송 조회 상 '배송완료'로 표시되었으나 고객이 미수령한 경우, 고객센터와 택배사 공동 조사를 진행하며 조사 결과에 따라 재발송 또는 환불이 결정
됩니다.
파손 수령: 상품 수령 시 박스나 상품이 파손된 경우, 개봉 전 상태를 사진으로 촬영해 두어야 원활한 보상 처리가 가능하며, 수령 후 7일 이내 고객센터로 신고해야 합니다.

[정책 문서 2: 쇼핑몰 이용약관 및 운영정책.pdf]
2.4 결제 오류 및 실패 처리
결제 시도 중 오류(승인 거절, 먹통, 응답 지연 등)가 발생한 경우, 우선 [마이페이지 > 주문내역]에서 실제 결제 완료 여부를 확인해야 합니다.
이중 결제(중복 승인): 동일 주문에 대해 결제가 두 번 승인된 경우, 시스템이 익영업일 이내 자동 취소 처리하며 카드사 승인 취소 내역으로 확인할 수 있습니다. 자동 취소가
지연되면 승인 내역을 첨부하여 고객센터로 문의해야 합니다.
결제 실패(승인 거절): 카드 한도 초과, 카드사 보안 정책, 입력 정보 오류 등이 주요 원인이며, 카드사 확인이 우선이고 해결되지 않으면 다른 결제 수단으로 재시도를 안내
합니다.
오류 신고: 반복적인 결제 오류는 오류 발생 시각, 사용 결제수단, 오류 메시지 화면을 첨부하여 고객센터로 접수하면 결제 PG사와 함께 원인을 조사합니다.
TIP
결제 오류 관련 팁 (RAG 응답 기준)

[정책 문서 3: 쇼핑몰 이용약관 및 운영정책.pdf]
7.3 배송지(주소록) 관리
배송지 등록: [마이페이지 > 배송지 관리]에서 여러 개의 배송지를 등록해 두고 주문 시 선택할 수 있으며, 기본 배송지 지정이 가능합니다.
배송지 설정 오류: 도로명주소 검색 오류, 상세주소 미입력 등으로 저장이 되지 않는 경우, 브라우저 캐시 삭제 또는 앱 최신 버전 업데이트 후 재시도를 안내합니다.
등록 가능 개수: 배송지는 최대 30개까지 등록 가능하며, 초과 시 기존 배송지를 삭제한 후 등록해야 합니다.
TIP
배송지 설정 관련 팁 (RAG 응답 기준)
""배송지 설정이 안 돼요""라는 오류 문의는 결제 단계의 배송지 변경(1.2항)과는 다른, 마이페이지 주소록 자체의 저장 오류이므로 구분해서 안내합니다.

8. 쿠폰 및 적립금 정책 (Coupon & Reward Policy)",22.5139
295,결제,청구서 확인,{{name}}에서 내 청구서를 찾는 방법,청구서를 찾으려면 당사 웹사이트에서 고객님의 계정에 로그인하고 [청구] 또는 [청구서] 섹션으로 이동해 주세요. 여기에서 {{name}}와 관련된 청구서를 보고 다운로드할 수 있습니다.,"[""청구서를 찾으려면 당사 웹사이트를 방문하여 계정에 로그인해 주세요. 로그인한 후 [청구] 또는 [청구서] 섹션으로 이동해 주세요. 여기에서 {{name}}의 청구서를 포함하여 청구서 목록을 찾을 수 있습니다. 추가 지원을 제공해 드리겠습니다.""]","[정책 문서 1: 쇼핑몰 이용약관 및 운영정책.pdf]
2.3 청구서(영수증·세금계산서) 발급
현금영수증: 결제 완료 시 등록된 휴대폰번호로 지출증빙용 또는 소득공제용 현금영수증이 자동 발행됩니다. 발급 정보는 [마이페이지 > 주문내역 > 영수증 조회]에서 확인
가능합니다.
전자세금계산서: 사업자 회원이 세금계산서 발급을 요청하는 경우, 사업자등록번호·상호·담당자 이메일을 정확히 입력해야 하며 구매 확정 후 발급됩니다.
재발급: 영수증/세금계산서 재발급은 [마이페이지]에서 즉시 재출력이 가능하며, 정보 오류(사업자번호 등)로 인한 정정 발급은 고객센터를 통해 신청해야 합니다.
TIP
청구서 관련 팁 (RAG 응답 기준)
""영수증을 못 받았어요""라는 문의는 먼저 현금영수증(개인) vs 전자세금계산서(사업자) 중 어떤 것이 필요한지 확인한 뒤, 발급 경로를 안내합니다. 세금계산서 발급 정보 오류는 마
이페이지 자체 수정이 아닌 고객센터 정정 신청 대상임을 명확히 안내합니다.

[정책 문서 2: 전자상거래_표준약관.pdf]
제3조 (약관 등의 명시와 설명 및 개정)

① “몰”은 이 약관의 내용과 상호 및 대표자 성명, 영업소 소재지 주소(소비자의
불만을 처리할 수 있는 곳의 주소를 포함), 전화번호 ․ 모사전송번호 ․ 전자우편주
소, 사업자등록번호, 통신판매업 신고번호, 개인정보관리책임자등을 이용자가
쉽게 알 수 있도록 00 사이버몰의 초기 서비스화면(전면)에 게시합니다. 다만,
약관의 내용은 이용자가 연결화면을 통하여 볼 수 있도록 할 수 있습니다.
② “몰은 이용자가 약관에 동의하기에 앞서 약관에 정하여져 있는 내용 중 청약철
회 ․ 배송책임 ․ 환불조건 등과 같은 중요한 내용을 이용자가 이해할 수 있도록 별
도의 연결화면 또는 팝업화면 등을 제공하여 이용자의 확인을 구하여야 합니다.

[정책 문서 3: 쇼핑몰 이용약관 및 운영정책.pdf]
4.5 환불 진행 상황 조회 방법
[마이페이지 > 주문내역 > 환불/취소 내역]에서 처리 단계(반품 접수 → 입고 확인 → 검품 승인 → 환불 처리 완료)를 실시간으로 확인할 수 있습니다.
검품 승인 이후 4.4항의 환불 소요 기간이 지나도 반영되지 않은 경우, 결제 수단과 반품 승인일을 확인한 뒤 고객센터로 문의해야 합니다.
부분 환불(일부 품목만 반품 등)의 경우 환불 금액이 전체 결제 금액과 다를 수 있으므로, 반품 접수 시 안내된 예상 환불 금액을 우선 확인합니다.
TIP
환불 조회 관련 팁 (RAG 응답 기준)
""환불 언제 되나요""라는 문의는 먼저 [마이페이지] 조회 경로를 안내하고, 4.4항의 결제 수단별 소요 기간 이내인지 확인한 뒤, 소요 기간을 초과한 경우에만 고객센터 개별 확인으로
연결합니다.",12.3485
296,결제,청구서 확인,내 청구서 12588을 잠깐 볼 수 있게 도와주세요,번호 {{transaction_id}}가 포함된 청구서를 확인하는 데 도움이 필요하다는 것을 확인했습니다. 청구서를 보려면 당사 웹사이트에서 고객님의 계정에 로그인한 후 [청구] 또는 [청구서] 섹션으로 이동해 주세요. 여기에서 청구서를 보고 다운로드할 수 있는 옵션을 찾을 수 있습니다.,"[""날짜 범위나 검토하고 싶은 특정 요금이나 거래 등 몇 가지 추가 정보를 제공해 주실 수 있나요?""]","[정책 문서 1: 쇼핑몰 이용약관 및 운영정책.pdf]
2.3 청구서(영수증·세금계산서) 발급
현금영수증: 결제 완료 시 등록된 휴대폰번호로 지출증빙용 또는 소득공제용 현금영수증이 자동 발행됩니다. 발급 정보는 [마이페이지 > 주문내역 > 영수증 조회]에서 확인
가능합니다.
전자세금계산서: 사업자 회원이 세금계산서 발급을 요청하는 경우, 사업자등록번호·상호·담당자 이메일을 정확히 입력해야 하며 구매 확정 후 발급됩니다.
재발급: 영수증/세금계산서 재발급은 [마이페이지]에서 즉시 재출력이 가능하며, 정보 오류(사업자번호 등)로 인한 정정 발급은 고객센터를 통해 신청해야 합니다.
TIP
청구서 관련 팁 (RAG 응답 기준)
""영수증을 못 받았어요""라는 문의는 먼저 현금영수증(개인) vs 전자세금계산서(사업자) 중 어떤 것이 필요한지 확인한 뒤, 발급 경로를 안내합니다. 세금계산서 발급 정보 오류는 마
이페이지 자체 수정이 아닌 고객센터 정정 신청 대상임을 명확히 안내합니다.

[정책 문서 2: 쇼핑몰 이용약관 및 운영정책.pdf]
금액·기간 등 수치 정보는 원문 그대로 정확히 인용하고, 임의로 추정하지 않습니다.
법정대리인 동의, 분쟁조정 등 법적 절차가 필요한 문의는 최종 처리 결과를 단정하지 말고 ""확인 후 안내드리겠습니다"" 형태로 고객센터 상담 연결을 병행 안내합니
다.

[정책 문서 3: 쇼핑몰 이용약관 및 운영정책.pdf]
4.5 환불 진행 상황 조회 방법
[마이페이지 > 주문내역 > 환불/취소 내역]에서 처리 단계(반품 접수 → 입고 확인 → 검품 승인 → 환불 처리 완료)를 실시간으로 확인할 수 있습니다.
검품 승인 이후 4.4항의 환불 소요 기간이 지나도 반영되지 않은 경우, 결제 수단과 반품 승인일을 확인한 뒤 고객센터로 문의해야 합니다.
부분 환불(일부 품목만 반품 등)의 경우 환불 금액이 전체 결제 금액과 다를 수 있으므로, 반품 접수 시 안내된 예상 환불 금액을 우선 확인합니다.
TIP
환불 조회 관련 팁 (RAG 응답 기준)
""환불 언제 되나요""라는 문의는 먼저 [마이페이지] 조회 경로를 안내하고, 4.4항의 결제 수단별 소요 기간 이내인지 확인한 뒤, 소요 기간을 초과한 경우에만 고객센터 개별 확인으로
연결합니다.",14.0234
297,결제,청구서 확인,송장 12588 확인에 도움이 필요합니다,청구서를 찾는 데 도움이 되도록 날짜 범위나 청구서와 관련된 특정 정보 등 추가 세부정보를 제공해 주실 수 있나요?,"[""고객 이름이나 송장과 관련된 특정 날짜 범위 등 추가 세부정보를 제공해 주실 수 있나요? 이 정보를 통해 고객님께 보다 정확한 답변을 제공하고 올바른 방향으로 안내할 수 있습니다.""]","[정책 문서 1: 쇼핑몰 이용약관 및 운영정책.pdf]
금액·기간 등 수치 정보는 원문 그대로 정확히 인용하고, 임의로 추정하지 않습니다.
법정대리인 동의, 분쟁조정 등 법적 절차가 필요한 문의는 최종 처리 결과를 단정하지 말고 ""확인 후 안내드리겠습니다"" 형태로 고객센터 상담 연결을 병행 안내합니
다.

[정책 문서 2: 쇼핑몰 이용약관 및 운영정책.pdf]
12.2 문의 채널
1:1 채팅 상담: 앱/웹 하단 [고객센터] 메뉴에서 실시간 상담 가능 (운영시간 내)
대표 전화: 상품 페이지 및 마이페이지 하단에 안내된 대표번호로 연결
이메일 문의: 운영시간 외 문의는 이메일로 접수 시 순차 확인 후 회신

[정책 문서 3: 쇼핑몰 이용약관 및 운영정책.pdf]
12.3 응답 소요 시간
채팅 상담: 운영시간 내 평균 수 분 이내 응답
게시판/이메일 문의: 영업일 기준 1일 이내 답변을 원칙으로 하되, 물류 조사가 필요한 배송 사고 등은 추가 시간이 소요될 수 있습니다.
TIP
고객센터 문의 관련 팁 (RAG 응답 기준)
상담원 연결/영업시간 문의는 채팅 상담을 우선 안내하고, 주문 상태 조회처럼 시스템에서 바로 확인 가능한 사항은 채널 안내보다 [마이페이지] 경로를 먼저 제시합니다.
가이드
AI CS 챗봇 응답 가이드라인 (RAG 운영자 참고)
사용자 문의 응답 시, 단답형 안내 대신 
[처리 가능 조건 → 신청 경로 → 예외 사항/배송비]
구조로 답변하도록 시스템 프롬프트(System Prompt)를 구성해 주세요.
추가로 다음 원칙을 권장합니다.
주문 상태(입금대기/결제완료/상품준비중/배송중)를 먼저 확인하도록 유도한 뒤, 상태별 처리 가능 여부를 안내합니다.",7.7706
298,결제,청구서 확인,내 송장 12588을 어떻게 빠르게 확인할 수 있나요?,청구서를 빠르게 확인하려면 당사 웹사이트에서 고객님의 계정에 로그인한 후 [청구] 또는 [청구서] 섹션으로 이동해 주세요. 여기에서 청구서를 보고 다운로드할 수 있는 옵션을 찾을 수 있습니다.,"[""간략하게 살펴보시려면 당사 웹사이트/앱에서 고객님의 계정에 로그인하신 후 [청구서] 또는 [청구] 섹션으로 이동하시면 됩니다. 여기에서 청구서 목록을 찾을 수 있으며 청구서 해당 번호({{transaction_id}})의 청구서를 클릭하면 세부 정보를 볼 수 있습니다. 해당 항목을 찾을 수 없는 경우 알려주시면 절차를 단계별로 안내해 드리겠습니다.""]","[정책 문서 1: 쇼핑몰 이용약관 및 운영정책.pdf]
6.2 배송 기간 및 배송 조회
평균 배송 기간: 결제 완료(입금 확인) 기준 영업일 2~4일 이내 발송을 원칙으로 하며, 발송 후 1~3일 내 수령이 일반적입니다.
배송 조회: 상품 발송 시 등록된 연락처로 송장번호가 자동 발송되며, [마이페이지 > 주문내역 > 배송조회]에서 실시간 확인이 가능합니다.
배송 지연 안내: 천재지변, 물류사 파업, 명절 성수기 등 회사의 통제 범위를 벗어난 사유로 배송이 지연될 경우, 사전 공지 후 예상 지연 기간을 안내합니다.

6.3 배송 사고 처리 (분실/파손)
배송 중 분실: 택배사 배송 조회 상 '배송완료'로 표시되었으나 고객이 미수령한 경우, 고객센터와 택배사 공동 조사를 진행하며 조사 결과에 따라 재발송 또는 환불이 결정
됩니다.
파손 수령: 상품 수령 시 박스나 상품이 파손된 경우, 개봉 전 상태를 사진으로 촬영해 두어야 원활한 보상 처리가 가능하며, 수령 후 7일 이내 고객센터로 신고해야 합니다.

[정책 문서 2: 쇼핑몰 이용약관 및 운영정책.pdf]
4.5 환불 진행 상황 조회 방법
[마이페이지 > 주문내역 > 환불/취소 내역]에서 처리 단계(반품 접수 → 입고 확인 → 검품 승인 → 환불 처리 완료)를 실시간으로 확인할 수 있습니다.
검품 승인 이후 4.4항의 환불 소요 기간이 지나도 반영되지 않은 경우, 결제 수단과 반품 승인일을 확인한 뒤 고객센터로 문의해야 합니다.
부분 환불(일부 품목만 반품 등)의 경우 환불 금액이 전체 결제 금액과 다를 수 있으므로, 반품 접수 시 안내된 예상 환불 금액을 우선 확인합니다.
TIP
환불 조회 관련 팁 (RAG 응답 기준)
""환불 언제 되나요""라는 문의는 먼저 [마이페이지] 조회 경로를 안내하고, 4.4항의 결제 수단별 소요 기간 이내인지 확인한 뒤, 소요 기간을 초과한 경우에만 고객센터 개별 확인으로
연결합니다.

[정책 문서 3: 쇼핑몰 이용약관 및 운영정책.pdf]
12.2 문의 채널
1:1 채팅 상담: 앱/웹 하단 [고객센터] 메뉴에서 실시간 상담 가능 (운영시간 내)
대표 전화: 상품 페이지 및 마이페이지 하단에 안내된 대표번호로 연결
이메일 문의: 운영시간 외 문의는 이메일로 접수 시 순차 확인 후 회신",11.3508
299,결제,청구서 확인,청구서를 보려면 어떻게 해야 할지 모르겠습니다 37777,청구서를 보려면 당사 웹사이트에서 고객님의 계정에 로그인하고 [청구] 또는 [청구서] 섹션으로 이동해 주세요. 여기에서 청구서를 보고 다운로드할 수 있는 옵션을 찾을 수 있습니다.,"[""고객님의 청구서 {{transaction_id}}와 관련하여 당사에 보내주신 메시지에 감사드립니다. 청구서를 보려면 계정 대시보드로 이동하여 [청구서] 섹션으로 이동해 주세요. 여기에서 {{transaction_id}} 번호가 포함된 송장을 찾아 다운로드할 수 있습니다.""]","[정책 문서 1: 쇼핑몰 이용약관 및 운영정책.pdf]
2.3 청구서(영수증·세금계산서) 발급
현금영수증: 결제 완료 시 등록된 휴대폰번호로 지출증빙용 또는 소득공제용 현금영수증이 자동 발행됩니다. 발급 정보는 [마이페이지 > 주문내역 > 영수증 조회]에서 확인
가능합니다.
전자세금계산서: 사업자 회원이 세금계산서 발급을 요청하는 경우, 사업자등록번호·상호·담당자 이메일을 정확히 입력해야 하며 구매 확정 후 발급됩니다.
재발급: 영수증/세금계산서 재발급은 [마이페이지]에서 즉시 재출력이 가능하며, 정보 오류(사업자번호 등)로 인한 정정 발급은 고객센터를 통해 신청해야 합니다.
TIP
청구서 관련 팁 (RAG 응답 기준)
""영수증을 못 받았어요""라는 문의는 먼저 현금영수증(개인) vs 전자세금계산서(사업자) 중 어떤 것이 필요한지 확인한 뒤, 발급 경로를 안내합니다. 세금계산서 발급 정보 오류는 마
이페이지 자체 수정이 아닌 고객센터 정정 신청 대상임을 명확히 안내합니다.

[정책 문서 2: 전자상거래_표준약관.pdf]
1. 재화 등의 검색 및 선택

2. 받는 사람의 성명, 주소, 전화번호, 전자우편주소(또는 이동전화번호) 등의
입력

3. 약관내용, 청약철회권이 제한되는 서비스, 배송료 ․ 설치비 등의 비용부담과
관련한 내용에 대한 확인

4. 이 약관에 동의하고 위 3.호의 사항을 확인하거나 거부하는 표시
(예, 마우스 클릭)

5. 재화등의 구매신청 및 이에 관한 확인 또는 “몰”의 확인에 대한 동의

6. 결제방법의 선택

② “몰”이 제3자에게 구매자 개인정보를 제공할 필요가 있는 경우 1) 개인정보를
제공받는 자, 2)개인정보를 제공받는 자의 개인정보 이용목적, 3) 제공하는 개
인정보의 항목, 4) 개인정보를 제공받는 자의 개인정보 보유 및 이용기간을 구
매자에게 알리고 동의를 받아야 합니다. (동의를 받은 사항이 변경되는 경우에
도 같습니다.)

[정책 문서 3: 쇼핑몰 이용약관 및 운영정책.pdf]
4.5 환불 진행 상황 조회 방법
[마이페이지 > 주문내역 > 환불/취소 내역]에서 처리 단계(반품 접수 → 입고 확인 → 검품 승인 → 환불 처리 완료)를 실시간으로 확인할 수 있습니다.
검품 승인 이후 4.4항의 환불 소요 기간이 지나도 반영되지 않은 경우, 결제 수단과 반품 승인일을 확인한 뒤 고객센터로 문의해야 합니다.
부분 환불(일부 품목만 반품 등)의 경우 환불 금액이 전체 결제 금액과 다를 수 있으므로, 반품 접수 시 안내된 예상 환불 금액을 우선 확인합니다.
TIP
환불 조회 관련 팁 (RAG 응답 기준)
""환불 언제 되나요""라는 문의는 먼저 [마이페이지] 조회 경로를 안내하고, 4.4항의 결제 수단별 소요 기간 이내인지 확인한 뒤, 소요 기간을 초과한 경우에만 고객센터 개별 확인으로
연결합니다.",11.7011
300,결제,청구서 확인,송장 85632를 보여주세요,번호 {{transaction_id}}로 청구서를 찾는 데 도움을 요청해 주셔서 감사합니다. 청구서를 찾으려면 당사 웹사이트에서 고객님의 계정에 로그인하고 [청구] 또는 [청구서] 섹션으로 이동해 주세요. 여기에서 청구서를 보고 다운로드할 수 있는 옵션을 찾을 수 있습니다.,"[""번호 {{transaction_id}}가 포함된 청구서를 검색하려고 하시는 것으로 확인됩니다. 날짜 범위나 송장과 관련된 특정 세부정보 등 추가 정보를 제공해 주실 수 있나요?""]","[정책 문서 1: 쇼핑몰 이용약관 및 운영정책.pdf]
6.2 배송 기간 및 배송 조회
평균 배송 기간: 결제 완료(입금 확인) 기준 영업일 2~4일 이내 발송을 원칙으로 하며, 발송 후 1~3일 내 수령이 일반적입니다.
배송 조회: 상품 발송 시 등록된 연락처로 송장번호가 자동 발송되며, [마이페이지 > 주문내역 > 배송조회]에서 실시간 확인이 가능합니다.
배송 지연 안내: 천재지변, 물류사 파업, 명절 성수기 등 회사의 통제 범위를 벗어난 사유로 배송이 지연될 경우, 사전 공지 후 예상 지연 기간을 안내합니다.

6.3 배송 사고 처리 (분실/파손)
배송 중 분실: 택배사 배송 조회 상 '배송완료'로 표시되었으나 고객이 미수령한 경우, 고객센터와 택배사 공동 조사를 진행하며 조사 결과에 따라 재발송 또는 환불이 결정
됩니다.
파손 수령: 상품 수령 시 박스나 상품이 파손된 경우, 개봉 전 상태를 사진으로 촬영해 두어야 원활한 보상 처리가 가능하며, 수령 후 7일 이내 고객센터로 신고해야 합니다.

[정책 문서 2: 쇼핑몰 이용약관 및 운영정책.pdf]
2.4 결제 오류 및 실패 처리
결제 시도 중 오류(승인 거절, 먹통, 응답 지연 등)가 발생한 경우, 우선 [마이페이지 > 주문내역]에서 실제 결제 완료 여부를 확인해야 합니다.
이중 결제(중복 승인): 동일 주문에 대해 결제가 두 번 승인된 경우, 시스템이 익영업일 이내 자동 취소 처리하며 카드사 승인 취소 내역으로 확인할 수 있습니다. 자동 취소가
지연되면 승인 내역을 첨부하여 고객센터로 문의해야 합니다.
결제 실패(승인 거절): 카드 한도 초과, 카드사 보안 정책, 입력 정보 오류 등이 주요 원인이며, 카드사 확인이 우선이고 해결되지 않으면 다른 결제 수단으로 재시도를 안내
합니다.
오류 신고: 반복적인 결제 오류는 오류 발생 시각, 사용 결제수단, 오류 메시지 화면을 첨부하여 고객센터로 접수하면 결제 PG사와 함께 원인을 조사합니다.
TIP
결제 오류 관련 팁 (RAG 응답 기준)

[정책 문서 3: 쇼핑몰 이용약관 및 운영정책.pdf]
12.2 문의 채널
1:1 채팅 상담: 앱/웹 하단 [고객센터] 메뉴에서 실시간 상담 가능 (운영시간 내)
대표 전화: 상품 페이지 및 마이페이지 하단에 안내된 대표번호로 연결
이메일 문의: 운영시간 외 문의는 이메일로 접수 시 순차 확인 후 회신",13.7061
301,결제,청구서 확인,{{name}}에서 보낸 청구서를 확인하는 데 도움이 필요해요,청구서를 찾는 데 도움이 되도록 날짜 범위나 청구서와 관련된 특정 정보 등 추가 세부정보를 제공해 주실 수 있나요?,"[""날짜 범위나 청구서와 관련된 특정 세부정보 등 관련 정보를 제공해 주실 수 있나요?""]","[정책 문서 1: 쇼핑몰 이용약관 및 운영정책.pdf]
2.3 청구서(영수증·세금계산서) 발급
현금영수증: 결제 완료 시 등록된 휴대폰번호로 지출증빙용 또는 소득공제용 현금영수증이 자동 발행됩니다. 발급 정보는 [마이페이지 > 주문내역 > 영수증 조회]에서 확인
가능합니다.
전자세금계산서: 사업자 회원이 세금계산서 발급을 요청하는 경우, 사업자등록번호·상호·담당자 이메일을 정확히 입력해야 하며 구매 확정 후 발급됩니다.
재발급: 영수증/세금계산서 재발급은 [마이페이지]에서 즉시 재출력이 가능하며, 정보 오류(사업자번호 등)로 인한 정정 발급은 고객센터를 통해 신청해야 합니다.
TIP
청구서 관련 팁 (RAG 응답 기준)
""영수증을 못 받았어요""라는 문의는 먼저 현금영수증(개인) vs 전자세금계산서(사업자) 중 어떤 것이 필요한지 확인한 뒤, 발급 경로를 안내합니다. 세금계산서 발급 정보 오류는 마
이페이지 자체 수정이 아닌 고객센터 정정 신청 대상임을 명확히 안내합니다.

[정책 문서 2: 쇼핑몰 이용약관 및 운영정책.pdf]
4.5 환불 진행 상황 조회 방법
[마이페이지 > 주문내역 > 환불/취소 내역]에서 처리 단계(반품 접수 → 입고 확인 → 검품 승인 → 환불 처리 완료)를 실시간으로 확인할 수 있습니다.
검품 승인 이후 4.4항의 환불 소요 기간이 지나도 반영되지 않은 경우, 결제 수단과 반품 승인일을 확인한 뒤 고객센터로 문의해야 합니다.
부분 환불(일부 품목만 반품 등)의 경우 환불 금액이 전체 결제 금액과 다를 수 있으므로, 반품 접수 시 안내된 예상 환불 금액을 우선 확인합니다.
TIP
환불 조회 관련 팁 (RAG 응답 기준)
""환불 언제 되나요""라는 문의는 먼저 [마이페이지] 조회 경로를 안내하고, 4.4항의 결제 수단별 소요 기간 이내인지 확인한 뒤, 소요 기간을 초과한 경우에만 고객센터 개별 확인으로
연결합니다.

[정책 문서 3: 쇼핑몰 이용약관 및 운영정책.pdf]
TIP
결제 오류 관련 팁 (RAG 응답 기준)
""결제가 안 돼요""라는 문의는 먼저 실제 결제/주문 완료 여부부터 확인하도록 안내하고, 이중 결제가 의심되는 경우 임의로 환불을 약속하지 말고 승인 내역 확인 절차부터 안내합니
다.",8.776
302,결제,청구서 확인,청구서를 보려면 어떻게 해야 하는지 모르겠어요 85632,청구서를 보려면 당사 웹사이트에서 고객님의 계정에 로그인하고 [청구] 또는 [청구서] 섹션으로 이동해 주세요. 여기에서 청구서를 보고 다운로드할 수 있는 옵션을 찾을 수 있습니다.,"[""도움을 받으려면 아래 지침을 따라 주세요. 1. 당사 웹사이트 또는 모바일 앱에서 고객님의 계정에 로그인해 주세요. 2. [결제] 또는 [계정] 섹션으로 이동해 주세요. 3. [청구서 보기] 또는 [청구서 내역]과 같은 옵션을 찾아 주세요. 4. 청구서에 액세스하려면 해당 링크를 클릭해 주세요. 5. 메시지가 나타나면 청구서 번호 해당 번호({{transaction_id}})의 청구서를 입력해 주세요. 다음 단계를 따르면 번호 {{transaction_id}}가 포함된 청구서를 쉽고 빠르게 확인할 수 있습니다. 어려움이 있거나 추가 질문이 있는 경우 고객센터에 문의해 주세요.""]","[정책 문서 1: 쇼핑몰 이용약관 및 운영정책.pdf]
2.3 청구서(영수증·세금계산서) 발급
현금영수증: 결제 완료 시 등록된 휴대폰번호로 지출증빙용 또는 소득공제용 현금영수증이 자동 발행됩니다. 발급 정보는 [마이페이지 > 주문내역 > 영수증 조회]에서 확인
가능합니다.
전자세금계산서: 사업자 회원이 세금계산서 발급을 요청하는 경우, 사업자등록번호·상호·담당자 이메일을 정확히 입력해야 하며 구매 확정 후 발급됩니다.
재발급: 영수증/세금계산서 재발급은 [마이페이지]에서 즉시 재출력이 가능하며, 정보 오류(사업자번호 등)로 인한 정정 발급은 고객센터를 통해 신청해야 합니다.
TIP
청구서 관련 팁 (RAG 응답 기준)
""영수증을 못 받았어요""라는 문의는 먼저 현금영수증(개인) vs 전자세금계산서(사업자) 중 어떤 것이 필요한지 확인한 뒤, 발급 경로를 안내합니다. 세금계산서 발급 정보 오류는 마
이페이지 자체 수정이 아닌 고객센터 정정 신청 대상임을 명확히 안내합니다.

[정책 문서 2: 쇼핑몰 이용약관 및 운영정책.pdf]
금액·기간 등 수치 정보는 원문 그대로 정확히 인용하고, 임의로 추정하지 않습니다.
법정대리인 동의, 분쟁조정 등 법적 절차가 필요한 문의는 최종 처리 결과를 단정하지 말고 ""확인 후 안내드리겠습니다"" 형태로 고객센터 상담 연결을 병행 안내합니
다.

[정책 문서 3: 전자상거래_표준약관.pdf]
1. 신청 내용에 허위, 기재누락, 오기가 있는 경우

2. 미성년자가 담배, 주류 등 청소년보호법에서 금지하는 재화 및 용역을 구매하
는 경우

3. 기타 구매신청에 승낙하는 것이 “몰” 기술상 현저히 지장이 있다고 판단하
는 경우

② “몰”의 승낙이 제12조제1항의 수신확인통지형태로 이용자에게 도달한 시점에
계약이 성립한 것으로 봅니다.

③ “몰”의 승낙의 의사표시에는 이용자의 구매 신청에 대한 확인 및 판매가능 여
부, 구매신청의 정정 취소 등에 관한 정보 등을 포함하여야 합니다.

제11조(지급방법) “몰”에서 구매한 재화 또는 용역에 대한 대금지급방법은 다음
각 호의 방법중 가용한 방법으로 할 수 있습니다. 단, “몰”은 이용자의 지급방법
에 대하여 재화 등의 대금에 어떠한 명목의 수수료도 추가하여 징수할 수 없습니
다.

1. 폰뱅킹, 인터넷뱅킹, 메일 뱅킹 등의 각종 계좌이체

2. 선불카드, 직불카드, 신용카드 등의 각종 카드 결제

3. 온라인무통장입금",11.6286
303,결제,청구서 확인,송장 00108을 찾아봐도 될까요?,번호 {{transaction_id}}가 포함된 송장을 찾는 데 도움이 필요하다는 것을 확인했습니다. 송장을 찾으려면 당사 웹사이트에서 고객님의 계정에 로그인한 후 [청구] 또는 [청구서] 섹션으로 이동해 주세요. 여기에서 송장 번호 해당 번호({{transaction_id}})의 청구서를 검색하고 다운로드할 수 있습니다.,"[""효율적인 지원을 위해 고객 이름이나 청구서 날짜 범위 등 몇 가지 추가 세부정보를 제공해 주실 수 있나요?""]","[정책 문서 1: 쇼핑몰 이용약관 및 운영정책.pdf]
12.2 문의 채널
1:1 채팅 상담: 앱/웹 하단 [고객센터] 메뉴에서 실시간 상담 가능 (운영시간 내)
대표 전화: 상품 페이지 및 마이페이지 하단에 안내된 대표번호로 연결
이메일 문의: 운영시간 외 문의는 이메일로 접수 시 순차 확인 후 회신

[정책 문서 2: 쇼핑몰 이용약관 및 운영정책.pdf]
7.3 배송지(주소록) 관리
배송지 등록: [마이페이지 > 배송지 관리]에서 여러 개의 배송지를 등록해 두고 주문 시 선택할 수 있으며, 기본 배송지 지정이 가능합니다.
배송지 설정 오류: 도로명주소 검색 오류, 상세주소 미입력 등으로 저장이 되지 않는 경우, 브라우저 캐시 삭제 또는 앱 최신 버전 업데이트 후 재시도를 안내합니다.
등록 가능 개수: 배송지는 최대 30개까지 등록 가능하며, 초과 시 기존 배송지를 삭제한 후 등록해야 합니다.
TIP
배송지 설정 관련 팁 (RAG 응답 기준)
""배송지 설정이 안 돼요""라는 오류 문의는 결제 단계의 배송지 변경(1.2항)과는 다른, 마이페이지 주소록 자체의 저장 오류이므로 구분해서 안내합니다.

8. 쿠폰 및 적립금 정책 (Coupon & Reward Policy)

[정책 문서 3: 쇼핑몰 이용약관 및 운영정책.pdf]
금액·기간 등 수치 정보는 원문 그대로 정확히 인용하고, 임의로 추정하지 않습니다.
법정대리인 동의, 분쟁조정 등 법적 절차가 필요한 문의는 최종 처리 결과를 단정하지 말고 ""확인 후 안내드리겠습니다"" 형태로 고객센터 상담 연결을 병행 안내합니
다.",14.0778
304,결제,청구서 확인,청구서 12588을 확인하려면 어떻게 해야 할지 모르겠습니다.,번호 {{transaction_id}}가 포함된 청구서를 확인하는 데 도움이 필요하다는 것을 확인했습니다. 청구서를 찾으려면 당사 웹사이트에서 고객님의 계정에 로그인하고 [청구] 또는 [청구서] 섹션으로 이동해 주세요. 여기에서 청구서를 보고 다운로드할 수 있는 옵션을 찾을 수 있습니다.,"[""청구서를 확인하려면 당사 웹사이트에서 고객님의 계정에 로그인한 후 [청구] 또는 [청구서] 섹션으로 이동해 주세요. 또는 전화나 라이브 채팅으로 고객센터에 연락하여 청구서 번호를 알려주시면 청구서를 찾고 액세스하는 데 도움을 드릴 수도 있습니다.""]","[정책 문서 1: 쇼핑몰 이용약관 및 운영정책.pdf]
2.3 청구서(영수증·세금계산서) 발급
현금영수증: 결제 완료 시 등록된 휴대폰번호로 지출증빙용 또는 소득공제용 현금영수증이 자동 발행됩니다. 발급 정보는 [마이페이지 > 주문내역 > 영수증 조회]에서 확인
가능합니다.
전자세금계산서: 사업자 회원이 세금계산서 발급을 요청하는 경우, 사업자등록번호·상호·담당자 이메일을 정확히 입력해야 하며 구매 확정 후 발급됩니다.
재발급: 영수증/세금계산서 재발급은 [마이페이지]에서 즉시 재출력이 가능하며, 정보 오류(사업자번호 등)로 인한 정정 발급은 고객센터를 통해 신청해야 합니다.
TIP
청구서 관련 팁 (RAG 응답 기준)
""영수증을 못 받았어요""라는 문의는 먼저 현금영수증(개인) vs 전자세금계산서(사업자) 중 어떤 것이 필요한지 확인한 뒤, 발급 경로를 안내합니다. 세금계산서 발급 정보 오류는 마
이페이지 자체 수정이 아닌 고객센터 정정 신청 대상임을 명확히 안내합니다.

[정책 문서 2: 쇼핑몰 이용약관 및 운영정책.pdf]
금액·기간 등 수치 정보는 원문 그대로 정확히 인용하고, 임의로 추정하지 않습니다.
법정대리인 동의, 분쟁조정 등 법적 절차가 필요한 문의는 최종 처리 결과를 단정하지 말고 ""확인 후 안내드리겠습니다"" 형태로 고객센터 상담 연결을 병행 안내합니
다.

[정책 문서 3: 쇼핑몰 이용약관 및 운영정책.pdf]
TIP
결제 오류 관련 팁 (RAG 응답 기준)
""결제가 안 돼요""라는 문의는 먼저 실제 결제/주문 완료 여부부터 확인하도록 안내하고, 이중 결제가 의심되는 경우 임의로 환불을 약속하지 말고 승인 내역 확인 절차부터 안내합니
다.",13.0305
305,결제,청구서 확인,{{name}}에서 보낸 청구서를 보려면 어떻게 해야 할지 모르겠어요,청구서를 보려면 당사 웹사이트에서 고객님의 계정에 로그인한 후 [청구] 또는 [청구서] 섹션으로 이동해 주세요. 여기에서 {{name}}와 관련된 청구서를 보고 다운로드할 수 있습니다.,"[""청구서에 액세스하려면 당사 웹사이트에서 온라인 계정에 로그인해 보세요. 로그인하면 [청구] 또는 [청구서] 섹션으로 이동할 수 있습니다. 온라인으로 청구서를 찾을 수 없는 경우 고객센터에 문의하실 수도 있습니다.""]","[정책 문서 1: 쇼핑몰 이용약관 및 운영정책.pdf]
2.3 청구서(영수증·세금계산서) 발급
현금영수증: 결제 완료 시 등록된 휴대폰번호로 지출증빙용 또는 소득공제용 현금영수증이 자동 발행됩니다. 발급 정보는 [마이페이지 > 주문내역 > 영수증 조회]에서 확인
가능합니다.
전자세금계산서: 사업자 회원이 세금계산서 발급을 요청하는 경우, 사업자등록번호·상호·담당자 이메일을 정확히 입력해야 하며 구매 확정 후 발급됩니다.
재발급: 영수증/세금계산서 재발급은 [마이페이지]에서 즉시 재출력이 가능하며, 정보 오류(사업자번호 등)로 인한 정정 발급은 고객센터를 통해 신청해야 합니다.
TIP
청구서 관련 팁 (RAG 응답 기준)
""영수증을 못 받았어요""라는 문의는 먼저 현금영수증(개인) vs 전자세금계산서(사업자) 중 어떤 것이 필요한지 확인한 뒤, 발급 경로를 안내합니다. 세금계산서 발급 정보 오류는 마
이페이지 자체 수정이 아닌 고객센터 정정 신청 대상임을 명확히 안내합니다.

[정책 문서 2: 쇼핑몰 이용약관 및 운영정책.pdf]
4.5 환불 진행 상황 조회 방법
[마이페이지 > 주문내역 > 환불/취소 내역]에서 처리 단계(반품 접수 → 입고 확인 → 검품 승인 → 환불 처리 완료)를 실시간으로 확인할 수 있습니다.
검품 승인 이후 4.4항의 환불 소요 기간이 지나도 반영되지 않은 경우, 결제 수단과 반품 승인일을 확인한 뒤 고객센터로 문의해야 합니다.
부분 환불(일부 품목만 반품 등)의 경우 환불 금액이 전체 결제 금액과 다를 수 있으므로, 반품 접수 시 안내된 예상 환불 금액을 우선 확인합니다.
TIP
환불 조회 관련 팁 (RAG 응답 기준)
""환불 언제 되나요""라는 문의는 먼저 [마이페이지] 조회 경로를 안내하고, 4.4항의 결제 수단별 소요 기간 이내인지 확인한 뒤, 소요 기간을 초과한 경우에만 고객센터 개별 확인으로
연결합니다.

[정책 문서 3: 전자상거래_표준약관.pdf]
제3조 (약관 등의 명시와 설명 및 개정)

① “몰”은 이 약관의 내용과 상호 및 대표자 성명, 영업소 소재지 주소(소비자의
불만을 처리할 수 있는 곳의 주소를 포함), 전화번호 ․ 모사전송번호 ․ 전자우편주
소, 사업자등록번호, 통신판매업 신고번호, 개인정보관리책임자등을 이용자가
쉽게 알 수 있도록 00 사이버몰의 초기 서비스화면(전면)에 게시합니다. 다만,
약관의 내용은 이용자가 연결화면을 통하여 볼 수 있도록 할 수 있습니다.
② “몰은 이용자가 약관에 동의하기에 앞서 약관에 정하여져 있는 내용 중 청약철
회 ․ 배송책임 ․ 환불조건 등과 같은 중요한 내용을 이용자가 이해할 수 있도록 별
도의 연결화면 또는 팝업화면 등을 제공하여 이용자의 확인을 구하여야 합니다.",12.3872
306,결제,청구서 확인,{{name}}에서 보낸 청구서를 확인해야 하는데 도움이 될 거예요,청구서를 찾는 데 도움이 되도록 날짜 범위나 청구서와 관련된 특정 정보 등 추가 세부정보를 제공해 주실 수 있나요?,"[""저는 이곳에서의 저희의 연결을 진심으로 소중하게 생각합니다. {{name}}의 청구서를 확인하려는 고객님의 진지한 열망을 인식하면서 저희 모두가 때때로 그러한 명확성이 얼마나 필요한지 상기시켜줍니다. 이 여정을 함께 시작하겠습니다. 계좌번호나 관련 정보 등 추가 세부정보를 제공해 주시면 고객님의 청구서를 보다 효율적으로 찾는 데 큰 도움이 될 것입니다.""]","[정책 문서 1: 쇼핑몰 이용약관 및 운영정책.pdf]
2.3 청구서(영수증·세금계산서) 발급
현금영수증: 결제 완료 시 등록된 휴대폰번호로 지출증빙용 또는 소득공제용 현금영수증이 자동 발행됩니다. 발급 정보는 [마이페이지 > 주문내역 > 영수증 조회]에서 확인
가능합니다.
전자세금계산서: 사업자 회원이 세금계산서 발급을 요청하는 경우, 사업자등록번호·상호·담당자 이메일을 정확히 입력해야 하며 구매 확정 후 발급됩니다.
재발급: 영수증/세금계산서 재발급은 [마이페이지]에서 즉시 재출력이 가능하며, 정보 오류(사업자번호 등)로 인한 정정 발급은 고객센터를 통해 신청해야 합니다.
TIP
청구서 관련 팁 (RAG 응답 기준)
""영수증을 못 받았어요""라는 문의는 먼저 현금영수증(개인) vs 전자세금계산서(사업자) 중 어떤 것이 필요한지 확인한 뒤, 발급 경로를 안내합니다. 세금계산서 발급 정보 오류는 마
이페이지 자체 수정이 아닌 고객센터 정정 신청 대상임을 명확히 안내합니다.

[정책 문서 2: 쇼핑몰 이용약관 및 운영정책.pdf]
금액·기간 등 수치 정보는 원문 그대로 정확히 인용하고, 임의로 추정하지 않습니다.
법정대리인 동의, 분쟁조정 등 법적 절차가 필요한 문의는 최종 처리 결과를 단정하지 말고 ""확인 후 안내드리겠습니다"" 형태로 고객센터 상담 연결을 병행 안내합니
다.

[정책 문서 3: 쇼핑몰 이용약관 및 운영정책.pdf]
TIP
결제 오류 관련 팁 (RAG 응답 기준)
""결제가 안 돼요""라는 문의는 먼저 실제 결제/주문 완료 여부부터 확인하도록 안내하고, 이중 결제가 의심되는 경우 임의로 환불을 약속하지 말고 승인 내역 확인 절차부터 안내합니
다.",7.6991
307,결제,청구서 확인,청구서를 찾으려면 어떻게 해야 할지 모르겠습니다 00108,번호 {{transaction_id}}로 청구서를 찾는 데 도움이 필요하다는 것을 알게 되었습니다. 청구서를 찾으려면 다음 단계를 따라 주세요. 1. 당사 웹사이트에서 고객님의 계정에 로그인해 주세요. 2. [마이페이지] 또는 [계정 설정] 섹션으로 이동해 주세요. 3. [청구서] 또는 [결제] 탭을 찾아 주세요. 4. 청구서를 보거나 다운로드할 수 있는 옵션을 클릭해 주세요. 5. 검색창에 송장 번호 해당 번호({{transaction_id}})의 청구서를 입력해 주세요. 6. 검색 버튼을 클릭하거나 Enter 키를 눌러 주세요. 7. 시스템은 청구서를 찾아 검색 결과에 표시합니다.,"[""{{transaction_id}} 번호로 청구서를 검색하는 방법을 잘 모르신다는 연락을 받았습니다. 먼저, 이 청구서와 관련된 고객의 이름을 알려주실 수 있나요? 또한 청구서와 관련된 날짜나 세부정보도 도움이 될 것입니다.""]","[정책 문서 1: 쇼핑몰 이용약관 및 운영정책.pdf]
2.3 청구서(영수증·세금계산서) 발급
현금영수증: 결제 완료 시 등록된 휴대폰번호로 지출증빙용 또는 소득공제용 현금영수증이 자동 발행됩니다. 발급 정보는 [마이페이지 > 주문내역 > 영수증 조회]에서 확인
가능합니다.
전자세금계산서: 사업자 회원이 세금계산서 발급을 요청하는 경우, 사업자등록번호·상호·담당자 이메일을 정확히 입력해야 하며 구매 확정 후 발급됩니다.
재발급: 영수증/세금계산서 재발급은 [마이페이지]에서 즉시 재출력이 가능하며, 정보 오류(사업자번호 등)로 인한 정정 발급은 고객센터를 통해 신청해야 합니다.
TIP
청구서 관련 팁 (RAG 응답 기준)
""영수증을 못 받았어요""라는 문의는 먼저 현금영수증(개인) vs 전자세금계산서(사업자) 중 어떤 것이 필요한지 확인한 뒤, 발급 경로를 안내합니다. 세금계산서 발급 정보 오류는 마
이페이지 자체 수정이 아닌 고객센터 정정 신청 대상임을 명확히 안내합니다.

[정책 문서 2: 쇼핑몰 이용약관 및 운영정책.pdf]
10. 분쟁해결 및 소비자보호 (Dispute Resolution)
고객센터 우선 협의: 모든 분쟁은 고객센터를 통한 협의를 우선 원칙으로 하며, 접수 후 영업일 기준 3일 이내 답변을 원칙으로 합니다.
소비자분쟁조정: 고객센터 협의로 해결되지 않을 경우, 한국소비자원 또는 전자거래분쟁조정위원회에 조정을 신청할 수 있습니다.
전자상거래법 고지: 본 약관에서 정하지 않은 사항은 「전자상거래 등에서의 소비자보호에 관한 법률」 등 관계 법령 및 공정거래위원회가 정한 「전자상거래 등에서의 소
비자보호 지침」을 따릅니다.

[정책 문서 3: 쇼핑몰 이용약관 및 운영정책.pdf]
12.2 문의 채널
1:1 채팅 상담: 앱/웹 하단 [고객센터] 메뉴에서 실시간 상담 가능 (운영시간 내)
대표 전화: 상품 페이지 및 마이페이지 하단에 안내된 대표번호로 연결
이메일 문의: 운영시간 외 문의는 이메일로 접수 시 순차 확인 후 회신",23.2827
308,결제,청구서 확인,청구서 85632를 잠깐 살펴보고 싶습니다.,번호 {{transaction_id}}가 포함된 청구서를 확인하는 데 도움이 필요하다는 것을 확인했습니다. 청구서를 찾으려면 당사 웹사이트에서 고객님의 계정에 로그인하고 [청구] 또는 [청구서] 섹션으로 이동해 주세요. 여기에서 청구서를 보고 다운로드할 수 있는 옵션을 찾을 수 있습니다.,"[""번호 {{transaction_id}}가 포함된 송장 세부정보를 신속하게 검토해야 하는 고객님의 긴급성을 오해하지 않았습니다. 청구서를 찾는 데 도움이 될 수 있는 고객님의 계정 정보나 관련 세부정보를 제공해 주실 수 있나요? 필요한 정보가 있으면 신속하게 송장을 검색하여 함께 검토할 수 있습니다.""]","[정책 문서 1: 쇼핑몰 이용약관 및 운영정책.pdf]
2.3 청구서(영수증·세금계산서) 발급
현금영수증: 결제 완료 시 등록된 휴대폰번호로 지출증빙용 또는 소득공제용 현금영수증이 자동 발행됩니다. 발급 정보는 [마이페이지 > 주문내역 > 영수증 조회]에서 확인
가능합니다.
전자세금계산서: 사업자 회원이 세금계산서 발급을 요청하는 경우, 사업자등록번호·상호·담당자 이메일을 정확히 입력해야 하며 구매 확정 후 발급됩니다.
재발급: 영수증/세금계산서 재발급은 [마이페이지]에서 즉시 재출력이 가능하며, 정보 오류(사업자번호 등)로 인한 정정 발급은 고객센터를 통해 신청해야 합니다.
TIP
청구서 관련 팁 (RAG 응답 기준)
""영수증을 못 받았어요""라는 문의는 먼저 현금영수증(개인) vs 전자세금계산서(사업자) 중 어떤 것이 필요한지 확인한 뒤, 발급 경로를 안내합니다. 세금계산서 발급 정보 오류는 마
이페이지 자체 수정이 아닌 고객센터 정정 신청 대상임을 명확히 안내합니다.

[정책 문서 2: 전자상거래_표준약관.pdf]
1. 신청 내용에 허위, 기재누락, 오기가 있는 경우

2. 미성년자가 담배, 주류 등 청소년보호법에서 금지하는 재화 및 용역을 구매하
는 경우

3. 기타 구매신청에 승낙하는 것이 “몰” 기술상 현저히 지장이 있다고 판단하
는 경우

② “몰”의 승낙이 제12조제1항의 수신확인통지형태로 이용자에게 도달한 시점에
계약이 성립한 것으로 봅니다.

③ “몰”의 승낙의 의사표시에는 이용자의 구매 신청에 대한 확인 및 판매가능 여
부, 구매신청의 정정 취소 등에 관한 정보 등을 포함하여야 합니다.

제11조(지급방법) “몰”에서 구매한 재화 또는 용역에 대한 대금지급방법은 다음
각 호의 방법중 가용한 방법으로 할 수 있습니다. 단, “몰”은 이용자의 지급방법
에 대하여 재화 등의 대금에 어떠한 명목의 수수료도 추가하여 징수할 수 없습니
다.

1. 폰뱅킹, 인터넷뱅킹, 메일 뱅킹 등의 각종 계좌이체

2. 선불카드, 직불카드, 신용카드 등의 각종 카드 결제

3. 온라인무통장입금

[정책 문서 3: 쇼핑몰 이용약관 및 운영정책.pdf]
금액·기간 등 수치 정보는 원문 그대로 정확히 인용하고, 임의로 추정하지 않습니다.
법정대리인 동의, 분쟁조정 등 법적 절차가 필요한 문의는 최종 처리 결과를 단정하지 말고 ""확인 후 안내드리겠습니다"" 형태로 고객센터 상담 연결을 병행 안내합니
다.",14.635
309,결제,결제 수단 확인,허용되는 결제 방식을 확인하는 방법은 무엇입니까?,허용되는 결제 방식을 확인하려면 당사 웹사이트를 방문하여 [결제 방법] 섹션으로 이동해 주세요. 여기에서 당사가 허용하는 결제 옵션의 전체 목록을 확인할 수 있습니다.,"[""이 정보에 액세스하려면 당사 웹사이트를 방문하여 다음과 같은 간단한 단계를 따라 주세요. 1. 당사 홈페이지에 접속해 주세요. 2. [결제 옵션] 또는 [허용되는 결제 방법] 섹션을 찾아 주세요. 바닥글, 머리글 또는 [도움말] 또는 [지원] 탭 아래에 있을 수 있습니다. 3. [결제 방법 보기] 또는 이와 유사한 링크나 버튼을 클릭해 주세요. 4. 각 방법에 대한 특정 지침이나 요구 사항과 함께 허용되는 모든 결제 옵션을 표시하는 새 페이지가 열립니다.""]","[정책 문서 1: 전자상거래_표준약관.pdf]
1. 신청 내용에 허위, 기재누락, 오기가 있는 경우

2. 미성년자가 담배, 주류 등 청소년보호법에서 금지하는 재화 및 용역을 구매하
는 경우

3. 기타 구매신청에 승낙하는 것이 “몰” 기술상 현저히 지장이 있다고 판단하
는 경우

② “몰”의 승낙이 제12조제1항의 수신확인통지형태로 이용자에게 도달한 시점에
계약이 성립한 것으로 봅니다.

③ “몰”의 승낙의 의사표시에는 이용자의 구매 신청에 대한 확인 및 판매가능 여
부, 구매신청의 정정 취소 등에 관한 정보 등을 포함하여야 합니다.

제11조(지급방법) “몰”에서 구매한 재화 또는 용역에 대한 대금지급방법은 다음
각 호의 방법중 가용한 방법으로 할 수 있습니다. 단, “몰”은 이용자의 지급방법
에 대하여 재화 등의 대금에 어떠한 명목의 수수료도 추가하여 징수할 수 없습니
다.

1. 폰뱅킹, 인터넷뱅킹, 메일 뱅킹 등의 각종 계좌이체

2. 선불카드, 직불카드, 신용카드 등의 각종 카드 결제

3. 온라인무통장입금

[정책 문서 2: 전자상거래_표준약관.pdf]
2. 선불카드, 직불카드, 신용카드 등의 각종 카드 결제

3. 온라인무통장입금

4. 전자화폐에 의한 결제

5. 수령 시 대금지급

6. 마일리지 등 “몰”이 지급한 포인트에 의한 결제
7. “몰”과 계약을 맺었거나 “몰”이 인정한 상품권에 의한 결제 

8. 기타 전자적 지급 방법에 의한 대금 지급 등

제12조(수신확인통지 ․ 구매신청 변경 및 취소)

① “몰”은 이용자의 구매신청이 있는 경우 이용자에게 수신확인통지를 합니다.

② 수신확인통지를 받은 이용자는 의사표시의 불일치 등이 있는 경우에는 수신확인
통지를 받은 후 즉시 구매신청 변경 및 취소를 요청할 수 있고 “몰”은 배송 전
에 이용자의 요청이 있는 경우에는 지체 없이 그 요청에 따라 처리하여야 합니
다. 다만 이미 대금을 지불한 경우에는 제15조의 청약철회 등에 관한 규정에 따
릅니다.

제13조(재화 등의 공급)

[정책 문서 3: 쇼핑몰 이용약관 및 운영정책.pdf]
2.4 결제 오류 및 실패 처리
결제 시도 중 오류(승인 거절, 먹통, 응답 지연 등)가 발생한 경우, 우선 [마이페이지 > 주문내역]에서 실제 결제 완료 여부를 확인해야 합니다.
이중 결제(중복 승인): 동일 주문에 대해 결제가 두 번 승인된 경우, 시스템이 익영업일 이내 자동 취소 처리하며 카드사 승인 취소 내역으로 확인할 수 있습니다. 자동 취소가
지연되면 승인 내역을 첨부하여 고객센터로 문의해야 합니다.
결제 실패(승인 거절): 카드 한도 초과, 카드사 보안 정책, 입력 정보 오류 등이 주요 원인이며, 카드사 확인이 우선이고 해결되지 않으면 다른 결제 수단으로 재시도를 안내
합니다.
오류 신고: 반복적인 결제 오류는 오류 발생 시각, 사용 결제수단, 오류 메시지 화면을 첨부하여 고객센터로 접수하면 결제 PG사와 함께 원인을 조사합니다.
TIP
결제 오류 관련 팁 (RAG 응답 기준)",11.9592
310,결제,결제 수단 확인,허용되는 결제 방법을 어디서 확인할 수 있나요?,허용되는 결제 방법을 확인하려면 당사 웹사이트를 방문하여 [결제 방법] 섹션으로 이동해 주세요. 여기에서 당사가 허용하는 결제 옵션의 전체 목록을 확인할 수 있습니다.,"[""허용되는 결제 방법을 보려면 당사 웹사이트를 방문하여 [결제] 또는 [체크아웃] 섹션으로 이동해 주세요. 여기에서 당사가 허용하는 결제 옵션의 세부 목록을 확인할 수 있습니다.""]","[정책 문서 1: 전자상거래_표준약관.pdf]
1. 신청 내용에 허위, 기재누락, 오기가 있는 경우

2. 미성년자가 담배, 주류 등 청소년보호법에서 금지하는 재화 및 용역을 구매하
는 경우

3. 기타 구매신청에 승낙하는 것이 “몰” 기술상 현저히 지장이 있다고 판단하
는 경우

② “몰”의 승낙이 제12조제1항의 수신확인통지형태로 이용자에게 도달한 시점에
계약이 성립한 것으로 봅니다.

③ “몰”의 승낙의 의사표시에는 이용자의 구매 신청에 대한 확인 및 판매가능 여
부, 구매신청의 정정 취소 등에 관한 정보 등을 포함하여야 합니다.

제11조(지급방법) “몰”에서 구매한 재화 또는 용역에 대한 대금지급방법은 다음
각 호의 방법중 가용한 방법으로 할 수 있습니다. 단, “몰”은 이용자의 지급방법
에 대하여 재화 등의 대금에 어떠한 명목의 수수료도 추가하여 징수할 수 없습니
다.

1. 폰뱅킹, 인터넷뱅킹, 메일 뱅킹 등의 각종 계좌이체

2. 선불카드, 직불카드, 신용카드 등의 각종 카드 결제

3. 온라인무통장입금

[정책 문서 2: 전자상거래_표준약관.pdf]
2. 선불카드, 직불카드, 신용카드 등의 각종 카드 결제

3. 온라인무통장입금

4. 전자화폐에 의한 결제

5. 수령 시 대금지급

6. 마일리지 등 “몰”이 지급한 포인트에 의한 결제
7. “몰”과 계약을 맺었거나 “몰”이 인정한 상품권에 의한 결제 

8. 기타 전자적 지급 방법에 의한 대금 지급 등

제12조(수신확인통지 ․ 구매신청 변경 및 취소)

① “몰”은 이용자의 구매신청이 있는 경우 이용자에게 수신확인통지를 합니다.

② 수신확인통지를 받은 이용자는 의사표시의 불일치 등이 있는 경우에는 수신확인
통지를 받은 후 즉시 구매신청 변경 및 취소를 요청할 수 있고 “몰”은 배송 전
에 이용자의 요청이 있는 경우에는 지체 없이 그 요청에 따라 처리하여야 합니
다. 다만 이미 대금을 지불한 경우에는 제15조의 청약철회 등에 관한 규정에 따
릅니다.

제13조(재화 등의 공급)

[정책 문서 3: 쇼핑몰 이용약관 및 운영정책.pdf]
2.4 결제 오류 및 실패 처리
결제 시도 중 오류(승인 거절, 먹통, 응답 지연 등)가 발생한 경우, 우선 [마이페이지 > 주문내역]에서 실제 결제 완료 여부를 확인해야 합니다.
이중 결제(중복 승인): 동일 주문에 대해 결제가 두 번 승인된 경우, 시스템이 익영업일 이내 자동 취소 처리하며 카드사 승인 취소 내역으로 확인할 수 있습니다. 자동 취소가
지연되면 승인 내역을 첨부하여 고객센터로 문의해야 합니다.
결제 실패(승인 거절): 카드 한도 초과, 카드사 보안 정책, 입력 정보 오류 등이 주요 원인이며, 카드사 확인이 우선이고 해결되지 않으면 다른 결제 수단으로 재시도를 안내
합니다.
오류 신고: 반복적인 결제 오류는 오류 발생 시각, 사용 결제수단, 오류 메시지 화면을 첨부하여 고객센터로 접수하면 결제 PG사와 함께 원인을 조사합니다.
TIP
결제 오류 관련 팁 (RAG 응답 기준)",11.9355
311,결제,결제 수단 확인,어떤 결제 옵션이 허용되는지 확인하려고 합니다.,"허용되는 결제 옵션을 안내해 드리겠습니다. 저희는 고객님의 선호도에 맞춰 다양하고 편리한 결제 방법을 제공합니다. 사용 가능한 결제 옵션은 다음과 같습니다. - 신용/체크카드: 국내외 주요 카드사의 카드로 결제하실 수 있습니다. - 간편결제: 네이버페이, 카카오페이, 토스페이, 페이코 등을 이용하실 수 있습니다. - 실시간 계좌이체 및 가상계좌: 본인 명의 계좌로 이체하거나 주문별 전용 계좌로 입금하실 수 있습니다. - 포인트 및 쿠폰: 회사 규정에 따라 발급된 적립금과 할인 쿠폰을 함께 사용하실 수 있습니다.","[""허용되는 결제 옵션을 안내해 드리겠습니다. 저희는 고객님의 선호도에 맞춰 다양하고 편리한 방법을 제공합니다. 사용 가능한 결제 옵션에 대한 개요는 다음과 같습니다. 1. 신용/체크카드: 국내외 주요 카드사 결제를 지원합니다. 2. 간편결제: 네이버페이, 카카오페이, 토스페이, 페이코 등으로 간편하게 결제하실 수 있습니다. 3. 실시간 계좌이체 및 가상계좌: 본인 명의 계좌 이체 또는 주문별로 발급되는 전용 계좌 입금이 가능합니다. 4. 적립금 및 쿠폰: 보유하신 적립금과 할인 쿠폰을 결제에 함께 사용하실 수 있습니다."", ""저희 회사는 소중한 고객의 편의를 보장하기 위해 다양한 지불 옵션을 제공합니다. 사용할 수 있는 결제 방법은 다음과 같습니다. - 신용/체크카드: 국내외 주요 카드사 결제를 지원합니다. - 간편결제: 네이버페이·카카오페이·토스페이·페이코 등을 지원합니다. - 실시간 계좌이체 및 가상계좌: 본인 명의 계좌로 이체하거나 주문별 전용 계좌로 입금하실 수 있습니다. - 적립금 및 쿠폰: 보유하신 적립금과 할인 쿠폰을 결제에 함께 사용하실 수 있습니다. 다음은 저희가 제공하는 결제 옵션의 몇 가지 예입니다. 결제 과정을 최대한 원활하게 진행하실 수 있도록 도와드리겠습니다."", ""이를 지원하기 위해 당사는 허용되는 결제 방법의 전체 목록을 작성했습니다. 이 정보는 당사 웹사이트의 [결제 옵션] 페이지를 방문하여 확인할 수 있습니다. 지원되는 결제 수단은 신용/체크카드, 간편결제(네이버페이·카카오페이·토스페이·페이코 등), 실시간 계좌이체 및 가상계좌, 적립금 및 쿠폰입니다. 특정 질문이 있거나 이러한 방법에 대한 도움이 필요한 경우 알려주시기 바랍니다. 고객님의 결제 경험을 최대한 원활하고 편리하게 만들 수 있도록 도와드리겠습니다!""]","[정책 문서 1: 쇼핑몰 이용약관 및 운영정책.pdf]
TIP
결제 오류 관련 팁 (RAG 응답 기준)
""결제가 안 돼요""라는 문의는 먼저 실제 결제/주문 완료 여부부터 확인하도록 안내하고, 이중 결제가 의심되는 경우 임의로 환불을 약속하지 말고 승인 내역 확인 절차부터 안내합니
다.

[정책 문서 2: 쇼핑몰 이용약관 및 운영정책.pdf]
2. 결제 정책 (Payment Policy)

2.1 지원 결제 수단
신용/체크카드: 국내외 주요 카드사 승인 지원 (전자결제 PG사 연동)
간편결제: 네이버페이, 카카오페이, 토스페이, 페이코 등
실시간 계좌이체 및 가상계좌: 본인 명의 계좌를 통한 이체 및 주문별 전용 계좌 발급
포인트 및 쿠폰: 회사 규정에 따라 발급된 적립금 및 할인 쿠폰 복합 사용 가능

2.2 가상계좌(무통장입금) 입금 기한 및 오입금 처리
주의
가상계좌 입금 유의사항
· 입금 유효 기간: 발급 시점으로부터 24시간 이내에 입금해야 하며, 미입금 시 주문은 자동 취소됩니다.
· 오입금 처리: 주문 금액과 실제 입금액이 불일치하거나 입금자명이 다른 경우 자동 처리되지 않으므로, 입금증을 첨부하여 고객센터로 수동 확인을 요청해야 합니다.

[정책 문서 3: 전자상거래_표준약관.pdf]
2. 선불카드, 직불카드, 신용카드 등의 각종 카드 결제

3. 온라인무통장입금

4. 전자화폐에 의한 결제

5. 수령 시 대금지급

6. 마일리지 등 “몰”이 지급한 포인트에 의한 결제
7. “몰”과 계약을 맺었거나 “몰”이 인정한 상품권에 의한 결제 

8. 기타 전자적 지급 방법에 의한 대금 지급 등

제12조(수신확인통지 ․ 구매신청 변경 및 취소)

① “몰”은 이용자의 구매신청이 있는 경우 이용자에게 수신확인통지를 합니다.

② 수신확인통지를 받은 이용자는 의사표시의 불일치 등이 있는 경우에는 수신확인
통지를 받은 후 즉시 구매신청 변경 및 취소를 요청할 수 있고 “몰”은 배송 전
에 이용자의 요청이 있는 경우에는 지체 없이 그 요청에 따라 처리하여야 합니
다. 다만 이미 대금을 지불한 경우에는 제15조의 청약철회 등에 관한 규정에 따
릅니다.

제13조(재화 등의 공급)",21.5136
312,결제,결제 수단 확인,사용 가능한 결제 수단을 볼 수 있나요?,"사용 가능한 결제 방법을 안내해 드리겠습니다. 저희는 고객님의 선호도에 맞춰 다양하고 편리한 옵션을 제공합니다. 지원되는 결제 방법은 다음과 같습니다. - 신용/체크카드: 국내외 주요 카드사의 카드로 결제하실 수 있습니다. - 간편결제: 네이버페이, 카카오페이, 토스페이, 페이코 등을 이용하실 수 있습니다. - 실시간 계좌이체 및 가상계좌: 본인 명의 계좌로 이체하거나 주문별 전용 계좌로 입금하실 수 있습니다. - 포인트 및 쿠폰: 회사 규정에 따라 발급된 적립금과 할인 쿠폰을 함께 사용하실 수 있습니다.","[""사용 가능한 결제 수단을 안내해 드리겠습니다. 저희는 고객의 선호도에 맞는 다양한 옵션을 제공한다고 믿습니다. 사용 가능한 결제 방법을 보려면 당사 웹사이트를 방문하여 [결제] 또는 [체크아웃] 섹션으로 이동해 주세요. 여기에서 당사가 허용하는 결제 방법의 전체 목록을 확인할 수 있습니다. 진행 중에 궁금한 점이 있거나 도움이 필요하면 문의해 주세요. 저희는 고객님의 필요에 가장 적합한 결제 옵션을 찾을 수 있도록 항상 기쁘게 생각합니다.""]","[정책 문서 1: 쇼핑몰 이용약관 및 운영정책.pdf]
2. 결제 정책 (Payment Policy)

2.1 지원 결제 수단
신용/체크카드: 국내외 주요 카드사 승인 지원 (전자결제 PG사 연동)
간편결제: 네이버페이, 카카오페이, 토스페이, 페이코 등
실시간 계좌이체 및 가상계좌: 본인 명의 계좌를 통한 이체 및 주문별 전용 계좌 발급
포인트 및 쿠폰: 회사 규정에 따라 발급된 적립금 및 할인 쿠폰 복합 사용 가능

2.2 가상계좌(무통장입금) 입금 기한 및 오입금 처리
주의
가상계좌 입금 유의사항
· 입금 유효 기간: 발급 시점으로부터 24시간 이내에 입금해야 하며, 미입금 시 주문은 자동 취소됩니다.
· 오입금 처리: 주문 금액과 실제 입금액이 불일치하거나 입금자명이 다른 경우 자동 처리되지 않으므로, 입금증을 첨부하여 고객센터로 수동 확인을 요청해야 합니다.

[정책 문서 2: 전자상거래_표준약관.pdf]
2. 선불카드, 직불카드, 신용카드 등의 각종 카드 결제

3. 온라인무통장입금

4. 전자화폐에 의한 결제

5. 수령 시 대금지급

6. 마일리지 등 “몰”이 지급한 포인트에 의한 결제
7. “몰”과 계약을 맺었거나 “몰”이 인정한 상품권에 의한 결제 

8. 기타 전자적 지급 방법에 의한 대금 지급 등

제12조(수신확인통지 ․ 구매신청 변경 및 취소)

① “몰”은 이용자의 구매신청이 있는 경우 이용자에게 수신확인통지를 합니다.

② 수신확인통지를 받은 이용자는 의사표시의 불일치 등이 있는 경우에는 수신확인
통지를 받은 후 즉시 구매신청 변경 및 취소를 요청할 수 있고 “몰”은 배송 전
에 이용자의 요청이 있는 경우에는 지체 없이 그 요청에 따라 처리하여야 합니
다. 다만 이미 대금을 지불한 경우에는 제15조의 청약철회 등에 관한 규정에 따
릅니다.

제13조(재화 등의 공급)

[정책 문서 3: 전자상거래_표준약관.pdf]
1. 신청 내용에 허위, 기재누락, 오기가 있는 경우

2. 미성년자가 담배, 주류 등 청소년보호법에서 금지하는 재화 및 용역을 구매하
는 경우

3. 기타 구매신청에 승낙하는 것이 “몰” 기술상 현저히 지장이 있다고 판단하
는 경우

② “몰”의 승낙이 제12조제1항의 수신확인통지형태로 이용자에게 도달한 시점에
계약이 성립한 것으로 봅니다.

③ “몰”의 승낙의 의사표시에는 이용자의 구매 신청에 대한 확인 및 판매가능 여
부, 구매신청의 정정 취소 등에 관한 정보 등을 포함하여야 합니다.

제11조(지급방법) “몰”에서 구매한 재화 또는 용역에 대한 대금지급방법은 다음
각 호의 방법중 가용한 방법으로 할 수 있습니다. 단, “몰”은 이용자의 지급방법
에 대하여 재화 등의 대금에 어떠한 명목의 수수료도 추가하여 징수할 수 없습니
다.

1. 폰뱅킹, 인터넷뱅킹, 메일 뱅킹 등의 각종 계좌이체

2. 선불카드, 직불카드, 신용카드 등의 각종 카드 결제

3. 온라인무통장입금",22.637
313,결제,결제 수단 확인,사용 가능한 결제 옵션을 나열해 주시겠어요?,"사용 가능한 결제 옵션을 안내해 드리겠습니다. 저희는 고객님의 선호도에 맞춰 다양하고 편리한 방법을 제공합니다. 지원되는 결제 수단은 다음과 같습니다. - 신용/체크카드: 국내외 주요 카드사의 카드로 결제하실 수 있습니다. - 간편결제: 네이버페이, 카카오페이, 토스페이, 페이코 등을 이용하실 수 있습니다. - 실시간 계좌이체 및 가상계좌: 본인 명의 계좌로 이체하거나 주문별 전용 계좌로 입금하실 수 있습니다. - 포인트 및 쿠폰: 회사 규정에 따라 발급된 적립금과 할인 쿠폰을 함께 사용하실 수 있습니다.","[""저는 고객님께 사용 가능한 결제 옵션의 전체 목록을 제공해 드리겠습니다. 다음과 같습니다: - 신용/체크카드: 국내외 주요 카드사 결제를 지원합니다. - 간편결제: 네이버페이·카카오페이·토스페이·페이코 등을 지원합니다. - 실시간 계좌이체 및 가상계좌: 본인 명의 계좌 이체 또는 주문별로 발급되는 전용 계좌 입금이 가능합니다. - 적립금 및 쿠폰: 보유하신 적립금과 할인 쿠폰을 결제에 함께 사용하실 수 있습니다.""]","[정책 문서 1: 쇼핑몰 이용약관 및 운영정책.pdf]
2. 결제 정책 (Payment Policy)

2.1 지원 결제 수단
신용/체크카드: 국내외 주요 카드사 승인 지원 (전자결제 PG사 연동)
간편결제: 네이버페이, 카카오페이, 토스페이, 페이코 등
실시간 계좌이체 및 가상계좌: 본인 명의 계좌를 통한 이체 및 주문별 전용 계좌 발급
포인트 및 쿠폰: 회사 규정에 따라 발급된 적립금 및 할인 쿠폰 복합 사용 가능

2.2 가상계좌(무통장입금) 입금 기한 및 오입금 처리
주의
가상계좌 입금 유의사항
· 입금 유효 기간: 발급 시점으로부터 24시간 이내에 입금해야 하며, 미입금 시 주문은 자동 취소됩니다.
· 오입금 처리: 주문 금액과 실제 입금액이 불일치하거나 입금자명이 다른 경우 자동 처리되지 않으므로, 입금증을 첨부하여 고객센터로 수동 확인을 요청해야 합니다.

[정책 문서 2: 전자상거래_표준약관.pdf]
2. 선불카드, 직불카드, 신용카드 등의 각종 카드 결제

3. 온라인무통장입금

4. 전자화폐에 의한 결제

5. 수령 시 대금지급

6. 마일리지 등 “몰”이 지급한 포인트에 의한 결제
7. “몰”과 계약을 맺었거나 “몰”이 인정한 상품권에 의한 결제 

8. 기타 전자적 지급 방법에 의한 대금 지급 등

제12조(수신확인통지 ․ 구매신청 변경 및 취소)

① “몰”은 이용자의 구매신청이 있는 경우 이용자에게 수신확인통지를 합니다.

② 수신확인통지를 받은 이용자는 의사표시의 불일치 등이 있는 경우에는 수신확인
통지를 받은 후 즉시 구매신청 변경 및 취소를 요청할 수 있고 “몰”은 배송 전
에 이용자의 요청이 있는 경우에는 지체 없이 그 요청에 따라 처리하여야 합니
다. 다만 이미 대금을 지불한 경우에는 제15조의 청약철회 등에 관한 규정에 따
릅니다.

제13조(재화 등의 공급)

[정책 문서 3: 전자상거래_표준약관.pdf]
1. 신청 내용에 허위, 기재누락, 오기가 있는 경우

2. 미성년자가 담배, 주류 등 청소년보호법에서 금지하는 재화 및 용역을 구매하
는 경우

3. 기타 구매신청에 승낙하는 것이 “몰” 기술상 현저히 지장이 있다고 판단하
는 경우

② “몰”의 승낙이 제12조제1항의 수신확인통지형태로 이용자에게 도달한 시점에
계약이 성립한 것으로 봅니다.

③ “몰”의 승낙의 의사표시에는 이용자의 구매 신청에 대한 확인 및 판매가능 여
부, 구매신청의 정정 취소 등에 관한 정보 등을 포함하여야 합니다.

제11조(지급방법) “몰”에서 구매한 재화 또는 용역에 대한 대금지급방법은 다음
각 호의 방법중 가용한 방법으로 할 수 있습니다. 단, “몰”은 이용자의 지급방법
에 대하여 재화 등의 대금에 어떠한 명목의 수수료도 추가하여 징수할 수 없습니
다.

1. 폰뱅킹, 인터넷뱅킹, 메일 뱅킹 등의 각종 계좌이체

2. 선불카드, 직불카드, 신용카드 등의 각종 카드 결제

3. 온라인무통장입금",22.6066
314,결제,결제 수단 확인,허용되는 결제 방법을 나열하는 방법은 무엇입니까?,허용되는 결제 방법을 보려면 당사 웹사이트를 방문하여 [결제 방법] 섹션으로 이동해 주세요. 여기에서 당사가 허용하는 결제 옵션의 전체 목록을 확인할 수 있습니다.,"[""허용되는 결제 방법을 나열하는 데 도움을 드리겠습니다. 사용 가능한 옵션을 보려면 다음 단계를 따라 주세요. 1. 당사 웹사이트를 방문하여 [결제 방법] 섹션으로 이동해 주세요. 2. 결제 페이지에서 당사가 허용하는 모든 결제 옵션 목록을 확인하실 수 있습니다. 3. 각 결제 방법에는 해당 기능과 이점을 이해하는 데 도움이 되는 간략한 설명이 첨부됩니다. 4. 더 자세한 내용이 필요하거나 특정 결제 방법에 대해 궁금한 점이 있으면 언제든지 고객센터에 문의해 주세요. 더 궁금한 점이 있으시면 도와드리겠습니다.""]","[정책 문서 1: 전자상거래_표준약관.pdf]
2. 선불카드, 직불카드, 신용카드 등의 각종 카드 결제

3. 온라인무통장입금

4. 전자화폐에 의한 결제

5. 수령 시 대금지급

6. 마일리지 등 “몰”이 지급한 포인트에 의한 결제
7. “몰”과 계약을 맺었거나 “몰”이 인정한 상품권에 의한 결제 

8. 기타 전자적 지급 방법에 의한 대금 지급 등

제12조(수신확인통지 ․ 구매신청 변경 및 취소)

① “몰”은 이용자의 구매신청이 있는 경우 이용자에게 수신확인통지를 합니다.

② 수신확인통지를 받은 이용자는 의사표시의 불일치 등이 있는 경우에는 수신확인
통지를 받은 후 즉시 구매신청 변경 및 취소를 요청할 수 있고 “몰”은 배송 전
에 이용자의 요청이 있는 경우에는 지체 없이 그 요청에 따라 처리하여야 합니
다. 다만 이미 대금을 지불한 경우에는 제15조의 청약철회 등에 관한 규정에 따
릅니다.

제13조(재화 등의 공급)

[정책 문서 2: 전자상거래_표준약관.pdf]
1. 신청 내용에 허위, 기재누락, 오기가 있는 경우

2. 미성년자가 담배, 주류 등 청소년보호법에서 금지하는 재화 및 용역을 구매하
는 경우

3. 기타 구매신청에 승낙하는 것이 “몰” 기술상 현저히 지장이 있다고 판단하
는 경우

② “몰”의 승낙이 제12조제1항의 수신확인통지형태로 이용자에게 도달한 시점에
계약이 성립한 것으로 봅니다.

③ “몰”의 승낙의 의사표시에는 이용자의 구매 신청에 대한 확인 및 판매가능 여
부, 구매신청의 정정 취소 등에 관한 정보 등을 포함하여야 합니다.

제11조(지급방법) “몰”에서 구매한 재화 또는 용역에 대한 대금지급방법은 다음
각 호의 방법중 가용한 방법으로 할 수 있습니다. 단, “몰”은 이용자의 지급방법
에 대하여 재화 등의 대금에 어떠한 명목의 수수료도 추가하여 징수할 수 없습니
다.

1. 폰뱅킹, 인터넷뱅킹, 메일 뱅킹 등의 각종 계좌이체

2. 선불카드, 직불카드, 신용카드 등의 각종 카드 결제

3. 온라인무통장입금

[정책 문서 3: 쇼핑몰 이용약관 및 운영정책.pdf]
2. 결제 정책 (Payment Policy)

2.1 지원 결제 수단
신용/체크카드: 국내외 주요 카드사 승인 지원 (전자결제 PG사 연동)
간편결제: 네이버페이, 카카오페이, 토스페이, 페이코 등
실시간 계좌이체 및 가상계좌: 본인 명의 계좌를 통한 이체 및 주문별 전용 계좌 발급
포인트 및 쿠폰: 회사 규정에 따라 발급된 적립금 및 할인 쿠폰 복합 사용 가능

2.2 가상계좌(무통장입금) 입금 기한 및 오입금 처리
주의
가상계좌 입금 유의사항
· 입금 유효 기간: 발급 시점으로부터 24시간 이내에 입금해야 하며, 미입금 시 주문은 자동 취소됩니다.
· 오입금 처리: 주문 금액과 실제 입금액이 불일치하거나 입금자명이 다른 경우 자동 처리되지 않으므로, 입금증을 첨부하여 고객센터로 수동 확인을 요청해야 합니다.",11.4567
315,결제,결제 수단 확인,허용되는 결제 방식을 확인해야 합니다.,"허용되는 결제 방식을 안내해 드리겠습니다. 저희는 고객님의 선호도에 맞춰 다양한 옵션을 제공합니다. 허용되는 결제 방법은 다음과 같습니다. - 신용/체크카드: 국내외 주요 카드사 결제를 지원합니다. - 간편결제: 네이버페이, 카카오페이, 토스페이, 페이코 등을 이용하실 수 있습니다. - 실시간 계좌이체 및 가상계좌: 본인 명의 계좌 이체 또는 주문별로 발급되는 전용 계좌 입금이 가능합니다. - 적립금 및 쿠폰: 발급된 적립금과 할인 쿠폰을 함께 사용하실 수 있습니다.","[""저희는 소중한 고객에게 편리함과 유연성을 보장하기 위해 다양한 결제 옵션을 제공합니다. 허용되는 결제 방식은 다음과 같습니다. - 신용/체크카드: 국내외 주요 카드사 결제를 지원합니다. - 간편결제: 네이버페이, 카카오페이, 토스페이, 페이코 등을 이용하실 수 있습니다. - 실시간 계좌이체 및 가상계좌: 본인 명의 계좌로 이체하거나 주문별 전용 계좌로 입금하실 수 있습니다. - 적립금 및 쿠폰: 회사 규정에 따라 발급된 적립금과 할인 쿠폰을 사용하실 수 있습니다. 이러한 결제 방법은 다양한 고객 선호도를 충족하도록 설계되었습니다."", ""가장 정확하고 최신 정보를 제공하기 위해 몇 가지 세부정보를 제공해 주실 수 있나요? 온라인 결제 옵션에 대해 문의하고 계시거나 실제 매장에서 사용할 수 있는 결제 방법을 알고 싶으신가요? 이 정보를 받으면 맞춤형 답변을 제공하고 허용되는 결제 방식을 탐색하는 과정을 안내해 드릴 수 있습니다.""]","[정책 문서 1: 쇼핑몰 이용약관 및 운영정책.pdf]
TIP
결제 오류 관련 팁 (RAG 응답 기준)
""결제가 안 돼요""라는 문의는 먼저 실제 결제/주문 완료 여부부터 확인하도록 안내하고, 이중 결제가 의심되는 경우 임의로 환불을 약속하지 말고 승인 내역 확인 절차부터 안내합니
다.

[정책 문서 2: 전자상거래_표준약관.pdf]
1. 신청 내용에 허위, 기재누락, 오기가 있는 경우

2. 미성년자가 담배, 주류 등 청소년보호법에서 금지하는 재화 및 용역을 구매하
는 경우

3. 기타 구매신청에 승낙하는 것이 “몰” 기술상 현저히 지장이 있다고 판단하
는 경우

② “몰”의 승낙이 제12조제1항의 수신확인통지형태로 이용자에게 도달한 시점에
계약이 성립한 것으로 봅니다.

③ “몰”의 승낙의 의사표시에는 이용자의 구매 신청에 대한 확인 및 판매가능 여
부, 구매신청의 정정 취소 등에 관한 정보 등을 포함하여야 합니다.

제11조(지급방법) “몰”에서 구매한 재화 또는 용역에 대한 대금지급방법은 다음
각 호의 방법중 가용한 방법으로 할 수 있습니다. 단, “몰”은 이용자의 지급방법
에 대하여 재화 등의 대금에 어떠한 명목의 수수료도 추가하여 징수할 수 없습니
다.

1. 폰뱅킹, 인터넷뱅킹, 메일 뱅킹 등의 각종 계좌이체

2. 선불카드, 직불카드, 신용카드 등의 각종 카드 결제

3. 온라인무통장입금

[정책 문서 3: 전자상거래_표준약관.pdf]
2. 선불카드, 직불카드, 신용카드 등의 각종 카드 결제

3. 온라인무통장입금

4. 전자화폐에 의한 결제

5. 수령 시 대금지급

6. 마일리지 등 “몰”이 지급한 포인트에 의한 결제
7. “몰”과 계약을 맺었거나 “몰”이 인정한 상품권에 의한 결제 

8. 기타 전자적 지급 방법에 의한 대금 지급 등

제12조(수신확인통지 ․ 구매신청 변경 및 취소)

① “몰”은 이용자의 구매신청이 있는 경우 이용자에게 수신확인통지를 합니다.

② 수신확인통지를 받은 이용자는 의사표시의 불일치 등이 있는 경우에는 수신확인
통지를 받은 후 즉시 구매신청 변경 및 취소를 요청할 수 있고 “몰”은 배송 전
에 이용자의 요청이 있는 경우에는 지체 없이 그 요청에 따라 처리하여야 합니
다. 다만 이미 대금을 지불한 경우에는 제15조의 청약철회 등에 관한 규정에 따
릅니다.

제13조(재화 등의 공급)",20.7718
316,결제,결제 수단 확인,사용 가능한 결제 수단을 확인하는 데 도움이 필요합니다.,"사용 가능한 결제 방법을 안내해 드리겠습니다. 저희는 고객님의 선호도에 맞춰 다양하고 편리한 옵션을 제공합니다. 지원되는 결제 수단은 다음과 같습니다. - 신용/체크카드: 국내외 주요 카드사의 카드로 결제하실 수 있습니다. - 간편결제: 네이버페이, 카카오페이, 토스페이, 페이코 등을 이용하실 수 있습니다. - 실시간 계좌이체 및 가상계좌: 본인 명의 계좌로 이체하거나 주문별 전용 계좌로 입금하실 수 있습니다. - 포인트 및 쿠폰: 회사 규정에 따라 발급된 적립금과 할인 쿠폰을 함께 사용하실 수 있습니다.","[""고객님의 메시지가 접수되었으며, 사용 가능한 결제 방법을 확인하는 데 도움이 필요하다는 고객님의 의사를 표명했습니다. 저희는 고객님의 필요에 맞춰 안전하고 편리한 다양한 결제 옵션을 제공하고 있습니다. 다음은 허용되는 결제 방법에 대한 간략한 개요입니다. - 신용/체크카드: 국내외 주요 카드사의 카드로 결제하실 수 있습니다. - 간편결제: 네이버페이·카카오페이·토스페이·페이코 등을 지원합니다. - 실시간 계좌이체 및 가상계좌: 본인 명의 계좌로 이체하거나 주문별 전용 계좌로 입금하실 수 있습니다. - 적립금 및 쿠폰: 회사 규정에 따라 발급된 적립금과 할인 쿠폰을 사용하실 수 있습니다. 이는 저희가 제공하는 결제 방법 중 일부에 불과합니다. 고객님의 결제 과정을 최대한 원활하게 진행하도록 도와드리겠습니다."", ""사용 가능한 결제 방법을 알아보실 수 있도록 도와드리겠습니다. 저희의 지불 방법은 다음과 같습니다: - 신용/체크카드: 국내외 주요 카드를 사용하실 수 있습니다. - 간편결제: 네이버페이, 카카오페이, 토스페이, 페이코 등을 이용하실 수 있습니다. - 실시간 계좌이체 및 가상계좌: 본인 명의 계좌에서 이체하거나, 주문마다 발급되는 가상계좌로 입금하실 수 있습니다. - 적립금 및 쿠폰: 보유하신 적립금과 할인 쿠폰을 결제에 함께 사용하실 수 있습니다. 결제 방법의 사용 가능 여부는 고객님의 위치와 거래 유형에 따라 달라질 수 있습니다."", ""허용되는 결제 방법의 세부 목록은 다음과 같습니다. - 신용/체크카드: 국내외 주요 카드를 사용하실 수 있습니다. - 간편결제: 네이버페이·카카오페이·토스페이·페이코 등을 지원합니다. - 실시간 계좌이체 및 가상계좌: 본인 명의 계좌에서 이체하거나, 주문마다 발급되는 가상계좌로 입금하실 수 있습니다. - 적립금 및 쿠폰: 보유하신 적립금과 할인 쿠폰을 결제에 함께 사용하실 수 있습니다."", ""사용 가능한 결제 방법을 안내해 드리겠습니다. 저희는 원활한 쇼핑 경험을 보장하기 위해 안전하고 편리한 다양한 결제 옵션을 제공합니다. 허용되는 결제 방법에 대한 요약은 다음과 같습니다. - 신용/체크카드: 국내외 주요 카드를 사용하실 수 있습니다. - 간편결제: 네이버페이, 카카오페이, 토스페이, 페이코 등으로 간편하게 결제하실 수 있습니다. - 실시간 계좌이체 및 가상계좌: 본인 명의 계좌 이체 또는 주문별로 발급되는 전용 계좌 입금이 가능합니다. - 적립금 및 쿠폰: 회사 규정에 따라 발급된 적립금과 할인 쿠폰을 사용하실 수 있습니다. 이는 당사가 제공하는 기본 결제 방법이지만 지역에 따라 사용 가능 여부가 다를 수 있습니다."", ""사용 가능한 결제 방법을 안내해 드리겠습니다. 저희는 고객님의 요구에 부응하기 위해 다양한 지불 옵션을 제공합니다. 현재 허용되는 결제 방법은 다음과 같습니다. - 신용/체크카드: 국내외 주요 카드사의 카드로 결제하실 수 있습니다. - 간편결제: 네이버페이, 카카오페이, 토스페이, 페이코 등으로 간편하게 결제하실 수 있습니다. - 실시간 계좌이체 및 가상계좌: 본인 명의 계좌에서 이체하거나, 주문마다 발급되는 가상계좌로 입금하실 수 있습니다. - 적립금 및 쿠폰: 보유하신 적립금과 할인 쿠폰을 결제에 함께 사용하실 수 있습니다. 이러한 옵션은 모든 고객에게 유연성과 편의성을 제공합니다.""]","[정책 문서 1: 쇼핑몰 이용약관 및 운영정책.pdf]
2. 결제 정책 (Payment Policy)

2.1 지원 결제 수단
신용/체크카드: 국내외 주요 카드사 승인 지원 (전자결제 PG사 연동)
간편결제: 네이버페이, 카카오페이, 토스페이, 페이코 등
실시간 계좌이체 및 가상계좌: 본인 명의 계좌를 통한 이체 및 주문별 전용 계좌 발급
포인트 및 쿠폰: 회사 규정에 따라 발급된 적립금 및 할인 쿠폰 복합 사용 가능

2.2 가상계좌(무통장입금) 입금 기한 및 오입금 처리
주의
가상계좌 입금 유의사항
· 입금 유효 기간: 발급 시점으로부터 24시간 이내에 입금해야 하며, 미입금 시 주문은 자동 취소됩니다.
· 오입금 처리: 주문 금액과 실제 입금액이 불일치하거나 입금자명이 다른 경우 자동 처리되지 않으므로, 입금증을 첨부하여 고객센터로 수동 확인을 요청해야 합니다.

[정책 문서 2: 전자상거래_표준약관.pdf]
1. 신청 내용에 허위, 기재누락, 오기가 있는 경우

2. 미성년자가 담배, 주류 등 청소년보호법에서 금지하는 재화 및 용역을 구매하
는 경우

3. 기타 구매신청에 승낙하는 것이 “몰” 기술상 현저히 지장이 있다고 판단하
는 경우

② “몰”의 승낙이 제12조제1항의 수신확인통지형태로 이용자에게 도달한 시점에
계약이 성립한 것으로 봅니다.

③ “몰”의 승낙의 의사표시에는 이용자의 구매 신청에 대한 확인 및 판매가능 여
부, 구매신청의 정정 취소 등에 관한 정보 등을 포함하여야 합니다.

제11조(지급방법) “몰”에서 구매한 재화 또는 용역에 대한 대금지급방법은 다음
각 호의 방법중 가용한 방법으로 할 수 있습니다. 단, “몰”은 이용자의 지급방법
에 대하여 재화 등의 대금에 어떠한 명목의 수수료도 추가하여 징수할 수 없습니
다.

1. 폰뱅킹, 인터넷뱅킹, 메일 뱅킹 등의 각종 계좌이체

2. 선불카드, 직불카드, 신용카드 등의 각종 카드 결제

3. 온라인무통장입금

[정책 문서 3: 전자상거래_표준약관.pdf]
2. 선불카드, 직불카드, 신용카드 등의 각종 카드 결제

3. 온라인무통장입금

4. 전자화폐에 의한 결제

5. 수령 시 대금지급

6. 마일리지 등 “몰”이 지급한 포인트에 의한 결제
7. “몰”과 계약을 맺었거나 “몰”이 인정한 상품권에 의한 결제 

8. 기타 전자적 지급 방법에 의한 대금 지급 등

제12조(수신확인통지 ․ 구매신청 변경 및 취소)

① “몰”은 이용자의 구매신청이 있는 경우 이용자에게 수신확인통지를 합니다.

② 수신확인통지를 받은 이용자는 의사표시의 불일치 등이 있는 경우에는 수신확인
통지를 받은 후 즉시 구매신청 변경 및 취소를 요청할 수 있고 “몰”은 배송 전
에 이용자의 요청이 있는 경우에는 지체 없이 그 요청에 따라 처리하여야 합니
다. 다만 이미 대금을 지불한 경우에는 제15조의 청약철회 등에 관한 규정에 따
릅니다.

제13조(재화 등의 공급)",23.3489
317,결제,결제 수단 확인,사용 가능한 결제 방법을 나열할 수 있나요?,"사용 가능한 결제 방법을 안내해 드리겠습니다. 저희는 고객님의 선호도에 맞춰 다양하고 편리한 옵션을 제공합니다. 허용되는 결제 방법은 다음과 같습니다. - 신용/체크카드: 국내외 주요 카드사의 카드로 결제하실 수 있습니다. - 간편결제: 네이버페이, 카카오페이, 토스페이, 페이코 등을 이용하실 수 있습니다. - 실시간 계좌이체 및 가상계좌: 본인 명의 계좌로 이체하거나 주문별 전용 계좌로 입금하실 수 있습니다. - 적립금 및 할인 쿠폰: 회사 규정에 따라 발급된 적립금과 할인 쿠폰을 함께 사용하실 수 있습니다.","[""사용 가능한 결제 방법을 확실히 나열할 수 있습니다. 이를 수행하는 방법에 대한 간단한 단계별 가이드는 다음과 같습니다. 1. 홈페이지를 방문하여 결제페이지로 이동해 주세요. 2. 사용 가능한 결제 방법이 표시된 섹션을 찾아 주세요. 3. 결제 방법을 기록해 두거나 나중에 참조할 수 있도록 스크린샷을 찍을 수 있습니다. 4. 나열된 방법 중 질문이 있거나 도움이 필요한 경우 고객센터에 문의해 주세요."", ""사용 가능한 결제 방법에 대한 세부정보를 제공하실 수 있도록 안내해 드리겠습니다. 저희는 고객의 편의를 보장하기 위해 다양한 결제 옵션을 제공합니다. 다음은 당사가 허용하는 결제 방법의 전체 목록입니다. - 신용/체크카드: 국내외 주요 카드사의 카드로 결제하실 수 있습니다. - 간편결제: 네이버페이, 카카오페이, 토스페이, 페이코 등을 이용하실 수 있습니다. - 실시간 계좌이체 및 가상계좌: 본인 명의 계좌 이체 또는 주문별로 발급되는 전용 계좌 입금이 가능합니다. - 적립금 및 쿠폰: 보유하신 적립금과 할인 쿠폰을 결제에 함께 사용하실 수 있습니다. 특정 결제 방법의 사용 가능 여부는 고객님의 위치와 구매 성격에 따라 달라질 수 있습니다.""]","[정책 문서 1: 전자상거래_표준약관.pdf]
2. 선불카드, 직불카드, 신용카드 등의 각종 카드 결제

3. 온라인무통장입금

4. 전자화폐에 의한 결제

5. 수령 시 대금지급

6. 마일리지 등 “몰”이 지급한 포인트에 의한 결제
7. “몰”과 계약을 맺었거나 “몰”이 인정한 상품권에 의한 결제 

8. 기타 전자적 지급 방법에 의한 대금 지급 등

제12조(수신확인통지 ․ 구매신청 변경 및 취소)

① “몰”은 이용자의 구매신청이 있는 경우 이용자에게 수신확인통지를 합니다.

② 수신확인통지를 받은 이용자는 의사표시의 불일치 등이 있는 경우에는 수신확인
통지를 받은 후 즉시 구매신청 변경 및 취소를 요청할 수 있고 “몰”은 배송 전
에 이용자의 요청이 있는 경우에는 지체 없이 그 요청에 따라 처리하여야 합니
다. 다만 이미 대금을 지불한 경우에는 제15조의 청약철회 등에 관한 규정에 따
릅니다.

제13조(재화 등의 공급)

[정책 문서 2: 전자상거래_표준약관.pdf]
1. 신청 내용에 허위, 기재누락, 오기가 있는 경우

2. 미성년자가 담배, 주류 등 청소년보호법에서 금지하는 재화 및 용역을 구매하
는 경우

3. 기타 구매신청에 승낙하는 것이 “몰” 기술상 현저히 지장이 있다고 판단하
는 경우

② “몰”의 승낙이 제12조제1항의 수신확인통지형태로 이용자에게 도달한 시점에
계약이 성립한 것으로 봅니다.

③ “몰”의 승낙의 의사표시에는 이용자의 구매 신청에 대한 확인 및 판매가능 여
부, 구매신청의 정정 취소 등에 관한 정보 등을 포함하여야 합니다.

제11조(지급방법) “몰”에서 구매한 재화 또는 용역에 대한 대금지급방법은 다음
각 호의 방법중 가용한 방법으로 할 수 있습니다. 단, “몰”은 이용자의 지급방법
에 대하여 재화 등의 대금에 어떠한 명목의 수수료도 추가하여 징수할 수 없습니
다.

1. 폰뱅킹, 인터넷뱅킹, 메일 뱅킹 등의 각종 계좌이체

2. 선불카드, 직불카드, 신용카드 등의 각종 카드 결제

3. 온라인무통장입금

[정책 문서 3: 쇼핑몰 이용약관 및 운영정책.pdf]
2. 결제 정책 (Payment Policy)

2.1 지원 결제 수단
신용/체크카드: 국내외 주요 카드사 승인 지원 (전자결제 PG사 연동)
간편결제: 네이버페이, 카카오페이, 토스페이, 페이코 등
실시간 계좌이체 및 가상계좌: 본인 명의 계좌를 통한 이체 및 주문별 전용 계좌 발급
포인트 및 쿠폰: 회사 규정에 따라 발급된 적립금 및 할인 쿠폰 복합 사용 가능

2.2 가상계좌(무통장입금) 입금 기한 및 오입금 처리
주의
가상계좌 입금 유의사항
· 입금 유효 기간: 발급 시점으로부터 24시간 이내에 입금해야 하며, 미입금 시 주문은 자동 취소됩니다.
· 오입금 처리: 주문 금액과 실제 입금액이 불일치하거나 입금자명이 다른 경우 자동 처리되지 않으므로, 입금증을 첨부하여 고객센터로 수동 확인을 요청해야 합니다.",23.3029
318,결제,결제 수단 확인,어떤 결제 옵션이 허용되는지 확인하는 데 도움을 주세요,"허용되는 결제 옵션을 안내해 드리겠습니다. 저희는 고객님의 선호도에 맞춰 다양한 결제 방법을 제공합니다. 사용 가능한 결제 옵션은 다음과 같습니다. - 신용/체크카드: 국내외 주요 카드사의 카드로 결제하실 수 있습니다. - 간편결제: 네이버페이, 카카오페이, 토스페이, 페이코 등을 이용하실 수 있습니다. - 실시간 계좌이체 및 가상계좌: 본인 명의 계좌로 이체하거나 주문별 전용 계좌로 입금하실 수 있습니다. - 포인트 및 쿠폰: 회사 규정에 따라 발급된 적립금과 할인 쿠폰을 함께 사용하실 수 있습니다.","[""저는 고객님께 필요한 정보를 제공해 드리겠습니다. 사용 가능한 결제 옵션을 확인하려면 다음 단계를 따라 주세요. 1. 당사 웹사이트를 방문하여 [결제 방법] 섹션으로 이동해 주세요. 2. 결제 방법 페이지에서 당사가 허용하는 모든 결제 옵션의 전체 목록을 확인할 수 있습니다. 3. 잠시 시간을 내어 목록을 검토하고 고객님의 필요에 가장 적합한 옵션이 무엇인지 확인해 주세요. 어려움이 있거나 궁금한 점이 있으면 언제든지 고객센터에 문의해 주세요. 09:00 ~ 18:00(02-1577-1577) 또는 채팅을 통해 이용 가능합니다.""]","[정책 문서 1: 쇼핑몰 이용약관 및 운영정책.pdf]
2. 결제 정책 (Payment Policy)

2.1 지원 결제 수단
신용/체크카드: 국내외 주요 카드사 승인 지원 (전자결제 PG사 연동)
간편결제: 네이버페이, 카카오페이, 토스페이, 페이코 등
실시간 계좌이체 및 가상계좌: 본인 명의 계좌를 통한 이체 및 주문별 전용 계좌 발급
포인트 및 쿠폰: 회사 규정에 따라 발급된 적립금 및 할인 쿠폰 복합 사용 가능

2.2 가상계좌(무통장입금) 입금 기한 및 오입금 처리
주의
가상계좌 입금 유의사항
· 입금 유효 기간: 발급 시점으로부터 24시간 이내에 입금해야 하며, 미입금 시 주문은 자동 취소됩니다.
· 오입금 처리: 주문 금액과 실제 입금액이 불일치하거나 입금자명이 다른 경우 자동 처리되지 않으므로, 입금증을 첨부하여 고객센터로 수동 확인을 요청해야 합니다.

[정책 문서 2: 쇼핑몰 이용약관 및 운영정책.pdf]
TIP
결제 오류 관련 팁 (RAG 응답 기준)
""결제가 안 돼요""라는 문의는 먼저 실제 결제/주문 완료 여부부터 확인하도록 안내하고, 이중 결제가 의심되는 경우 임의로 환불을 약속하지 말고 승인 내역 확인 절차부터 안내합니
다.

[정책 문서 3: 전자상거래_표준약관.pdf]
2. 선불카드, 직불카드, 신용카드 등의 각종 카드 결제

3. 온라인무통장입금

4. 전자화폐에 의한 결제

5. 수령 시 대금지급

6. 마일리지 등 “몰”이 지급한 포인트에 의한 결제
7. “몰”과 계약을 맺었거나 “몰”이 인정한 상품권에 의한 결제 

8. 기타 전자적 지급 방법에 의한 대금 지급 등

제12조(수신확인통지 ․ 구매신청 변경 및 취소)

① “몰”은 이용자의 구매신청이 있는 경우 이용자에게 수신확인통지를 합니다.

② 수신확인통지를 받은 이용자는 의사표시의 불일치 등이 있는 경우에는 수신확인
통지를 받은 후 즉시 구매신청 변경 및 취소를 요청할 수 있고 “몰”은 배송 전
에 이용자의 요청이 있는 경우에는 지체 없이 그 요청에 따라 처리하여야 합니
다. 다만 이미 대금을 지불한 경우에는 제15조의 청약철회 등에 관한 규정에 따
릅니다.

제13조(재화 등의 공급)",21.4379
319,결제,결제 수단 확인,사용 가능한 결제 방법을 나열하세요,"사용 가능한 결제 방법을 안내해 드리겠습니다. 저희는 고객님의 선호도에 맞춰 다양하고 편리한 옵션을 제공합니다. 허용되는 결제 방법은 다음과 같습니다. - 신용/체크카드: 국내외 주요 카드사의 카드로 결제하실 수 있습니다. - 간편결제: 네이버페이, 카카오페이, 토스페이, 페이코 등을 이용하실 수 있습니다. - 실시간 계좌이체 및 가상계좌: 본인 명의 계좌로 이체하거나 주문별 전용 계좌로 입금하실 수 있습니다. - 포인트 및 쿠폰: 회사 규정에 따라 발급된 적립금과 할인 쿠폰을 함께 사용하실 수 있습니다.","[""사용 가능한 결제 방법을 빠르게 나열할 수 있도록 도와드리겠습니다. 저희는 고객님의 필요에 맞게 다양하고 편리하고 안전한 결제 옵션을 제공합니다. 허용되는 결제 방법은 다음과 같습니다. 1. 신용/체크카드: 국내외 주요 카드를 사용하실 수 있습니다. 2. 간편결제: 네이버페이, 카카오페이, 토스페이, 페이코 등을 이용하실 수 있습니다. 3. 실시간 계좌이체 및 가상계좌: 본인 명의 계좌에서 이체하거나, 주문마다 발급되는 가상계좌로 입금하실 수 있습니다. 4. 적립금 및 쿠폰: 보유하신 적립금과 할인 쿠폰을 결제에 함께 사용하실 수 있습니다. 매장, 온라인, 앱에서 편리하게 비접촉식으로 결제할 수 있는 방법을 제공합니다.""]","[정책 문서 1: 전자상거래_표준약관.pdf]
1. 신청 내용에 허위, 기재누락, 오기가 있는 경우

2. 미성년자가 담배, 주류 등 청소년보호법에서 금지하는 재화 및 용역을 구매하
는 경우

3. 기타 구매신청에 승낙하는 것이 “몰” 기술상 현저히 지장이 있다고 판단하
는 경우

② “몰”의 승낙이 제12조제1항의 수신확인통지형태로 이용자에게 도달한 시점에
계약이 성립한 것으로 봅니다.

③ “몰”의 승낙의 의사표시에는 이용자의 구매 신청에 대한 확인 및 판매가능 여
부, 구매신청의 정정 취소 등에 관한 정보 등을 포함하여야 합니다.

제11조(지급방법) “몰”에서 구매한 재화 또는 용역에 대한 대금지급방법은 다음
각 호의 방법중 가용한 방법으로 할 수 있습니다. 단, “몰”은 이용자의 지급방법
에 대하여 재화 등의 대금에 어떠한 명목의 수수료도 추가하여 징수할 수 없습니
다.

1. 폰뱅킹, 인터넷뱅킹, 메일 뱅킹 등의 각종 계좌이체

2. 선불카드, 직불카드, 신용카드 등의 각종 카드 결제

3. 온라인무통장입금

[정책 문서 2: 전자상거래_표준약관.pdf]
2. 선불카드, 직불카드, 신용카드 등의 각종 카드 결제

3. 온라인무통장입금

4. 전자화폐에 의한 결제

5. 수령 시 대금지급

6. 마일리지 등 “몰”이 지급한 포인트에 의한 결제
7. “몰”과 계약을 맺었거나 “몰”이 인정한 상품권에 의한 결제 

8. 기타 전자적 지급 방법에 의한 대금 지급 등

제12조(수신확인통지 ․ 구매신청 변경 및 취소)

① “몰”은 이용자의 구매신청이 있는 경우 이용자에게 수신확인통지를 합니다.

② 수신확인통지를 받은 이용자는 의사표시의 불일치 등이 있는 경우에는 수신확인
통지를 받은 후 즉시 구매신청 변경 및 취소를 요청할 수 있고 “몰”은 배송 전
에 이용자의 요청이 있는 경우에는 지체 없이 그 요청에 따라 처리하여야 합니
다. 다만 이미 대금을 지불한 경우에는 제15조의 청약철회 등에 관한 규정에 따
릅니다.

제13조(재화 등의 공급)

[정책 문서 3: 쇼핑몰 이용약관 및 운영정책.pdf]
2. 결제 정책 (Payment Policy)

2.1 지원 결제 수단
신용/체크카드: 국내외 주요 카드사 승인 지원 (전자결제 PG사 연동)
간편결제: 네이버페이, 카카오페이, 토스페이, 페이코 등
실시간 계좌이체 및 가상계좌: 본인 명의 계좌를 통한 이체 및 주문별 전용 계좌 발급
포인트 및 쿠폰: 회사 규정에 따라 발급된 적립금 및 할인 쿠폰 복합 사용 가능

2.2 가상계좌(무통장입금) 입금 기한 및 오입금 처리
주의
가상계좌 입금 유의사항
· 입금 유효 기간: 발급 시점으로부터 24시간 이내에 입금해야 하며, 미입금 시 주문은 자동 취소됩니다.
· 오입금 처리: 주문 금액과 실제 입금액이 불일치하거나 입금자명이 다른 경우 자동 처리되지 않으므로, 입금증을 첨부하여 고객센터로 수동 확인을 요청해야 합니다.",22.6413
320,결제,결제 수단 확인,어떤 결제 방법이 허용되는지 확인하는 데 도움이 됩니다.,"허용되는 결제 방법을 안내해 드리겠습니다. 저희는 고객님의 선호도에 맞춰 다양한 옵션을 제공합니다. 허용되는 결제 방법은 다음과 같습니다. - 신용/체크카드: 국내외 주요 카드사 결제를 지원합니다. - 간편결제: 네이버페이, 카카오페이, 토스페이, 페이코 등을 이용하실 수 있습니다. - 실시간 계좌이체 및 가상계좌: 본인 명의 계좌 이체 또는 주문별로 발급되는 전용 계좌 입금이 가능합니다. - 적립금 및 쿠폰: 발급된 적립금과 할인 쿠폰을 함께 사용하실 수 있습니다.","[""원활한 쇼핑 경험을 보장하기 위해 당사는 다양한 결제 옵션을 제공합니다. 허용되는 결제 방법은 다음과 같습니다. - 신용/체크카드: 국내외 주요 카드사의 카드로 결제하실 수 있습니다. - 간편결제: 네이버페이, 카카오페이, 토스페이, 페이코 등을 이용하실 수 있습니다. - 실시간 계좌이체 및 가상계좌: 본인 명의 계좌 이체 또는 주문별로 발급되는 전용 계좌 입금이 가능합니다. - 적립금 및 쿠폰: 회사 규정에 따라 발급된 적립금과 할인 쿠폰을 사용하실 수 있습니다.""]","[정책 문서 1: 전자상거래_표준약관.pdf]
1. 신청 내용에 허위, 기재누락, 오기가 있는 경우

2. 미성년자가 담배, 주류 등 청소년보호법에서 금지하는 재화 및 용역을 구매하
는 경우

3. 기타 구매신청에 승낙하는 것이 “몰” 기술상 현저히 지장이 있다고 판단하
는 경우

② “몰”의 승낙이 제12조제1항의 수신확인통지형태로 이용자에게 도달한 시점에
계약이 성립한 것으로 봅니다.

③ “몰”의 승낙의 의사표시에는 이용자의 구매 신청에 대한 확인 및 판매가능 여
부, 구매신청의 정정 취소 등에 관한 정보 등을 포함하여야 합니다.

제11조(지급방법) “몰”에서 구매한 재화 또는 용역에 대한 대금지급방법은 다음
각 호의 방법중 가용한 방법으로 할 수 있습니다. 단, “몰”은 이용자의 지급방법
에 대하여 재화 등의 대금에 어떠한 명목의 수수료도 추가하여 징수할 수 없습니
다.

1. 폰뱅킹, 인터넷뱅킹, 메일 뱅킹 등의 각종 계좌이체

2. 선불카드, 직불카드, 신용카드 등의 각종 카드 결제

3. 온라인무통장입금

[정책 문서 2: 전자상거래_표준약관.pdf]
2. 선불카드, 직불카드, 신용카드 등의 각종 카드 결제

3. 온라인무통장입금

4. 전자화폐에 의한 결제

5. 수령 시 대금지급

6. 마일리지 등 “몰”이 지급한 포인트에 의한 결제
7. “몰”과 계약을 맺었거나 “몰”이 인정한 상품권에 의한 결제 

8. 기타 전자적 지급 방법에 의한 대금 지급 등

제12조(수신확인통지 ․ 구매신청 변경 및 취소)

① “몰”은 이용자의 구매신청이 있는 경우 이용자에게 수신확인통지를 합니다.

② 수신확인통지를 받은 이용자는 의사표시의 불일치 등이 있는 경우에는 수신확인
통지를 받은 후 즉시 구매신청 변경 및 취소를 요청할 수 있고 “몰”은 배송 전
에 이용자의 요청이 있는 경우에는 지체 없이 그 요청에 따라 처리하여야 합니
다. 다만 이미 대금을 지불한 경우에는 제15조의 청약철회 등에 관한 규정에 따
릅니다.

제13조(재화 등의 공급)

[정책 문서 3: 쇼핑몰 이용약관 및 운영정책.pdf]
TIP
결제 오류 관련 팁 (RAG 응답 기준)
""결제가 안 돼요""라는 문의는 먼저 실제 결제/주문 완료 여부부터 확인하도록 안내하고, 이중 결제가 의심되는 경우 임의로 환불을 약속하지 말고 승인 내역 확인 절차부터 안내합니
다.",20.6082
321,결제,결제 수단 확인,허용된 결제 옵션을 어떻게 나열하나요?,허용되는 결제 옵션을 나열하는 방법을 안내해 드리겠습니다. 사용 가능한 결제 방법을 보려면 당사 웹사이트를 방문하여 [결제 방법] 섹션으로 이동해 주세요. 여기에서 당사가 허용하는 결제 옵션의 전체 목록을 확인할 수 있습니다.,"[""정확한 목록을 제공하려면 당사 웹사이트를 방문하여 [지불 방법] 섹션으로 이동해 주세요. 여기에서 당사가 허용하는 모든 결제 옵션에 대한 자세한 설명을 확인할 수 있습니다.""]","[정책 문서 1: 전자상거래_표준약관.pdf]
2. 선불카드, 직불카드, 신용카드 등의 각종 카드 결제

3. 온라인무통장입금

4. 전자화폐에 의한 결제

5. 수령 시 대금지급

6. 마일리지 등 “몰”이 지급한 포인트에 의한 결제
7. “몰”과 계약을 맺었거나 “몰”이 인정한 상품권에 의한 결제 

8. 기타 전자적 지급 방법에 의한 대금 지급 등

제12조(수신확인통지 ․ 구매신청 변경 및 취소)

① “몰”은 이용자의 구매신청이 있는 경우 이용자에게 수신확인통지를 합니다.

② 수신확인통지를 받은 이용자는 의사표시의 불일치 등이 있는 경우에는 수신확인
통지를 받은 후 즉시 구매신청 변경 및 취소를 요청할 수 있고 “몰”은 배송 전
에 이용자의 요청이 있는 경우에는 지체 없이 그 요청에 따라 처리하여야 합니
다. 다만 이미 대금을 지불한 경우에는 제15조의 청약철회 등에 관한 규정에 따
릅니다.

제13조(재화 등의 공급)

[정책 문서 2: 쇼핑몰 이용약관 및 운영정책.pdf]
2. 결제 정책 (Payment Policy)

2.1 지원 결제 수단
신용/체크카드: 국내외 주요 카드사 승인 지원 (전자결제 PG사 연동)
간편결제: 네이버페이, 카카오페이, 토스페이, 페이코 등
실시간 계좌이체 및 가상계좌: 본인 명의 계좌를 통한 이체 및 주문별 전용 계좌 발급
포인트 및 쿠폰: 회사 규정에 따라 발급된 적립금 및 할인 쿠폰 복합 사용 가능

2.2 가상계좌(무통장입금) 입금 기한 및 오입금 처리
주의
가상계좌 입금 유의사항
· 입금 유효 기간: 발급 시점으로부터 24시간 이내에 입금해야 하며, 미입금 시 주문은 자동 취소됩니다.
· 오입금 처리: 주문 금액과 실제 입금액이 불일치하거나 입금자명이 다른 경우 자동 처리되지 않으므로, 입금증을 첨부하여 고객센터로 수동 확인을 요청해야 합니다.

[정책 문서 3: 전자상거래_표준약관.pdf]
1. 신청 내용에 허위, 기재누락, 오기가 있는 경우

2. 미성년자가 담배, 주류 등 청소년보호법에서 금지하는 재화 및 용역을 구매하
는 경우

3. 기타 구매신청에 승낙하는 것이 “몰” 기술상 현저히 지장이 있다고 판단하
는 경우

② “몰”의 승낙이 제12조제1항의 수신확인통지형태로 이용자에게 도달한 시점에
계약이 성립한 것으로 봅니다.

③ “몰”의 승낙의 의사표시에는 이용자의 구매 신청에 대한 확인 및 판매가능 여
부, 구매신청의 정정 취소 등에 관한 정보 등을 포함하여야 합니다.

제11조(지급방법) “몰”에서 구매한 재화 또는 용역에 대한 대금지급방법은 다음
각 호의 방법중 가용한 방법으로 할 수 있습니다. 단, “몰”은 이용자의 지급방법
에 대하여 재화 등의 대금에 어떠한 명목의 수수료도 추가하여 징수할 수 없습니
다.

1. 폰뱅킹, 인터넷뱅킹, 메일 뱅킹 등의 각종 계좌이체

2. 선불카드, 직불카드, 신용카드 등의 각종 카드 결제

3. 온라인무통장입금",13.8583
322,결제,결제 수단 확인,허용되는 결제 옵션을 확인해야 해요,"허용되는 결제 옵션을 확인하는 데 도움을 드릴 수 있습니다. 저희는 고객님의 선호도에 맞춰 다양한 결제 방법을 제공합니다. 사용 가능한 결제 옵션은 다음과 같습니다. - 신용/체크카드: 국내외 주요 카드사의 카드로 결제하실 수 있습니다. - 간편결제: 네이버페이, 카카오페이, 토스페이, 페이코 등을 이용하실 수 있습니다. - 실시간 계좌이체 및 가상계좌: 본인 명의 계좌로 이체하거나 주문별 전용 계좌로 입금하실 수 있습니다. - 포인트 및 쿠폰: 회사 규정에 따라 발급된 적립금과 할인 쿠폰을 함께 사용하실 수 있습니다.","[""저희 회사는 소중한 고객에게 원활한 결제 경험을 제공하기 위해 노력하고 있습니다. 다음은 당사가 허용하는 결제 방법에 대한 간략한 개요입니다. 1. 신용/체크카드: 국내외 주요 카드사 결제를 지원합니다. 2. 간편결제: 네이버페이, 카카오페이, 토스페이, 페이코 등으로 간편하게 결제하실 수 있습니다. 3. 실시간 계좌이체 및 가상계좌: 본인 명의 계좌로 이체하거나 주문별 전용 계좌로 입금하실 수 있습니다. 4. 적립금 및 쿠폰: 발급된 적립금과 할인 쿠폰을 함께 사용하실 수 있습니다. 거래를 완료하는 안전하고 비접촉식 방법을 제공합니다. 이는 당사가 허용하는 기본 결제 방법입니다."", ""고객님이 필요로 하는 정보를 제공해 드리겠습니다. 저희는 고객의 선호도에 맞춰 다양한 편리한 결제 방법을 제공합니다. 여기에는 다음이 포함됩니다. - 신용/체크카드: 국내외 주요 카드를 사용하실 수 있습니다. - 간편결제: 네이버페이, 카카오페이, 토스페이, 페이코 등을 이용하실 수 있습니다. - 실시간 계좌이체 및 가상계좌: 본인 명의 계좌로 이체하거나 주문별 전용 계좌로 입금하실 수 있습니다. - 적립금 및 쿠폰: 발급된 적립금과 할인 쿠폰을 함께 사용하실 수 있습니다."", ""허용되는 결제 옵션을 안내해 드리겠습니다. 사용 가능한 결제 방법 목록을 보려면 당사 웹사이트를 방문하여 [결제 옵션] 또는 [결제 방법] 섹션으로 이동해 주세요. 지원되는 결제 수단은 신용/체크카드, 간편결제(네이버페이·카카오페이·토스페이·페이코 등), 실시간 계좌이체 및 가상계좌, 적립금 및 쿠폰입니다.""]","[정책 문서 1: 쇼핑몰 이용약관 및 운영정책.pdf]
TIP
결제 오류 관련 팁 (RAG 응답 기준)
""결제가 안 돼요""라는 문의는 먼저 실제 결제/주문 완료 여부부터 확인하도록 안내하고, 이중 결제가 의심되는 경우 임의로 환불을 약속하지 말고 승인 내역 확인 절차부터 안내합니
다.

[정책 문서 2: 쇼핑몰 이용약관 및 운영정책.pdf]
2.4 결제 오류 및 실패 처리
결제 시도 중 오류(승인 거절, 먹통, 응답 지연 등)가 발생한 경우, 우선 [마이페이지 > 주문내역]에서 실제 결제 완료 여부를 확인해야 합니다.
이중 결제(중복 승인): 동일 주문에 대해 결제가 두 번 승인된 경우, 시스템이 익영업일 이내 자동 취소 처리하며 카드사 승인 취소 내역으로 확인할 수 있습니다. 자동 취소가
지연되면 승인 내역을 첨부하여 고객센터로 문의해야 합니다.
결제 실패(승인 거절): 카드 한도 초과, 카드사 보안 정책, 입력 정보 오류 등이 주요 원인이며, 카드사 확인이 우선이고 해결되지 않으면 다른 결제 수단으로 재시도를 안내
합니다.
오류 신고: 반복적인 결제 오류는 오류 발생 시각, 사용 결제수단, 오류 메시지 화면을 첨부하여 고객센터로 접수하면 결제 PG사와 함께 원인을 조사합니다.
TIP
결제 오류 관련 팁 (RAG 응답 기준)

[정책 문서 3: 쇼핑몰 이용약관 및 운영정책.pdf]
2. 결제 정책 (Payment Policy)

2.1 지원 결제 수단
신용/체크카드: 국내외 주요 카드사 승인 지원 (전자결제 PG사 연동)
간편결제: 네이버페이, 카카오페이, 토스페이, 페이코 등
실시간 계좌이체 및 가상계좌: 본인 명의 계좌를 통한 이체 및 주문별 전용 계좌 발급
포인트 및 쿠폰: 회사 규정에 따라 발급된 적립금 및 할인 쿠폰 복합 사용 가능

2.2 가상계좌(무통장입금) 입금 기한 및 오입금 처리
주의
가상계좌 입금 유의사항
· 입금 유효 기간: 발급 시점으로부터 24시간 이내에 입금해야 하며, 미입금 시 주문은 자동 취소됩니다.
· 오입금 처리: 주문 금액과 실제 입금액이 불일치하거나 입금자명이 다른 경우 자동 처리되지 않으므로, 입금증을 첨부하여 고객센터로 수동 확인을 요청해야 합니다.",21.8003
323,결제,결제 수단 확인,허용되는 결제 옵션을 확인하는 데 도움이 필요합니다.,"허용되는 결제 옵션을 안내해 드리겠습니다. 저희는 고객님의 선호도에 맞춰 다양한 결제 방법을 제공합니다. 사용 가능한 결제 옵션은 다음과 같습니다. - 신용/체크카드: 국내외 주요 카드사의 카드로 결제하실 수 있습니다. - 간편결제: 네이버페이, 카카오페이, 토스페이, 페이코 등을 이용하실 수 있습니다. - 실시간 계좌이체 및 가상계좌: 본인 명의 계좌로 이체하거나 주문별 전용 계좌로 입금하실 수 있습니다. - 포인트 및 쿠폰: 회사 규정에 따라 발급된 적립금과 할인 쿠폰을 함께 사용하실 수 있습니다.","[""허용되는 결제 옵션을 살펴보실 수 있도록 도와드리겠습니다. 아래에서 사용 가능한 결제 방법 목록을 찾아보세요. - 신용/체크카드: 국내외 주요 카드사 결제를 지원합니다. - 간편결제: 네이버페이, 카카오페이, 토스페이, 페이코 등을 이용하실 수 있습니다. - 실시간 계좌이체 및 가상계좌: 본인 명의 계좌로 이체하거나 주문별 전용 계좌로 입금하실 수 있습니다. - 적립금 및 쿠폰: 보유하신 적립금과 할인 쿠폰을 결제에 함께 사용하실 수 있습니다."", ""구매할 때 당사가 허용하는 결제 옵션을 이해하는 것이 중요합니다. 다음은 허용되는 결제 방법에 대한 간략한 개요입니다. - 신용/체크카드: 국내외 주요 카드사 결제를 지원합니다. - 간편결제: 네이버페이, 카카오페이, 토스페이, 페이코 등으로 간편하게 결제하실 수 있습니다. - 실시간 계좌이체 및 가상계좌: 본인 명의 계좌로 이체하거나 주문별 전용 계좌로 입금하실 수 있습니다. - 적립금 및 쿠폰: 발급된 적립금과 할인 쿠폰을 함께 사용하실 수 있습니다."", ""사용 가능한 결제 옵션에 액세스하는 단계를 안내해 드리겠습니다. 결제 방법의 전체 목록을 보려면 다음의 간단한 지침을 따라 주세요. 1. 당사 웹사이트 또는 모바일 앱에서 고객님의 계정에 로그인해 주세요. 2. 계정의 [결제] 또는 [청구] 섹션으로 이동해 주세요. 3. [결제 방법] 또는 [결제 관리] 옵션을 찾아 주세요. 4. 해당 옵션을 클릭하거나 탭하면 허용되는 모든 결제 옵션이 표시되는 페이지에 액세스할 수 있습니다. 어려움이 있거나 추가 질문이 있는 경우 언제든지 고객센터에 문의해 주세요. 09:00 ~ 18:00(02-1577-1577) 또는 채팅을 통해 연락하실 수 있습니다."", ""허용되는 결제 옵션을 확인하는 방법을 안내해 드리겠습니다. 당사가 허용하는 결제 방법은 다음과 같습니다. 1. 신용/체크카드: 국내외 주요 카드를 사용하실 수 있습니다. 2. 간편결제: 네이버페이, 카카오페이, 토스페이, 페이코 등을 이용하실 수 있습니다. 3. 실시간 계좌이체 및 가상계좌: 본인 명의 계좌 이체 또는 주문별로 발급되는 전용 계좌 입금이 가능합니다. 4. 적립금 및 쿠폰: 보유하신 적립금과 할인 쿠폰을 결제에 함께 사용하실 수 있습니다."", ""고객님이 당사에서 제공하는 결제 옵션에 관심을 가져주셔서 매우 기쁩니다. 저희가 제공하는 옵션은 다음과 같습니다. - 신용/체크카드: 국내외 주요 카드를 사용하실 수 있습니다. - 간편결제: 네이버페이·카카오페이·토스페이·페이코 등을 지원합니다. - 실시간 계좌이체 및 가상계좌: 본인 명의 계좌로 이체하거나 주문별 전용 계좌로 입금하실 수 있습니다. - 적립금 및 쿠폰: 발급된 적립금과 할인 쿠폰을 함께 사용하실 수 있습니다. 이러한 옵션은 다양한 요구 사항을 충족할 수 있는 유연성과 편리함을 제공합니다. 저는 고객님이 정보를 바탕으로 결정을 내리고 원활한 결제 경험을 보장할 수 있도록 도와드리겠습니다."", ""허용되는 결제 옵션을 확인하는 방법을 단계별로 안내해 드리겠습니다. 사용 가능한 결제 방법을 보려면 당사 웹사이트를 방문하여 [결제 옵션] 또는 [결제] 섹션으로 이동해 주세요. 지원되는 결제 수단은 신용/체크카드, 간편결제(네이버페이·카카오페이·토스페이·페이코 등), 실시간 계좌이체 및 가상계좌, 적립금 및 쿠폰입니다. 저희는 고객님이 안전하고 편리한 구매를 하는 데 필요한 모든 정보를 얻을 수 있도록 도와드립니다."", ""허용되는 결제 옵션을 안내해 드리겠습니다. 저희는 소중한 고객에게 원활한 거래 경험을 보장하기 위해 편리하고 안전한 다양한 결제 방법을 제공합니다. 허용되는 결제 옵션은 다음과 같습니다. - 신용/체크카드: 국내외 주요 카드사의 카드로 결제하실 수 있습니다. - 간편결제: 네이버페이·카카오페이·토스페이·페이코 등을 지원합니다. - 실시간 계좌이체 및 가상계좌: 본인 명의 계좌로 이체하거나 주문별 전용 계좌로 입금하실 수 있습니다. - 적립금 및 쿠폰: 발급된 적립금과 할인 쿠폰을 함께 사용하실 수 있습니다. 이것이 저희가 허용하는 지불 옵션에 대한 명확한 설명이 되기를 바랍니다."", ""허용된 결제 옵션을 보려면 당사 웹사이트나 앱을 방문하여 [결제 방법] 섹션으로 이동해 주세요. 신용/체크카드, 네이버페이·카카오페이·토스페이·페이코 등의 간편결제, 실시간 계좌이체와 가상계좌, 적립금 및 쿠폰으로 결제하실 수 있습니다."", ""이를 통해 고객님은 당사에서 구매하는 데 사용할 수 있는 방법에 대한 포괄적인 이해를 얻을 수 있습니다. 진행 방법은 다음과 같습니다. 1. 당사 웹사이트를 방문하여 [결제 옵션] 페이지로 이동해 주세요. 일반적으로 [도움말] 또는 [지원] 섹션에서 찾을 수 있습니다. 2. [결제 옵션] 페이지에서 당사가 허용하는 결제 방법의 세부 목록을 확인할 수 있습니다. 신용/체크카드, 네이버페이·카카오페이·토스페이·페이코 등의 간편결제, 실시간 계좌이체와 가상계좌, 적립금 및 쿠폰으로 결제하실 수 있습니다. 3. 잠시 시간을 내어 각 방법에 대해 읽어보고 어떤 방법이 고객님의 필요와 선호도에 맞는지 결정해 주세요. 4. 결정을 내리는 데 질문이 있거나 추가 도움이 필요한 경우 고객센터에 문의해 주세요. 09:00 ~ 18:00(02-1577-1577) 또는 채팅을 통해 이용 가능합니다. 다양한 결제 옵션을 통해 원활한 쇼핑 경험을 제공할 수 있기를 기대합니다!"", ""저희의 목표는 고객님께 원활하고 편리한 결제 경험을 제공하는 것입니다. 현재 허용되는 결제 옵션 목록은 다음과 같습니다. - 신용/체크카드: 국내외 주요 카드사의 카드로 결제하실 수 있습니다. - 간편결제: 네이버페이·카카오페이·토스페이·페이코 등을 지원합니다. - 실시간 계좌이체 및 가상계좌: 본인 명의 계좌로 이체하거나 주문별 전용 계좌로 입금하실 수 있습니다. - 적립금 및 쿠폰: 회사 규정에 따라 발급된 적립금과 할인 쿠폰을 사용하실 수 있습니다. 저희는 고객님의 필요에 맞는 최선의 결제 선택을 할 수 있도록 도와드립니다."", ""허용되는 결제 옵션의 세부 목록은 다음과 같습니다. - 신용/체크카드: 국내외 주요 카드사 결제를 지원합니다. - 간편결제: 네이버페이, 카카오페이, 토스페이, 페이코 등으로 간편하게 결제하실 수 있습니다. - 실시간 계좌이체 및 가상계좌: 본인 명의 계좌 이체 또는 주문별로 발급되는 전용 계좌 입금이 가능합니다. - 적립금 및 쿠폰: 회사 규정에 따라 발급된 적립금과 할인 쿠폰을 사용하실 수 있습니다. 특정 결제 옵션의 사용 가능 여부는 고객님의 지역에 따라 다를 수 있습니다.""]","[정책 문서 1: 쇼핑몰 이용약관 및 운영정책.pdf]
TIP
결제 오류 관련 팁 (RAG 응답 기준)
""결제가 안 돼요""라는 문의는 먼저 실제 결제/주문 완료 여부부터 확인하도록 안내하고, 이중 결제가 의심되는 경우 임의로 환불을 약속하지 말고 승인 내역 확인 절차부터 안내합니
다.

[정책 문서 2: 전자상거래_표준약관.pdf]
1. 신청 내용에 허위, 기재누락, 오기가 있는 경우

2. 미성년자가 담배, 주류 등 청소년보호법에서 금지하는 재화 및 용역을 구매하
는 경우

3. 기타 구매신청에 승낙하는 것이 “몰” 기술상 현저히 지장이 있다고 판단하
는 경우

② “몰”의 승낙이 제12조제1항의 수신확인통지형태로 이용자에게 도달한 시점에
계약이 성립한 것으로 봅니다.

③ “몰”의 승낙의 의사표시에는 이용자의 구매 신청에 대한 확인 및 판매가능 여
부, 구매신청의 정정 취소 등에 관한 정보 등을 포함하여야 합니다.

제11조(지급방법) “몰”에서 구매한 재화 또는 용역에 대한 대금지급방법은 다음
각 호의 방법중 가용한 방법으로 할 수 있습니다. 단, “몰”은 이용자의 지급방법
에 대하여 재화 등의 대금에 어떠한 명목의 수수료도 추가하여 징수할 수 없습니
다.

1. 폰뱅킹, 인터넷뱅킹, 메일 뱅킹 등의 각종 계좌이체

2. 선불카드, 직불카드, 신용카드 등의 각종 카드 결제

3. 온라인무통장입금

[정책 문서 3: 쇼핑몰 이용약관 및 운영정책.pdf]
2. 결제 정책 (Payment Policy)

2.1 지원 결제 수단
신용/체크카드: 국내외 주요 카드사 승인 지원 (전자결제 PG사 연동)
간편결제: 네이버페이, 카카오페이, 토스페이, 페이코 등
실시간 계좌이체 및 가상계좌: 본인 명의 계좌를 통한 이체 및 주문별 전용 계좌 발급
포인트 및 쿠폰: 회사 규정에 따라 발급된 적립금 및 할인 쿠폰 복합 사용 가능

2.2 가상계좌(무통장입금) 입금 기한 및 오입금 처리
주의
가상계좌 입금 유의사항
· 입금 유효 기간: 발급 시점으로부터 24시간 이내에 입금해야 하며, 미입금 시 주문은 자동 취소됩니다.
· 오입금 처리: 주문 금액과 실제 입금액이 불일치하거나 입금자명이 다른 경우 자동 처리되지 않으므로, 입금증을 첨부하여 고객센터로 수동 확인을 요청해야 합니다.",21.9166
324,결제,결제 수단 확인,허용되는 결제 방식을 확인하세요.,"허용되는 결제 방식을 안내해 드리겠습니다. 저희는 고객님의 선호도에 맞춰 다양한 옵션을 제공합니다. 허용되는 결제 방법은 다음과 같습니다. - 신용/체크카드: 국내외 주요 카드사 결제를 지원합니다. - 간편결제: 네이버페이, 카카오페이, 토스페이, 페이코 등을 이용하실 수 있습니다. - 실시간 계좌이체 및 가상계좌: 본인 명의 계좌 이체 또는 주문별로 발급되는 전용 계좌 입금이 가능합니다. - 적립금 및 쿠폰: 발급된 적립금과 할인 쿠폰을 함께 사용하실 수 있습니다.","[""저희가 허용하는 결제 방법에 대해 문의하기 위해 메시지를 보내주셔서 기쁘게 생각합니다. 저희는 다양한 선호도에 맞춰 다양하고 편리한 결제 옵션을 제공합니다. 현재 지원되는 결제 방식의 전체 목록은 다음과 같습니다. 1. 신용/체크카드: 국내외 주요 카드를 사용하실 수 있습니다. 2. 간편결제: 네이버페이·카카오페이·토스페이·페이코 등을 지원합니다. 3. 실시간 계좌이체 및 가상계좌: 본인 명의 계좌 이체 또는 주문별로 발급되는 전용 계좌 입금이 가능합니다. 4. 적립금 및 쿠폰: 발급된 적립금과 할인 쿠폰을 함께 사용하실 수 있습니다. 저희는 고객의 요구에 부응하기 위해 더 많은 옵션을 추가하기 위해 지속적으로 노력하고 있습니다."", ""허용되는 결제 방식을 안내해 드리겠습니다. 저희는 고객님의 요구를 충족시킬 수 있는 다양한 편리한 옵션을 제공합니다. 허용되는 결제 방법 목록은 다음과 같습니다. - 신용/체크카드: 국내외 주요 카드사 결제를 지원합니다. - 간편결제: 네이버페이·카카오페이·토스페이·페이코 등을 지원합니다. - 실시간 계좌이체 및 가상계좌: 본인 명의 계좌로 이체하거나 주문별 전용 계좌로 입금하실 수 있습니다. - 적립금 및 쿠폰: 발급된 적립금과 할인 쿠폰을 함께 사용하실 수 있습니다. 이러한 결제 방법에 대해 추가 정보나 지원이 필요한 경우 알려주시기 바랍니다.""]","[정책 문서 1: 전자상거래_표준약관.pdf]
1. 신청 내용에 허위, 기재누락, 오기가 있는 경우

2. 미성년자가 담배, 주류 등 청소년보호법에서 금지하는 재화 및 용역을 구매하
는 경우

3. 기타 구매신청에 승낙하는 것이 “몰” 기술상 현저히 지장이 있다고 판단하
는 경우

② “몰”의 승낙이 제12조제1항의 수신확인통지형태로 이용자에게 도달한 시점에
계약이 성립한 것으로 봅니다.

③ “몰”의 승낙의 의사표시에는 이용자의 구매 신청에 대한 확인 및 판매가능 여
부, 구매신청의 정정 취소 등에 관한 정보 등을 포함하여야 합니다.

제11조(지급방법) “몰”에서 구매한 재화 또는 용역에 대한 대금지급방법은 다음
각 호의 방법중 가용한 방법으로 할 수 있습니다. 단, “몰”은 이용자의 지급방법
에 대하여 재화 등의 대금에 어떠한 명목의 수수료도 추가하여 징수할 수 없습니
다.

1. 폰뱅킹, 인터넷뱅킹, 메일 뱅킹 등의 각종 계좌이체

2. 선불카드, 직불카드, 신용카드 등의 각종 카드 결제

3. 온라인무통장입금

[정책 문서 2: 전자상거래_표준약관.pdf]
2. 선불카드, 직불카드, 신용카드 등의 각종 카드 결제

3. 온라인무통장입금

4. 전자화폐에 의한 결제

5. 수령 시 대금지급

6. 마일리지 등 “몰”이 지급한 포인트에 의한 결제
7. “몰”과 계약을 맺었거나 “몰”이 인정한 상품권에 의한 결제 

8. 기타 전자적 지급 방법에 의한 대금 지급 등

제12조(수신확인통지 ․ 구매신청 변경 및 취소)

① “몰”은 이용자의 구매신청이 있는 경우 이용자에게 수신확인통지를 합니다.

② 수신확인통지를 받은 이용자는 의사표시의 불일치 등이 있는 경우에는 수신확인
통지를 받은 후 즉시 구매신청 변경 및 취소를 요청할 수 있고 “몰”은 배송 전
에 이용자의 요청이 있는 경우에는 지체 없이 그 요청에 따라 처리하여야 합니
다. 다만 이미 대금을 지불한 경우에는 제15조의 청약철회 등에 관한 규정에 따
릅니다.

제13조(재화 등의 공급)

[정책 문서 3: 쇼핑몰 이용약관 및 운영정책.pdf]
TIP
결제 오류 관련 팁 (RAG 응답 기준)
""결제가 안 돼요""라는 문의는 먼저 실제 결제/주문 완료 여부부터 확인하도록 안내하고, 이중 결제가 의심되는 경우 임의로 환불을 약속하지 말고 승인 내역 확인 절차부터 안내합니
다.",20.4878
325,결제,결제 수단 확인,허용되는 결제 옵션을 볼 수 있게 도와주세요,"허용되는 결제 옵션을 안내해 드리겠습니다. 저희는 고객님의 선호도에 맞춰 다양한 결제 방법을 제공합니다. 사용 가능한 결제 옵션은 다음과 같습니다. - 신용/체크카드: 국내외 주요 카드사의 카드로 결제하실 수 있습니다. - 간편결제: 네이버페이, 카카오페이, 토스페이, 페이코 등을 이용하실 수 있습니다. - 실시간 계좌이체 및 가상계좌: 본인 명의 계좌로 이체하거나 주문별 전용 계좌로 입금하실 수 있습니다. - 포인트 및 쿠폰: 회사 규정에 따라 발급된 적립금과 할인 쿠폰을 함께 사용하실 수 있습니다.","[""허용되는 결제 옵션을 안내해 드리겠습니다. 사용 가능한 결제 방법은 다음과 같습니다. - 신용/체크카드: 국내외 주요 카드사 결제를 지원합니다. - 간편결제: 네이버페이, 카카오페이, 토스페이, 페이코 등을 이용하실 수 있습니다. - 실시간 계좌이체 및 가상계좌: 본인 명의 계좌로 이체하거나 주문별 전용 계좌로 입금하실 수 있습니다. - 적립금 및 쿠폰: 회사 규정에 따라 발급된 적립금과 할인 쿠폰을 사용하실 수 있습니다."", ""허용되는 결제 옵션을 안내해 드리겠습니다. 저희의 목표는 고객님이 구매할 때 편리함과 유연성을 제공하는 것입니다. 저희가 제공하는 다양한 결제 옵션은 다음과 같습니다. - 신용/체크카드: 국내외 주요 카드를 사용하실 수 있습니다. - 간편결제: 네이버페이, 카카오페이, 토스페이, 페이코 등을 이용하실 수 있습니다. - 실시간 계좌이체 및 가상계좌: 본인 명의 계좌에서 이체하거나, 주문마다 발급되는 가상계좌로 입금하실 수 있습니다. - 적립금 및 쿠폰: 발급된 적립금과 할인 쿠폰을 함께 사용하실 수 있습니다.""]","[정책 문서 1: 쇼핑몰 이용약관 및 운영정책.pdf]
2. 결제 정책 (Payment Policy)

2.1 지원 결제 수단
신용/체크카드: 국내외 주요 카드사 승인 지원 (전자결제 PG사 연동)
간편결제: 네이버페이, 카카오페이, 토스페이, 페이코 등
실시간 계좌이체 및 가상계좌: 본인 명의 계좌를 통한 이체 및 주문별 전용 계좌 발급
포인트 및 쿠폰: 회사 규정에 따라 발급된 적립금 및 할인 쿠폰 복합 사용 가능

2.2 가상계좌(무통장입금) 입금 기한 및 오입금 처리
주의
가상계좌 입금 유의사항
· 입금 유효 기간: 발급 시점으로부터 24시간 이내에 입금해야 하며, 미입금 시 주문은 자동 취소됩니다.
· 오입금 처리: 주문 금액과 실제 입금액이 불일치하거나 입금자명이 다른 경우 자동 처리되지 않으므로, 입금증을 첨부하여 고객센터로 수동 확인을 요청해야 합니다.

[정책 문서 2: 전자상거래_표준약관.pdf]
2. 선불카드, 직불카드, 신용카드 등의 각종 카드 결제

3. 온라인무통장입금

4. 전자화폐에 의한 결제

5. 수령 시 대금지급

6. 마일리지 등 “몰”이 지급한 포인트에 의한 결제
7. “몰”과 계약을 맺었거나 “몰”이 인정한 상품권에 의한 결제 

8. 기타 전자적 지급 방법에 의한 대금 지급 등

제12조(수신확인통지 ․ 구매신청 변경 및 취소)

① “몰”은 이용자의 구매신청이 있는 경우 이용자에게 수신확인통지를 합니다.

② 수신확인통지를 받은 이용자는 의사표시의 불일치 등이 있는 경우에는 수신확인
통지를 받은 후 즉시 구매신청 변경 및 취소를 요청할 수 있고 “몰”은 배송 전
에 이용자의 요청이 있는 경우에는 지체 없이 그 요청에 따라 처리하여야 합니
다. 다만 이미 대금을 지불한 경우에는 제15조의 청약철회 등에 관한 규정에 따
릅니다.

제13조(재화 등의 공급)

[정책 문서 3: 전자상거래_표준약관.pdf]
1. 신청 내용에 허위, 기재누락, 오기가 있는 경우

2. 미성년자가 담배, 주류 등 청소년보호법에서 금지하는 재화 및 용역을 구매하
는 경우

3. 기타 구매신청에 승낙하는 것이 “몰” 기술상 현저히 지장이 있다고 판단하
는 경우

② “몰”의 승낙이 제12조제1항의 수신확인통지형태로 이용자에게 도달한 시점에
계약이 성립한 것으로 봅니다.

③ “몰”의 승낙의 의사표시에는 이용자의 구매 신청에 대한 확인 및 판매가능 여
부, 구매신청의 정정 취소 등에 관한 정보 등을 포함하여야 합니다.

제11조(지급방법) “몰”에서 구매한 재화 또는 용역에 대한 대금지급방법은 다음
각 호의 방법중 가용한 방법으로 할 수 있습니다. 단, “몰”은 이용자의 지급방법
에 대하여 재화 등의 대금에 어떠한 명목의 수수료도 추가하여 징수할 수 없습니
다.

1. 폰뱅킹, 인터넷뱅킹, 메일 뱅킹 등의 각종 계좌이체

2. 선불카드, 직불카드, 신용카드 등의 각종 카드 결제

3. 온라인무통장입금",22.7296
326,결제,결제 수단 확인,"허용되는 결제 수단을 확인하고 싶은데, 도와주실 수 있나요?","허용되는 결제 방법을 안내해 드리겠습니다. 저희는 고객님의 선호도에 맞춰 다양한 결제 옵션을 제공합니다. 사용 가능한 결제 방법은 다음과 같습니다. - 신용/체크카드: 국내외 주요 카드사의 카드로 결제하실 수 있습니다. - 간편결제: 네이버페이, 카카오페이, 토스페이, 페이코 등을 이용하실 수 있습니다. - 실시간 계좌이체 및 가상계좌: 본인 명의 계좌로 이체하거나 주문별 전용 계좌로 입금하실 수 있습니다. - 포인트 및 쿠폰: 회사 규정에 따라 발급된 적립금과 할인 쿠폰을 함께 사용하실 수 있습니다.","[""저희 회사에서는 고객님이 구매 비용을 지불할 때 원활한 경험을 할 수 있도록 노력하고 있습니다. 당사에서 허용하는 기본 결제 방법은 다음과 같습니다. - 신용/체크카드: 국내외 주요 카드사의 카드로 결제하실 수 있습니다. - 간편결제: 네이버페이·카카오페이·토스페이·페이코 등을 지원합니다. - 실시간 계좌이체 및 가상계좌: 본인 명의 계좌에서 이체하거나, 주문마다 발급되는 가상계좌로 입금하실 수 있습니다. - 적립금 및 쿠폰: 발급된 적립금과 할인 쿠폰을 함께 사용하실 수 있습니다. 저희는 다양한 지불 옵션을 통해 고객님께 가장 적합한 방법을 선택할 수 있는 유연성을 제공한다고 믿습니다.""]","[정책 문서 1: 쇼핑몰 이용약관 및 운영정책.pdf]
2. 결제 정책 (Payment Policy)

2.1 지원 결제 수단
신용/체크카드: 국내외 주요 카드사 승인 지원 (전자결제 PG사 연동)
간편결제: 네이버페이, 카카오페이, 토스페이, 페이코 등
실시간 계좌이체 및 가상계좌: 본인 명의 계좌를 통한 이체 및 주문별 전용 계좌 발급
포인트 및 쿠폰: 회사 규정에 따라 발급된 적립금 및 할인 쿠폰 복합 사용 가능

2.2 가상계좌(무통장입금) 입금 기한 및 오입금 처리
주의
가상계좌 입금 유의사항
· 입금 유효 기간: 발급 시점으로부터 24시간 이내에 입금해야 하며, 미입금 시 주문은 자동 취소됩니다.
· 오입금 처리: 주문 금액과 실제 입금액이 불일치하거나 입금자명이 다른 경우 자동 처리되지 않으므로, 입금증을 첨부하여 고객센터로 수동 확인을 요청해야 합니다.

[정책 문서 2: 쇼핑몰 이용약관 및 운영정책.pdf]
2.4 결제 오류 및 실패 처리
결제 시도 중 오류(승인 거절, 먹통, 응답 지연 등)가 발생한 경우, 우선 [마이페이지 > 주문내역]에서 실제 결제 완료 여부를 확인해야 합니다.
이중 결제(중복 승인): 동일 주문에 대해 결제가 두 번 승인된 경우, 시스템이 익영업일 이내 자동 취소 처리하며 카드사 승인 취소 내역으로 확인할 수 있습니다. 자동 취소가
지연되면 승인 내역을 첨부하여 고객센터로 문의해야 합니다.
결제 실패(승인 거절): 카드 한도 초과, 카드사 보안 정책, 입력 정보 오류 등이 주요 원인이며, 카드사 확인이 우선이고 해결되지 않으면 다른 결제 수단으로 재시도를 안내
합니다.
오류 신고: 반복적인 결제 오류는 오류 발생 시각, 사용 결제수단, 오류 메시지 화면을 첨부하여 고객센터로 접수하면 결제 PG사와 함께 원인을 조사합니다.
TIP
결제 오류 관련 팁 (RAG 응답 기준)

[정책 문서 3: 전자상거래_표준약관.pdf]
2. 선불카드, 직불카드, 신용카드 등의 각종 카드 결제

3. 온라인무통장입금

4. 전자화폐에 의한 결제

5. 수령 시 대금지급

6. 마일리지 등 “몰”이 지급한 포인트에 의한 결제
7. “몰”과 계약을 맺었거나 “몰”이 인정한 상품권에 의한 결제 

8. 기타 전자적 지급 방법에 의한 대금 지급 등

제12조(수신확인통지 ․ 구매신청 변경 및 취소)

① “몰”은 이용자의 구매신청이 있는 경우 이용자에게 수신확인통지를 합니다.

② 수신확인통지를 받은 이용자는 의사표시의 불일치 등이 있는 경우에는 수신확인
통지를 받은 후 즉시 구매신청 변경 및 취소를 요청할 수 있고 “몰”은 배송 전
에 이용자의 요청이 있는 경우에는 지체 없이 그 요청에 따라 처리하여야 합니
다. 다만 이미 대금을 지불한 경우에는 제15조의 청약철회 등에 관한 규정에 따
릅니다.

제13조(재화 등의 공급)",22.2887
327,결제,결제 수단 확인,사용 가능한 결제 옵션을 보려면 어떻게 해야 할지 모르겠어요,사용 가능한 결제 옵션을 보려면 당사 웹사이트를 방문하여 [결제 방법] 섹션으로 이동해 주세요. 여기에서 당사가 허용하는 결제 방법의 전체 목록을 확인할 수 있습니다.,"[""필요한 정보를 안내해 드리겠습니다. 사용 가능한 결제 옵션을 보려면 당사 웹사이트를 방문하여 결제 페이지로 이동해 주세요. 여기에서 당사가 허용하는 결제 방법 목록이 표시됩니다.""]","[정책 문서 1: 쇼핑몰 이용약관 및 운영정책.pdf]
2. 결제 정책 (Payment Policy)

2.1 지원 결제 수단
신용/체크카드: 국내외 주요 카드사 승인 지원 (전자결제 PG사 연동)
간편결제: 네이버페이, 카카오페이, 토스페이, 페이코 등
실시간 계좌이체 및 가상계좌: 본인 명의 계좌를 통한 이체 및 주문별 전용 계좌 발급
포인트 및 쿠폰: 회사 규정에 따라 발급된 적립금 및 할인 쿠폰 복합 사용 가능

2.2 가상계좌(무통장입금) 입금 기한 및 오입금 처리
주의
가상계좌 입금 유의사항
· 입금 유효 기간: 발급 시점으로부터 24시간 이내에 입금해야 하며, 미입금 시 주문은 자동 취소됩니다.
· 오입금 처리: 주문 금액과 실제 입금액이 불일치하거나 입금자명이 다른 경우 자동 처리되지 않으므로, 입금증을 첨부하여 고객센터로 수동 확인을 요청해야 합니다.

[정책 문서 2: 쇼핑몰 이용약관 및 운영정책.pdf]
2.4 결제 오류 및 실패 처리
결제 시도 중 오류(승인 거절, 먹통, 응답 지연 등)가 발생한 경우, 우선 [마이페이지 > 주문내역]에서 실제 결제 완료 여부를 확인해야 합니다.
이중 결제(중복 승인): 동일 주문에 대해 결제가 두 번 승인된 경우, 시스템이 익영업일 이내 자동 취소 처리하며 카드사 승인 취소 내역으로 확인할 수 있습니다. 자동 취소가
지연되면 승인 내역을 첨부하여 고객센터로 문의해야 합니다.
결제 실패(승인 거절): 카드 한도 초과, 카드사 보안 정책, 입력 정보 오류 등이 주요 원인이며, 카드사 확인이 우선이고 해결되지 않으면 다른 결제 수단으로 재시도를 안내
합니다.
오류 신고: 반복적인 결제 오류는 오류 발생 시각, 사용 결제수단, 오류 메시지 화면을 첨부하여 고객센터로 접수하면 결제 PG사와 함께 원인을 조사합니다.
TIP
결제 오류 관련 팁 (RAG 응답 기준)

[정책 문서 3: 전자상거래_표준약관.pdf]
2. 선불카드, 직불카드, 신용카드 등의 각종 카드 결제

3. 온라인무통장입금

4. 전자화폐에 의한 결제

5. 수령 시 대금지급

6. 마일리지 등 “몰”이 지급한 포인트에 의한 결제
7. “몰”과 계약을 맺었거나 “몰”이 인정한 상품권에 의한 결제 

8. 기타 전자적 지급 방법에 의한 대금 지급 등

제12조(수신확인통지 ․ 구매신청 변경 및 취소)

① “몰”은 이용자의 구매신청이 있는 경우 이용자에게 수신확인통지를 합니다.

② 수신확인통지를 받은 이용자는 의사표시의 불일치 등이 있는 경우에는 수신확인
통지를 받은 후 즉시 구매신청 변경 및 취소를 요청할 수 있고 “몰”은 배송 전
에 이용자의 요청이 있는 경우에는 지체 없이 그 요청에 따라 처리하여야 합니
다. 다만 이미 대금을 지불한 경우에는 제15조의 청약철회 등에 관한 규정에 따
릅니다.

제13조(재화 등의 공급)",11.2885
328,결제,결제 수단 확인,허용되는 결제 옵션을 확인하는 데 도움이 됩니다.,"허용되는 결제 옵션을 안내해 드리겠습니다. 저희는 고객님의 선호도에 맞춰 다양한 결제 방법을 제공합니다. 허용되는 결제 옵션은 다음과 같습니다. - 신용/체크카드: 국내외 주요 카드사 결제를 지원합니다. - 간편결제: 네이버페이, 카카오페이, 토스페이, 페이코 등을 이용하실 수 있습니다. - 실시간 계좌이체 및 가상계좌: 본인 명의 계좌 이체 또는 주문별로 발급되는 전용 계좌 입금이 가능합니다. - 적립금 및 쿠폰: 발급된 적립금과 할인 쿠폰을 함께 사용하실 수 있습니다.","[""저희가 제공하는 허용되는 결제 옵션을 안내해 드리겠습니다. 사용 가능한 결제 방법을 보려면 당사 웹사이트의 [결제 옵션] 페이지를 방문해 주세요. 지원되는 결제 수단은 신용/체크카드, 간편결제(네이버페이·카카오페이·토스페이·페이코 등), 실시간 계좌이체 및 가상계좌, 적립금 및 쿠폰입니다."", ""허용되는 결제 옵션을 확인하실 수 있게 되어 기쁘게 생각합니다. 다음은 고객님을 돕기 위한 간결한 가이드입니다: - 신용/체크카드: 국내외 주요 카드사 결제를 지원합니다. - 간편결제: 네이버페이, 카카오페이, 토스페이, 페이코 등을 이용하실 수 있습니다. - 실시간 계좌이체 및 가상계좌: 본인 명의 계좌에서 이체하거나, 주문마다 발급되는 가상계좌로 입금하실 수 있습니다. - 적립금 및 쿠폰: 회사 규정에 따라 발급된 적립금과 할인 쿠폰을 사용하실 수 있습니다. 이것이 저희가 허용하는 기본 결제 방법입니다. 결제 과정을 안내할 수 있게 되어 기쁘게 생각합니다!"", ""허용되는 결제 옵션을 안내해 드리겠습니다. 유연하고 편리한 방법을 제공함으로써 모든 고객에게 원활한 결제 경험을 보장하기 위해 노력하고 있습니다. 사용 가능한 결제 옵션은 다음과 같습니다. - 신용/체크카드: 국내외 주요 카드사 결제를 지원합니다. - 간편결제: 네이버페이, 카카오페이, 토스페이, 페이코 등을 이용하실 수 있습니다. - 실시간 계좌이체 및 가상계좌: 본인 명의 계좌로 이체하거나 주문별 전용 계좌로 입금하실 수 있습니다. - 적립금 및 쿠폰: 회사 규정에 따라 발급된 적립금과 할인 쿠폰을 사용하실 수 있습니다."", ""허용되는 결제 옵션을 확인하실 수 있게 되어 기쁘게 생각합니다. 저희는 고객님의 선호도에 맞춰 다양하고 편리한 방법을 제공합니다. 저희가 제공하는 옵션 중 일부는 다음과 같습니다. - 신용/체크카드: 국내외 주요 카드사의 카드로 결제하실 수 있습니다. - 간편결제: 네이버페이, 카카오페이, 토스페이, 페이코 등으로 간편하게 결제하실 수 있습니다. - 실시간 계좌이체 및 가상계좌: 본인 명의 계좌에서 이체하거나, 주문마다 발급되는 가상계좌로 입금하실 수 있습니다. - 적립금 및 쿠폰: 발급된 적립금과 할인 쿠폰을 함께 사용하실 수 있습니다. 다음은 저희가 제공하는 결제 옵션의 몇 가지 예입니다. 구체적인 질문이 있거나 제가 도와드릴 수 있는 다른 사항이 있으면 알려주시기 바랍니다.""]","[정책 문서 1: 쇼핑몰 이용약관 및 운영정책.pdf]
TIP
결제 오류 관련 팁 (RAG 응답 기준)
""결제가 안 돼요""라는 문의는 먼저 실제 결제/주문 완료 여부부터 확인하도록 안내하고, 이중 결제가 의심되는 경우 임의로 환불을 약속하지 말고 승인 내역 확인 절차부터 안내합니
다.

[정책 문서 2: 전자상거래_표준약관.pdf]
1. 신청 내용에 허위, 기재누락, 오기가 있는 경우

2. 미성년자가 담배, 주류 등 청소년보호법에서 금지하는 재화 및 용역을 구매하
는 경우

3. 기타 구매신청에 승낙하는 것이 “몰” 기술상 현저히 지장이 있다고 판단하
는 경우

② “몰”의 승낙이 제12조제1항의 수신확인통지형태로 이용자에게 도달한 시점에
계약이 성립한 것으로 봅니다.

③ “몰”의 승낙의 의사표시에는 이용자의 구매 신청에 대한 확인 및 판매가능 여
부, 구매신청의 정정 취소 등에 관한 정보 등을 포함하여야 합니다.

제11조(지급방법) “몰”에서 구매한 재화 또는 용역에 대한 대금지급방법은 다음
각 호의 방법중 가용한 방법으로 할 수 있습니다. 단, “몰”은 이용자의 지급방법
에 대하여 재화 등의 대금에 어떠한 명목의 수수료도 추가하여 징수할 수 없습니
다.

1. 폰뱅킹, 인터넷뱅킹, 메일 뱅킹 등의 각종 계좌이체

2. 선불카드, 직불카드, 신용카드 등의 각종 카드 결제

3. 온라인무통장입금

[정책 문서 3: 전자상거래_표준약관.pdf]
2. 선불카드, 직불카드, 신용카드 등의 각종 카드 결제

3. 온라인무통장입금

4. 전자화폐에 의한 결제

5. 수령 시 대금지급

6. 마일리지 등 “몰”이 지급한 포인트에 의한 결제
7. “몰”과 계약을 맺었거나 “몰”이 인정한 상품권에 의한 결제 

8. 기타 전자적 지급 방법에 의한 대금 지급 등

제12조(수신확인통지 ․ 구매신청 변경 및 취소)

① “몰”은 이용자의 구매신청이 있는 경우 이용자에게 수신확인통지를 합니다.

② 수신확인통지를 받은 이용자는 의사표시의 불일치 등이 있는 경우에는 수신확인
통지를 받은 후 즉시 구매신청 변경 및 취소를 요청할 수 있고 “몰”은 배송 전
에 이용자의 요청이 있는 경우에는 지체 없이 그 요청에 따라 처리하여야 합니
다. 다만 이미 대금을 지불한 경우에는 제15조의 청약철회 등에 관한 규정에 따
릅니다.

제13조(재화 등의 공급)",21.0974
329,결제,결제 수단 확인,허용되는 결제 수단을 어떻게 나열할 수 있는지 모르겠습니다.,허용되는 결제 방법을 나열하는 방법을 안내해 드리겠습니다. 사용 가능한 결제 방법을 보려면 당사 웹사이트를 방문하여 [결제 방법] 섹션으로 이동해 주세요. 여기에서 당사가 허용하는 결제 옵션의 전체 목록을 확인할 수 있습니다.,"[""허용되는 결제 방법을 나열하려면 당사 웹사이트를 방문하여 [결제 옵션] 또는 [체크아웃] 페이지로 이동하면 됩니다. 여기에서 당사가 허용하는 모든 결제 방법의 전체 목록을 확인할 수 있습니다.""]","[정책 문서 1: 쇼핑몰 이용약관 및 운영정책.pdf]
2. 결제 정책 (Payment Policy)

2.1 지원 결제 수단
신용/체크카드: 국내외 주요 카드사 승인 지원 (전자결제 PG사 연동)
간편결제: 네이버페이, 카카오페이, 토스페이, 페이코 등
실시간 계좌이체 및 가상계좌: 본인 명의 계좌를 통한 이체 및 주문별 전용 계좌 발급
포인트 및 쿠폰: 회사 규정에 따라 발급된 적립금 및 할인 쿠폰 복합 사용 가능

2.2 가상계좌(무통장입금) 입금 기한 및 오입금 처리
주의
가상계좌 입금 유의사항
· 입금 유효 기간: 발급 시점으로부터 24시간 이내에 입금해야 하며, 미입금 시 주문은 자동 취소됩니다.
· 오입금 처리: 주문 금액과 실제 입금액이 불일치하거나 입금자명이 다른 경우 자동 처리되지 않으므로, 입금증을 첨부하여 고객센터로 수동 확인을 요청해야 합니다.

[정책 문서 2: 전자상거래_표준약관.pdf]
2. 선불카드, 직불카드, 신용카드 등의 각종 카드 결제

3. 온라인무통장입금

4. 전자화폐에 의한 결제

5. 수령 시 대금지급

6. 마일리지 등 “몰”이 지급한 포인트에 의한 결제
7. “몰”과 계약을 맺었거나 “몰”이 인정한 상품권에 의한 결제 

8. 기타 전자적 지급 방법에 의한 대금 지급 등

제12조(수신확인통지 ․ 구매신청 변경 및 취소)

① “몰”은 이용자의 구매신청이 있는 경우 이용자에게 수신확인통지를 합니다.

② 수신확인통지를 받은 이용자는 의사표시의 불일치 등이 있는 경우에는 수신확인
통지를 받은 후 즉시 구매신청 변경 및 취소를 요청할 수 있고 “몰”은 배송 전
에 이용자의 요청이 있는 경우에는 지체 없이 그 요청에 따라 처리하여야 합니
다. 다만 이미 대금을 지불한 경우에는 제15조의 청약철회 등에 관한 규정에 따
릅니다.

제13조(재화 등의 공급)

[정책 문서 3: 전자상거래_표준약관.pdf]
1. 신청 내용에 허위, 기재누락, 오기가 있는 경우

2. 미성년자가 담배, 주류 등 청소년보호법에서 금지하는 재화 및 용역을 구매하
는 경우

3. 기타 구매신청에 승낙하는 것이 “몰” 기술상 현저히 지장이 있다고 판단하
는 경우

② “몰”의 승낙이 제12조제1항의 수신확인통지형태로 이용자에게 도달한 시점에
계약이 성립한 것으로 봅니다.

③ “몰”의 승낙의 의사표시에는 이용자의 구매 신청에 대한 확인 및 판매가능 여
부, 구매신청의 정정 취소 등에 관한 정보 등을 포함하여야 합니다.

제11조(지급방법) “몰”에서 구매한 재화 또는 용역에 대한 대금지급방법은 다음
각 호의 방법중 가용한 방법으로 할 수 있습니다. 단, “몰”은 이용자의 지급방법
에 대하여 재화 등의 대금에 어떠한 명목의 수수료도 추가하여 징수할 수 없습니
다.

1. 폰뱅킹, 인터넷뱅킹, 메일 뱅킹 등의 각종 계좌이체

2. 선불카드, 직불카드, 신용카드 등의 각종 카드 결제

3. 온라인무통장입금",13.9033
330,결제,결제 수단 확인,어떤 결제 옵션을 허용하는지 확인하는 데 도움이 필요합니다.,"저희가 허용하는 결제 옵션을 안내해 드리겠습니다. 저희는 고객님의 선호도에 맞춰 다양한 결제 방법을 제공합니다. 사용 가능한 결제 옵션은 다음과 같습니다. - 신용/체크카드: 국내외 주요 카드사의 카드로 결제하실 수 있습니다. - 간편결제: 네이버페이, 카카오페이, 토스페이, 페이코 등을 이용하실 수 있습니다. - 실시간 계좌이체 및 가상계좌: 본인 명의 계좌로 이체하거나 주문별 전용 계좌로 입금하실 수 있습니다. - 포인트 및 쿠폰: 회사 규정에 따라 발급된 적립금과 할인 쿠폰을 함께 사용하실 수 있습니다.","[""저희는 편리하고 안전한 결제 방법을 다양하게 제공하고 있습니다. 다음은 허용되는 옵션에 대한 간략한 개요입니다. - 신용/체크카드: 국내외 주요 카드를 사용하실 수 있습니다. - 간편결제: 네이버페이, 카카오페이, 토스페이, 페이코 등을 이용하실 수 있습니다. - 실시간 계좌이체 및 가상계좌: 본인 명의 계좌 이체 또는 주문별로 발급되는 전용 계좌 입금이 가능합니다. - 적립금 및 쿠폰: 회사 규정에 따라 발급된 적립금과 할인 쿠폰을 사용하실 수 있습니다. 이는 저희가 사용할 수 있는 결제 옵션 중 일부에 불과합니다."", ""허용되는 결제 옵션을 안내해 드리겠습니다. 저희 회사에서는 소중한 고객의 편의를 보장하기 위해 다양한 지불 방법을 사용할 수 있습니다. 허용되는 결제 옵션 목록은 다음과 같습니다. - 신용/체크카드: 국내외 주요 카드를 사용하실 수 있습니다. - 간편결제: 네이버페이, 카카오페이, 토스페이, 페이코 등으로 간편하게 결제하실 수 있습니다. - 실시간 계좌이체 및 가상계좌: 본인 명의 계좌에서 이체하거나, 주문마다 발급되는 가상계좌로 입금하실 수 있습니다. - 적립금 및 쿠폰: 발급된 적립금과 할인 쿠폰을 함께 사용하실 수 있습니다. 이는 저희가 제공하는 다양한 결제 옵션 중 일부에 불과합니다."", ""저희 회사에서는 고객의 선호도에 맞춰 다양한 결제 옵션을 제공합니다. 허용되는 기본 결제 방법 목록은 다음과 같습니다. - 신용/체크카드: 국내외 주요 카드사의 카드로 결제하실 수 있습니다. - 간편결제: 네이버페이·카카오페이·토스페이·페이코 등을 지원합니다. - 실시간 계좌이체 및 가상계좌: 본인 명의 계좌로 이체하거나 주문별 전용 계좌로 입금하실 수 있습니다. - 적립금 및 쿠폰: 보유하신 적립금과 할인 쿠폰을 결제에 함께 사용하실 수 있습니다. 이러한 결제 옵션에 대해 더 많은 정보를 원하거나 특정 질문이나 문의 사항이 있는 경우 알려주시기 바랍니다.""]","[정책 문서 1: 쇼핑몰 이용약관 및 운영정책.pdf]
TIP
결제 오류 관련 팁 (RAG 응답 기준)
""결제가 안 돼요""라는 문의는 먼저 실제 결제/주문 완료 여부부터 확인하도록 안내하고, 이중 결제가 의심되는 경우 임의로 환불을 약속하지 말고 승인 내역 확인 절차부터 안내합니
다.

[정책 문서 2: 쇼핑몰 이용약관 및 운영정책.pdf]
2. 결제 정책 (Payment Policy)

2.1 지원 결제 수단
신용/체크카드: 국내외 주요 카드사 승인 지원 (전자결제 PG사 연동)
간편결제: 네이버페이, 카카오페이, 토스페이, 페이코 등
실시간 계좌이체 및 가상계좌: 본인 명의 계좌를 통한 이체 및 주문별 전용 계좌 발급
포인트 및 쿠폰: 회사 규정에 따라 발급된 적립금 및 할인 쿠폰 복합 사용 가능

2.2 가상계좌(무통장입금) 입금 기한 및 오입금 처리
주의
가상계좌 입금 유의사항
· 입금 유효 기간: 발급 시점으로부터 24시간 이내에 입금해야 하며, 미입금 시 주문은 자동 취소됩니다.
· 오입금 처리: 주문 금액과 실제 입금액이 불일치하거나 입금자명이 다른 경우 자동 처리되지 않으므로, 입금증을 첨부하여 고객센터로 수동 확인을 요청해야 합니다.

[정책 문서 3: 전자상거래_표준약관.pdf]
2. 선불카드, 직불카드, 신용카드 등의 각종 카드 결제

3. 온라인무통장입금

4. 전자화폐에 의한 결제

5. 수령 시 대금지급

6. 마일리지 등 “몰”이 지급한 포인트에 의한 결제
7. “몰”과 계약을 맺었거나 “몰”이 인정한 상품권에 의한 결제 

8. 기타 전자적 지급 방법에 의한 대금 지급 등

제12조(수신확인통지 ․ 구매신청 변경 및 취소)

① “몰”은 이용자의 구매신청이 있는 경우 이용자에게 수신확인통지를 합니다.

② 수신확인통지를 받은 이용자는 의사표시의 불일치 등이 있는 경우에는 수신확인
통지를 받은 후 즉시 구매신청 변경 및 취소를 요청할 수 있고 “몰”은 배송 전
에 이용자의 요청이 있는 경우에는 지체 없이 그 요청에 따라 처리하여야 합니
다. 다만 이미 대금을 지불한 경우에는 제15조의 청약철회 등에 관한 규정에 따
릅니다.

제13조(재화 등의 공급)",22.193
331,결제,결제 수단 확인,사용 가능한 결제 방법을 확인하는 데 도움이 필요합니다.,"사용 가능한 결제 방법을 안내해 드리겠습니다. 저희는 고객님의 선호도에 맞춰 다양한 옵션을 제공합니다. 허용되는 결제 방법은 다음과 같습니다. - 신용/체크카드: 국내외 주요 카드사의 카드로 결제하실 수 있습니다. - 간편결제: 네이버페이, 카카오페이, 토스페이, 페이코 등을 이용하실 수 있습니다. - 실시간 계좌이체 및 가상계좌: 본인 명의 계좌로 이체하거나 주문별 전용 계좌로 입금하실 수 있습니다. - 포인트 및 쿠폰: 회사 규정에 따라 발급된 적립금과 할인 쿠폰을 함께 사용하실 수 있습니다.","[""사용 가능한 결제 방법을 안내해 드리겠습니다. 저희는 고객님의 요구를 충족시키기 위해 안전하고 편리한 다양한 옵션을 제공합니다. 허용되는 결제 방법에 대한 요약은 다음과 같습니다. - 신용/체크카드: 국내외 주요 카드사의 카드로 결제하실 수 있습니다. - 간편결제: 네이버페이, 카카오페이, 토스페이, 페이코 등으로 간편하게 결제하실 수 있습니다. - 실시간 계좌이체 및 가상계좌: 본인 명의 계좌로 이체하거나 주문별 전용 계좌로 입금하실 수 있습니다. - 적립금 및 쿠폰: 회사 규정에 따라 발급된 적립금과 할인 쿠폰을 사용하실 수 있습니다. 다음은 사용 가능한 결제 방법의 몇 가지 예입니다. 저희는 고객님의 필요에 가장 적합한 결제 방법을 찾는 데 도움을 드리고 있습니다."", ""이용 가능한 결제 방식을 안내해 드리겠습니다. 저희는 고객님의 요구를 충족시키기 위해 다양하고 편리한 옵션을 제공합니다. 현재 지원되는 결제 방법은 다음과 같습니다. - 신용/체크카드: 국내외 주요 카드를 사용하실 수 있습니다. - 간편결제: 네이버페이, 카카오페이, 토스페이, 페이코 등을 이용하실 수 있습니다. - 실시간 계좌이체 및 가상계좌: 본인 명의 계좌로 이체하거나 주문별 전용 계좌로 입금하실 수 있습니다. - 적립금 및 쿠폰: 발급된 적립금과 할인 쿠폰을 함께 사용하실 수 있습니다. 이러한 결제 방법은 고객님의 선호도에 따라 유연성과 선택권을 제공합니다."", ""사용 가능한 결제 방법을 안내해 드리겠습니다. 고객의 편의를 위해 다양한 옵션을 제공하고 있습니다. 허용되는 결제 방법에 대한 요약은 다음과 같습니다. - 신용/체크카드: 국내외 주요 카드를 사용하실 수 있습니다. - 간편결제: 네이버페이·카카오페이·토스페이·페이코 등을 지원합니다. - 실시간 계좌이체 및 가상계좌: 본인 명의 계좌로 이체하거나 주문별 전용 계좌로 입금하실 수 있습니다. - 적립금 및 쿠폰: 보유하신 적립금과 할인 쿠폰을 결제에 함께 사용하실 수 있습니다.""]","[정책 문서 1: 전자상거래_표준약관.pdf]
1. 신청 내용에 허위, 기재누락, 오기가 있는 경우

2. 미성년자가 담배, 주류 등 청소년보호법에서 금지하는 재화 및 용역을 구매하
는 경우

3. 기타 구매신청에 승낙하는 것이 “몰” 기술상 현저히 지장이 있다고 판단하
는 경우

② “몰”의 승낙이 제12조제1항의 수신확인통지형태로 이용자에게 도달한 시점에
계약이 성립한 것으로 봅니다.

③ “몰”의 승낙의 의사표시에는 이용자의 구매 신청에 대한 확인 및 판매가능 여
부, 구매신청의 정정 취소 등에 관한 정보 등을 포함하여야 합니다.

제11조(지급방법) “몰”에서 구매한 재화 또는 용역에 대한 대금지급방법은 다음
각 호의 방법중 가용한 방법으로 할 수 있습니다. 단, “몰”은 이용자의 지급방법
에 대하여 재화 등의 대금에 어떠한 명목의 수수료도 추가하여 징수할 수 없습니
다.

1. 폰뱅킹, 인터넷뱅킹, 메일 뱅킹 등의 각종 계좌이체

2. 선불카드, 직불카드, 신용카드 등의 각종 카드 결제

3. 온라인무통장입금

[정책 문서 2: 쇼핑몰 이용약관 및 운영정책.pdf]
TIP
결제 오류 관련 팁 (RAG 응답 기준)
""결제가 안 돼요""라는 문의는 먼저 실제 결제/주문 완료 여부부터 확인하도록 안내하고, 이중 결제가 의심되는 경우 임의로 환불을 약속하지 말고 승인 내역 확인 절차부터 안내합니
다.

[정책 문서 3: 쇼핑몰 이용약관 및 운영정책.pdf]
2. 결제 정책 (Payment Policy)

2.1 지원 결제 수단
신용/체크카드: 국내외 주요 카드사 승인 지원 (전자결제 PG사 연동)
간편결제: 네이버페이, 카카오페이, 토스페이, 페이코 등
실시간 계좌이체 및 가상계좌: 본인 명의 계좌를 통한 이체 및 주문별 전용 계좌 발급
포인트 및 쿠폰: 회사 규정에 따라 발급된 적립금 및 할인 쿠폰 복합 사용 가능

2.2 가상계좌(무통장입금) 입금 기한 및 오입금 처리
주의
가상계좌 입금 유의사항
· 입금 유효 기간: 발급 시점으로부터 24시간 이내에 입금해야 하며, 미입금 시 주문은 자동 취소됩니다.
· 오입금 처리: 주문 금액과 실제 입금액이 불일치하거나 입금자명이 다른 경우 자동 처리되지 않으므로, 입금증을 첨부하여 고객센터로 수동 확인을 요청해야 합니다.",21.314
332,결제,결제 수단 확인,허용되는 지불 방법을 나열하는 방법은 무엇입니까?,허용되는 결제 방법을 보려면 당사 웹사이트를 방문하여 [결제 방법] 섹션으로 이동해 주세요. 여기에서 당사가 허용하는 결제 옵션의 전체 목록을 확인할 수 있습니다.,"[""당사에서 허용되는 결제 방법을 보려면 다음의 간단한 단계를 따라 주세요. 1. 당사 웹사이트를 방문하여 [결제] 또는 [결제] 페이지로 이동해 주세요. 2. [허용되는 결제 방법] 또는 이와 유사한 섹션을 찾아 주세요. 3. 결제는 신용/체크카드, 간편결제(네이버페이, 카카오페이, 토스페이, 페이코 등), 실시간 계좌이체 및 가상계좌로 가능하며, 적립금과 할인 쿠폰도 함께 사용하실 수 있습니다.""]","[정책 문서 1: 전자상거래_표준약관.pdf]
1. 신청 내용에 허위, 기재누락, 오기가 있는 경우

2. 미성년자가 담배, 주류 등 청소년보호법에서 금지하는 재화 및 용역을 구매하
는 경우

3. 기타 구매신청에 승낙하는 것이 “몰” 기술상 현저히 지장이 있다고 판단하
는 경우

② “몰”의 승낙이 제12조제1항의 수신확인통지형태로 이용자에게 도달한 시점에
계약이 성립한 것으로 봅니다.

③ “몰”의 승낙의 의사표시에는 이용자의 구매 신청에 대한 확인 및 판매가능 여
부, 구매신청의 정정 취소 등에 관한 정보 등을 포함하여야 합니다.

제11조(지급방법) “몰”에서 구매한 재화 또는 용역에 대한 대금지급방법은 다음
각 호의 방법중 가용한 방법으로 할 수 있습니다. 단, “몰”은 이용자의 지급방법
에 대하여 재화 등의 대금에 어떠한 명목의 수수료도 추가하여 징수할 수 없습니
다.

1. 폰뱅킹, 인터넷뱅킹, 메일 뱅킹 등의 각종 계좌이체

2. 선불카드, 직불카드, 신용카드 등의 각종 카드 결제

3. 온라인무통장입금

[정책 문서 2: 전자상거래_표준약관.pdf]
2. 선불카드, 직불카드, 신용카드 등의 각종 카드 결제

3. 온라인무통장입금

4. 전자화폐에 의한 결제

5. 수령 시 대금지급

6. 마일리지 등 “몰”이 지급한 포인트에 의한 결제
7. “몰”과 계약을 맺었거나 “몰”이 인정한 상품권에 의한 결제 

8. 기타 전자적 지급 방법에 의한 대금 지급 등

제12조(수신확인통지 ․ 구매신청 변경 및 취소)

① “몰”은 이용자의 구매신청이 있는 경우 이용자에게 수신확인통지를 합니다.

② 수신확인통지를 받은 이용자는 의사표시의 불일치 등이 있는 경우에는 수신확인
통지를 받은 후 즉시 구매신청 변경 및 취소를 요청할 수 있고 “몰”은 배송 전
에 이용자의 요청이 있는 경우에는 지체 없이 그 요청에 따라 처리하여야 합니
다. 다만 이미 대금을 지불한 경우에는 제15조의 청약철회 등에 관한 규정에 따
릅니다.

제13조(재화 등의 공급)

[정책 문서 3: 쇼핑몰 이용약관 및 운영정책.pdf]
2. 결제 정책 (Payment Policy)

2.1 지원 결제 수단
신용/체크카드: 국내외 주요 카드사 승인 지원 (전자결제 PG사 연동)
간편결제: 네이버페이, 카카오페이, 토스페이, 페이코 등
실시간 계좌이체 및 가상계좌: 본인 명의 계좌를 통한 이체 및 주문별 전용 계좌 발급
포인트 및 쿠폰: 회사 규정에 따라 발급된 적립금 및 할인 쿠폰 복합 사용 가능

2.2 가상계좌(무통장입금) 입금 기한 및 오입금 처리
주의
가상계좌 입금 유의사항
· 입금 유효 기간: 발급 시점으로부터 24시간 이내에 입금해야 하며, 미입금 시 주문은 자동 취소됩니다.
· 오입금 처리: 주문 금액과 실제 입금액이 불일치하거나 입금자명이 다른 경우 자동 처리되지 않으므로, 입금증을 첨부하여 고객센터로 수동 확인을 요청해야 합니다.",11.4459
333,결제,결제 수단 확인,어떤 결제 수단을 사용할 수 있는지 어디서 확인하나요?,사용 가능한 결제 방법을 보려면 당사 웹사이트를 방문하여 [결제 방법] 섹션으로 이동해 주세요. 여기에서 당사가 허용하는 결제 옵션의 전체 목록을 확인할 수 있습니다.,"[""사용 가능한 결제 방법에 대한 정보를 찾는 방법을 안내해 드리겠습니다. 당사가 제공하는 결제 옵션을 확인하려면 당사 웹사이트의 [결제 방법] 페이지를 방문해 주세요. 이 페이지에서는 당사가 허용하는 다양한 결제 방법의 전체 목록을 제공합니다. [결제 수단] 페이지에 액세스하려면 다음 단계를 따라 주세요. 1. 당사 홈페이지에 접속해 주세요. 2. [지원] 또는 [도움말] 섹션을 찾아 주세요. 일반적으로 페이지 상단이나 하단에 위치합니다. 3. [지원] 또는 [도움말] 섹션 내에서 [결제 방법] 또는 이와 유사한 링크를 찾을 수 있습니다. 4. [결제 방법] 링크를 클릭하여 해당 페이지로 이동해 주세요. 5. [결제 방법] 페이지에 들어가면 당사가 제공하는 전체 결제 옵션 목록과 관련 세부정보 또는 지침을 볼 수 있습니다.""]","[정책 문서 1: 쇼핑몰 이용약관 및 운영정책.pdf]
2. 결제 정책 (Payment Policy)

2.1 지원 결제 수단
신용/체크카드: 국내외 주요 카드사 승인 지원 (전자결제 PG사 연동)
간편결제: 네이버페이, 카카오페이, 토스페이, 페이코 등
실시간 계좌이체 및 가상계좌: 본인 명의 계좌를 통한 이체 및 주문별 전용 계좌 발급
포인트 및 쿠폰: 회사 규정에 따라 발급된 적립금 및 할인 쿠폰 복합 사용 가능

2.2 가상계좌(무통장입금) 입금 기한 및 오입금 처리
주의
가상계좌 입금 유의사항
· 입금 유효 기간: 발급 시점으로부터 24시간 이내에 입금해야 하며, 미입금 시 주문은 자동 취소됩니다.
· 오입금 처리: 주문 금액과 실제 입금액이 불일치하거나 입금자명이 다른 경우 자동 처리되지 않으므로, 입금증을 첨부하여 고객센터로 수동 확인을 요청해야 합니다.

[정책 문서 2: 전자상거래_표준약관.pdf]
2. 선불카드, 직불카드, 신용카드 등의 각종 카드 결제

3. 온라인무통장입금

4. 전자화폐에 의한 결제

5. 수령 시 대금지급

6. 마일리지 등 “몰”이 지급한 포인트에 의한 결제
7. “몰”과 계약을 맺었거나 “몰”이 인정한 상품권에 의한 결제 

8. 기타 전자적 지급 방법에 의한 대금 지급 등

제12조(수신확인통지 ․ 구매신청 변경 및 취소)

① “몰”은 이용자의 구매신청이 있는 경우 이용자에게 수신확인통지를 합니다.

② 수신확인통지를 받은 이용자는 의사표시의 불일치 등이 있는 경우에는 수신확인
통지를 받은 후 즉시 구매신청 변경 및 취소를 요청할 수 있고 “몰”은 배송 전
에 이용자의 요청이 있는 경우에는 지체 없이 그 요청에 따라 처리하여야 합니
다. 다만 이미 대금을 지불한 경우에는 제15조의 청약철회 등에 관한 규정에 따
릅니다.

제13조(재화 등의 공급)

[정책 문서 3: 전자상거래_표준약관.pdf]
1. 신청 내용에 허위, 기재누락, 오기가 있는 경우

2. 미성년자가 담배, 주류 등 청소년보호법에서 금지하는 재화 및 용역을 구매하
는 경우

3. 기타 구매신청에 승낙하는 것이 “몰” 기술상 현저히 지장이 있다고 판단하
는 경우

② “몰”의 승낙이 제12조제1항의 수신확인통지형태로 이용자에게 도달한 시점에
계약이 성립한 것으로 봅니다.

③ “몰”의 승낙의 의사표시에는 이용자의 구매 신청에 대한 확인 및 판매가능 여
부, 구매신청의 정정 취소 등에 관한 정보 등을 포함하여야 합니다.

제11조(지급방법) “몰”에서 구매한 재화 또는 용역에 대한 대금지급방법은 다음
각 호의 방법중 가용한 방법으로 할 수 있습니다. 단, “몰”은 이용자의 지급방법
에 대하여 재화 등의 대금에 어떠한 명목의 수수료도 추가하여 징수할 수 없습니
다.

1. 폰뱅킹, 인터넷뱅킹, 메일 뱅킹 등의 각종 계좌이체

2. 선불카드, 직불카드, 신용카드 등의 각종 카드 결제

3. 온라인무통장입금",11.2412
334,결제,결제 수단 확인,사용 가능한 결제 수단을 확인하려면 도움이 필요합니다.,"사용 가능한 결제 방법을 안내해 드리겠습니다. 저희는 고객님의 선호도에 맞춰 다양하고 편리한 옵션을 제공합니다. 허용되는 결제 방법은 다음과 같습니다. - 신용/체크카드: 국내외 주요 카드사의 카드로 결제하실 수 있습니다. - 간편결제: 네이버페이, 카카오페이, 토스페이, 페이코 등을 이용하실 수 있습니다. - 실시간 계좌이체 및 가상계좌: 본인 명의 계좌로 이체하거나 주문별 전용 계좌로 입금하실 수 있습니다. - 포인트 및 쿠폰: 회사 규정에 따라 발급된 적립금과 할인 쿠폰을 함께 사용하실 수 있습니다.","[""저는 고객님이 사용 가능한 결제 방법을 확인하는 데 필요한 도움을 제공해 드리겠습니다. 당사 제품이나 서비스에 대한 결제는 최대한 편리해야 합니다. 당사가 제공하는 결제 방법 목록은 다음과 같습니다. - 신용/체크카드: 국내외 주요 카드사 결제를 지원합니다. - 간편결제: 네이버페이, 카카오페이, 토스페이, 페이코 등을 이용하실 수 있습니다. - 실시간 계좌이체 및 가상계좌: 본인 명의 계좌 이체 또는 주문별로 발급되는 전용 계좌 입금이 가능합니다. - 적립금 및 쿠폰: 발급된 적립금과 할인 쿠폰을 함께 사용하실 수 있습니다. 이러한 옵션은 다양한 선호도에 맞춰 설계되어 원활한 결제 경험을 보장합니다."", ""저희 회사는 고객의 요구에 부응하기 위해 다양한 지불 옵션을 제공합니다. 선택할 수 있는 다양한 결제 방법은 다음과 같습니다. - 신용/체크카드: 국내외 주요 카드를 사용하실 수 있습니다. - 간편결제: 네이버페이, 카카오페이, 토스페이, 페이코 등으로 간편하게 결제하실 수 있습니다. - 실시간 계좌이체 및 가상계좌: 본인 명의 계좌에서 이체하거나, 주문마다 발급되는 가상계좌로 입금하실 수 있습니다. - 적립금 및 쿠폰: 발급된 적립금과 할인 쿠폰을 함께 사용하실 수 있습니다.""]","[정책 문서 1: 쇼핑몰 이용약관 및 운영정책.pdf]
2. 결제 정책 (Payment Policy)

2.1 지원 결제 수단
신용/체크카드: 국내외 주요 카드사 승인 지원 (전자결제 PG사 연동)
간편결제: 네이버페이, 카카오페이, 토스페이, 페이코 등
실시간 계좌이체 및 가상계좌: 본인 명의 계좌를 통한 이체 및 주문별 전용 계좌 발급
포인트 및 쿠폰: 회사 규정에 따라 발급된 적립금 및 할인 쿠폰 복합 사용 가능

2.2 가상계좌(무통장입금) 입금 기한 및 오입금 처리
주의
가상계좌 입금 유의사항
· 입금 유효 기간: 발급 시점으로부터 24시간 이내에 입금해야 하며, 미입금 시 주문은 자동 취소됩니다.
· 오입금 처리: 주문 금액과 실제 입금액이 불일치하거나 입금자명이 다른 경우 자동 처리되지 않으므로, 입금증을 첨부하여 고객센터로 수동 확인을 요청해야 합니다.

[정책 문서 2: 전자상거래_표준약관.pdf]
1. 신청 내용에 허위, 기재누락, 오기가 있는 경우

2. 미성년자가 담배, 주류 등 청소년보호법에서 금지하는 재화 및 용역을 구매하
는 경우

3. 기타 구매신청에 승낙하는 것이 “몰” 기술상 현저히 지장이 있다고 판단하
는 경우

② “몰”의 승낙이 제12조제1항의 수신확인통지형태로 이용자에게 도달한 시점에
계약이 성립한 것으로 봅니다.

③ “몰”의 승낙의 의사표시에는 이용자의 구매 신청에 대한 확인 및 판매가능 여
부, 구매신청의 정정 취소 등에 관한 정보 등을 포함하여야 합니다.

제11조(지급방법) “몰”에서 구매한 재화 또는 용역에 대한 대금지급방법은 다음
각 호의 방법중 가용한 방법으로 할 수 있습니다. 단, “몰”은 이용자의 지급방법
에 대하여 재화 등의 대금에 어떠한 명목의 수수료도 추가하여 징수할 수 없습니
다.

1. 폰뱅킹, 인터넷뱅킹, 메일 뱅킹 등의 각종 계좌이체

2. 선불카드, 직불카드, 신용카드 등의 각종 카드 결제

3. 온라인무통장입금

[정책 문서 3: 쇼핑몰 이용약관 및 운영정책.pdf]
TIP
결제 오류 관련 팁 (RAG 응답 기준)
""결제가 안 돼요""라는 문의는 먼저 실제 결제/주문 완료 여부부터 확인하도록 안내하고, 이중 결제가 의심되는 경우 임의로 환불을 약속하지 말고 승인 내역 확인 절차부터 안내합니
다.",21.53
335,결제,결제 수단 확인,어떤 결제 방법이 허용되는지 어디서 확인할 수 있나요?,허용되는 결제 방법을 보려면 당사 웹사이트를 방문하여 [결제 방법] 섹션으로 이동해 주세요. 여기에서 당사가 허용하는 결제 옵션의 전체 목록을 확인할 수 있습니다.,"[""허용되는 결제 방법을 알아보려면 여러 곳에서 정보를 찾아보세요. 1. 웹사이트 바닥글: 당사 웹사이트의 바닥글 섹션에는 일반적으로 [결제 방법] 또는 \""승인된 결제\""라는 제목의 링크가 있습니다. 이 링크를 클릭하면 당사가 허용하는 모든 결제 방법이 나열된 전용 페이지로 연결됩니다. 2. 결제 페이지: 결제 페이지로 이동하면 허용되는 결제 방법 목록을 자주 확인할 수 있습니다. 이를 통해 구매 시점에 사용 가능한 옵션을 명확하게 확인할 수 있습니다. 3. 자주 묻는 질문(FAQ) 섹션: FAQ 섹션은 또 다른 훌륭한 리소스입니다. 결제 방법이나 승인된 결제와 관련된 질문을 찾아보세요. 제공된 답변을 통해 당사가 제공하는 결제 옵션에 대한 통찰력을 얻을 수 있습니다. 이 정보의 정확한 위치는 당사 웹사이트의 디자인과 레이아웃에 따라 약간 다를 수 있습니다. 그럼에도 불구하고 이러한 일반 영역에서 필요한 세부 정보를 제공할 수 있다고 신뢰할 수 있습니다. 어려움이 있거나 추가 지원이 필요한 경우 고객센터가 도와드릴 준비가 되어 있습니다. 당사 웹사이트의 라이브 채팅 기능을 이용하거나 당사 지원 라인에 전화하여 언제든지 문의해 주세요."", ""당사에서 허용하는 결제 방법을 보려면 당사 웹사이트를 방문하여 [결제 옵션] 또는 [결제] 페이지로 이동해 주세요. 결제는 신용/체크카드, 간편결제(네이버페이, 카카오페이, 토스페이, 페이코 등), 실시간 계좌이체 및 가상계좌로 가능하며, 적립금과 할인 쿠폰도 함께 사용하실 수 있습니다."", ""허용되는 결제 방법에 관심을 가져주셔서 기쁘게 생각합니다. 전체 목록을 보려면 당사 웹사이트를 방문하여 [결제 옵션] 페이지로 이동해 주세요. 여기서는 당사가 허용하는 모든 결제 방법에 대한 자세한 설명과 함께 각 결제 방법에 대한 구체적인 지침이나 요구 사항을 확인할 수 있습니다. 페이지를 찾는 데 문제가 있거나 특정 결제 방법에 대해 궁금한 점이 있으면 언제든지 문의해 주세요."", ""허용되는 결제 방법 목록을 쉽게 찾으려면 당사 웹사이트를 방문하여 [결제 방법] 섹션으로 이동해 주세요. 일반적으로 이 정보는 당사 웹사이트의 바닥글이나 [도움말] 또는 [FAQ] 섹션에서 찾을 수 있습니다.""]","[정책 문서 1: 전자상거래_표준약관.pdf]
1. 신청 내용에 허위, 기재누락, 오기가 있는 경우

2. 미성년자가 담배, 주류 등 청소년보호법에서 금지하는 재화 및 용역을 구매하
는 경우

3. 기타 구매신청에 승낙하는 것이 “몰” 기술상 현저히 지장이 있다고 판단하
는 경우

② “몰”의 승낙이 제12조제1항의 수신확인통지형태로 이용자에게 도달한 시점에
계약이 성립한 것으로 봅니다.

③ “몰”의 승낙의 의사표시에는 이용자의 구매 신청에 대한 확인 및 판매가능 여
부, 구매신청의 정정 취소 등에 관한 정보 등을 포함하여야 합니다.

제11조(지급방법) “몰”에서 구매한 재화 또는 용역에 대한 대금지급방법은 다음
각 호의 방법중 가용한 방법으로 할 수 있습니다. 단, “몰”은 이용자의 지급방법
에 대하여 재화 등의 대금에 어떠한 명목의 수수료도 추가하여 징수할 수 없습니
다.

1. 폰뱅킹, 인터넷뱅킹, 메일 뱅킹 등의 각종 계좌이체

2. 선불카드, 직불카드, 신용카드 등의 각종 카드 결제

3. 온라인무통장입금

[정책 문서 2: 전자상거래_표준약관.pdf]
2. 선불카드, 직불카드, 신용카드 등의 각종 카드 결제

3. 온라인무통장입금

4. 전자화폐에 의한 결제

5. 수령 시 대금지급

6. 마일리지 등 “몰”이 지급한 포인트에 의한 결제
7. “몰”과 계약을 맺었거나 “몰”이 인정한 상품권에 의한 결제 

8. 기타 전자적 지급 방법에 의한 대금 지급 등

제12조(수신확인통지 ․ 구매신청 변경 및 취소)

① “몰”은 이용자의 구매신청이 있는 경우 이용자에게 수신확인통지를 합니다.

② 수신확인통지를 받은 이용자는 의사표시의 불일치 등이 있는 경우에는 수신확인
통지를 받은 후 즉시 구매신청 변경 및 취소를 요청할 수 있고 “몰”은 배송 전
에 이용자의 요청이 있는 경우에는 지체 없이 그 요청에 따라 처리하여야 합니
다. 다만 이미 대금을 지불한 경우에는 제15조의 청약철회 등에 관한 규정에 따
릅니다.

제13조(재화 등의 공급)

[정책 문서 3: 쇼핑몰 이용약관 및 운영정책.pdf]
2. 결제 정책 (Payment Policy)

2.1 지원 결제 수단
신용/체크카드: 국내외 주요 카드사 승인 지원 (전자결제 PG사 연동)
간편결제: 네이버페이, 카카오페이, 토스페이, 페이코 등
실시간 계좌이체 및 가상계좌: 본인 명의 계좌를 통한 이체 및 주문별 전용 계좌 발급
포인트 및 쿠폰: 회사 규정에 따라 발급된 적립금 및 할인 쿠폰 복합 사용 가능

2.2 가상계좌(무통장입금) 입금 기한 및 오입금 처리
주의
가상계좌 입금 유의사항
· 입금 유효 기간: 발급 시점으로부터 24시간 이내에 입금해야 하며, 미입금 시 주문은 자동 취소됩니다.
· 오입금 처리: 주문 금액과 실제 입금액이 불일치하거나 입금자명이 다른 경우 자동 처리되지 않으므로, 입금증을 첨부하여 고객센터로 수동 확인을 요청해야 합니다.",11.3561
336,결제,결제 수단 확인,허용되는 결제 방식을 확인할 수 있나요?,"허용되는 결제 방식을 안내해 드리겠습니다. 저희는 고객님의 선호도에 맞춰 다양한 옵션을 제공합니다. 사용 가능한 결제 방법은 다음과 같습니다. - 신용/체크카드: 국내외 주요 카드사의 카드로 결제하실 수 있습니다. - 간편결제: 네이버페이, 카카오페이, 토스페이, 페이코 등을 이용하실 수 있습니다. - 실시간 계좌이체 및 가상계좌: 본인 명의 계좌로 이체하거나 주문별 전용 계좌로 입금하실 수 있습니다. - 포인트 및 쿠폰: 회사 규정에 따라 발급된 적립금과 할인 쿠폰을 함께 사용하실 수 있습니다.","[""사용 가능한 결제 방법을 안내해 드리겠습니다. 올바른 방향을 알려 주시기 바랍니다. 허용되는 결제 방식을 확인하려면 당사 웹사이트를 방문하여 결제 섹션으로 이동해 주세요. 여기에서 당사가 허용하는 모든 결제 방법의 세부 목록을 확인할 수 있습니다.""]","[정책 문서 1: 전자상거래_표준약관.pdf]
2. 선불카드, 직불카드, 신용카드 등의 각종 카드 결제

3. 온라인무통장입금

4. 전자화폐에 의한 결제

5. 수령 시 대금지급

6. 마일리지 등 “몰”이 지급한 포인트에 의한 결제
7. “몰”과 계약을 맺었거나 “몰”이 인정한 상품권에 의한 결제 

8. 기타 전자적 지급 방법에 의한 대금 지급 등

제12조(수신확인통지 ․ 구매신청 변경 및 취소)

① “몰”은 이용자의 구매신청이 있는 경우 이용자에게 수신확인통지를 합니다.

② 수신확인통지를 받은 이용자는 의사표시의 불일치 등이 있는 경우에는 수신확인
통지를 받은 후 즉시 구매신청 변경 및 취소를 요청할 수 있고 “몰”은 배송 전
에 이용자의 요청이 있는 경우에는 지체 없이 그 요청에 따라 처리하여야 합니
다. 다만 이미 대금을 지불한 경우에는 제15조의 청약철회 등에 관한 규정에 따
릅니다.

제13조(재화 등의 공급)

[정책 문서 2: 전자상거래_표준약관.pdf]
1. 신청 내용에 허위, 기재누락, 오기가 있는 경우

2. 미성년자가 담배, 주류 등 청소년보호법에서 금지하는 재화 및 용역을 구매하
는 경우

3. 기타 구매신청에 승낙하는 것이 “몰” 기술상 현저히 지장이 있다고 판단하
는 경우

② “몰”의 승낙이 제12조제1항의 수신확인통지형태로 이용자에게 도달한 시점에
계약이 성립한 것으로 봅니다.

③ “몰”의 승낙의 의사표시에는 이용자의 구매 신청에 대한 확인 및 판매가능 여
부, 구매신청의 정정 취소 등에 관한 정보 등을 포함하여야 합니다.

제11조(지급방법) “몰”에서 구매한 재화 또는 용역에 대한 대금지급방법은 다음
각 호의 방법중 가용한 방법으로 할 수 있습니다. 단, “몰”은 이용자의 지급방법
에 대하여 재화 등의 대금에 어떠한 명목의 수수료도 추가하여 징수할 수 없습니
다.

1. 폰뱅킹, 인터넷뱅킹, 메일 뱅킹 등의 각종 계좌이체

2. 선불카드, 직불카드, 신용카드 등의 각종 카드 결제

3. 온라인무통장입금

[정책 문서 3: 쇼핑몰 이용약관 및 운영정책.pdf]
2. 결제 정책 (Payment Policy)

2.1 지원 결제 수단
신용/체크카드: 국내외 주요 카드사 승인 지원 (전자결제 PG사 연동)
간편결제: 네이버페이, 카카오페이, 토스페이, 페이코 등
실시간 계좌이체 및 가상계좌: 본인 명의 계좌를 통한 이체 및 주문별 전용 계좌 발급
포인트 및 쿠폰: 회사 규정에 따라 발급된 적립금 및 할인 쿠폰 복합 사용 가능

2.2 가상계좌(무통장입금) 입금 기한 및 오입금 처리
주의
가상계좌 입금 유의사항
· 입금 유효 기간: 발급 시점으로부터 24시간 이내에 입금해야 하며, 미입금 시 주문은 자동 취소됩니다.
· 오입금 처리: 주문 금액과 실제 입금액이 불일치하거나 입금자명이 다른 경우 자동 처리되지 않으므로, 입금증을 첨부하여 고객센터로 수동 확인을 요청해야 합니다.",23.0825
337,결제,결제 수단 확인,합법적인 결제 옵션을 어떻게 나열할 수 있는지 모르겠습니다.,저희가 제공하는 결제 옵션을 보려면 당사 웹사이트를 방문하여 [결제 방법] 섹션으로 이동해 주세요. 여기에서 당사가 허용하는 결제 방법의 전체 목록을 확인할 수 있습니다.,"[""당사가 허용하는 결제 방법을 보려면 다음의 간단한 단계를 따라 주세요. 1. 당사 웹사이트를 방문하여 [결제 옵션] 섹션으로 이동해 주세요. 2. [결제 방법] 또는 [허용되는 결제 옵션]이라고 표시된 탭이나 메뉴를 찾아 주세요. 3. 탭이나 메뉴를 클릭하면 당사가 제공하는 결제 방법의 전체 목록에 액세스할 수 있습니다.""]","[정책 문서 1: 전자상거래_표준약관.pdf]
2. 선불카드, 직불카드, 신용카드 등의 각종 카드 결제

3. 온라인무통장입금

4. 전자화폐에 의한 결제

5. 수령 시 대금지급

6. 마일리지 등 “몰”이 지급한 포인트에 의한 결제
7. “몰”과 계약을 맺었거나 “몰”이 인정한 상품권에 의한 결제 

8. 기타 전자적 지급 방법에 의한 대금 지급 등

제12조(수신확인통지 ․ 구매신청 변경 및 취소)

① “몰”은 이용자의 구매신청이 있는 경우 이용자에게 수신확인통지를 합니다.

② 수신확인통지를 받은 이용자는 의사표시의 불일치 등이 있는 경우에는 수신확인
통지를 받은 후 즉시 구매신청 변경 및 취소를 요청할 수 있고 “몰”은 배송 전
에 이용자의 요청이 있는 경우에는 지체 없이 그 요청에 따라 처리하여야 합니
다. 다만 이미 대금을 지불한 경우에는 제15조의 청약철회 등에 관한 규정에 따
릅니다.

제13조(재화 등의 공급)

[정책 문서 2: 전자상거래_표준약관.pdf]
1. 신청 내용에 허위, 기재누락, 오기가 있는 경우

2. 미성년자가 담배, 주류 등 청소년보호법에서 금지하는 재화 및 용역을 구매하
는 경우

3. 기타 구매신청에 승낙하는 것이 “몰” 기술상 현저히 지장이 있다고 판단하
는 경우

② “몰”의 승낙이 제12조제1항의 수신확인통지형태로 이용자에게 도달한 시점에
계약이 성립한 것으로 봅니다.

③ “몰”의 승낙의 의사표시에는 이용자의 구매 신청에 대한 확인 및 판매가능 여
부, 구매신청의 정정 취소 등에 관한 정보 등을 포함하여야 합니다.

제11조(지급방법) “몰”에서 구매한 재화 또는 용역에 대한 대금지급방법은 다음
각 호의 방법중 가용한 방법으로 할 수 있습니다. 단, “몰”은 이용자의 지급방법
에 대하여 재화 등의 대금에 어떠한 명목의 수수료도 추가하여 징수할 수 없습니
다.

1. 폰뱅킹, 인터넷뱅킹, 메일 뱅킹 등의 각종 계좌이체

2. 선불카드, 직불카드, 신용카드 등의 각종 카드 결제

3. 온라인무통장입금

[정책 문서 3: 쇼핑몰 이용약관 및 운영정책.pdf]
2. 결제 정책 (Payment Policy)

2.1 지원 결제 수단
신용/체크카드: 국내외 주요 카드사 승인 지원 (전자결제 PG사 연동)
간편결제: 네이버페이, 카카오페이, 토스페이, 페이코 등
실시간 계좌이체 및 가상계좌: 본인 명의 계좌를 통한 이체 및 주문별 전용 계좌 발급
포인트 및 쿠폰: 회사 규정에 따라 발급된 적립금 및 할인 쿠폰 복합 사용 가능

2.2 가상계좌(무통장입금) 입금 기한 및 오입금 처리
주의
가상계좌 입금 유의사항
· 입금 유효 기간: 발급 시점으로부터 24시간 이내에 입금해야 하며, 미입금 시 주문은 자동 취소됩니다.
· 오입금 처리: 주문 금액과 실제 입금액이 불일치하거나 입금자명이 다른 경우 자동 처리되지 않으므로, 입금증을 첨부하여 고객센터로 수동 확인을 요청해야 합니다.",11.9488
338,결제,결제 수단 확인,어떤 결제 방식이 허용되는지 보여줄 수 있나요?,"허용되는 결제 방법을 안내해 드리겠습니다. 저희는 고객님의 선호도에 맞춰 다양한 옵션을 제공합니다. 사용 가능한 결제 방법은 다음과 같습니다. - 신용/체크카드: 국내외 주요 카드사의 카드로 결제하실 수 있습니다. - 간편결제: 네이버페이, 카카오페이, 토스페이, 페이코 등을 이용하실 수 있습니다. - 실시간 계좌이체 및 가상계좌: 본인 명의 계좌로 이체하거나 주문별 전용 계좌로 입금하실 수 있습니다. - 포인트 및 쿠폰: 회사 규정에 따라 발급된 적립금과 할인 쿠폰을 함께 사용하실 수 있습니다.","[""사용 가능한 결제 방법에 대한 개요를 안내해 드리겠습니다. 저희는 고객님의 선호도에 맞춰 다양하고 편리한 옵션을 제공합니다. 당사가 허용하는 결제 방식은 다음과 같습니다. - 신용/체크카드: 국내외 주요 카드사의 카드로 결제하실 수 있습니다. - 간편결제: 네이버페이·카카오페이·토스페이·페이코 등을 지원합니다. - 실시간 계좌이체 및 가상계좌: 본인 명의 계좌 이체 또는 주문별로 발급되는 전용 계좌 입금이 가능합니다. - 적립금 및 쿠폰: 회사 규정에 따라 발급된 적립금과 할인 쿠폰을 사용하실 수 있습니다.""]","[정책 문서 1: 전자상거래_표준약관.pdf]
2. 선불카드, 직불카드, 신용카드 등의 각종 카드 결제

3. 온라인무통장입금

4. 전자화폐에 의한 결제

5. 수령 시 대금지급

6. 마일리지 등 “몰”이 지급한 포인트에 의한 결제
7. “몰”과 계약을 맺었거나 “몰”이 인정한 상품권에 의한 결제 

8. 기타 전자적 지급 방법에 의한 대금 지급 등

제12조(수신확인통지 ․ 구매신청 변경 및 취소)

① “몰”은 이용자의 구매신청이 있는 경우 이용자에게 수신확인통지를 합니다.

② 수신확인통지를 받은 이용자는 의사표시의 불일치 등이 있는 경우에는 수신확인
통지를 받은 후 즉시 구매신청 변경 및 취소를 요청할 수 있고 “몰”은 배송 전
에 이용자의 요청이 있는 경우에는 지체 없이 그 요청에 따라 처리하여야 합니
다. 다만 이미 대금을 지불한 경우에는 제15조의 청약철회 등에 관한 규정에 따
릅니다.

제13조(재화 등의 공급)

[정책 문서 2: 전자상거래_표준약관.pdf]
1. 신청 내용에 허위, 기재누락, 오기가 있는 경우

2. 미성년자가 담배, 주류 등 청소년보호법에서 금지하는 재화 및 용역을 구매하
는 경우

3. 기타 구매신청에 승낙하는 것이 “몰” 기술상 현저히 지장이 있다고 판단하
는 경우

② “몰”의 승낙이 제12조제1항의 수신확인통지형태로 이용자에게 도달한 시점에
계약이 성립한 것으로 봅니다.

③ “몰”의 승낙의 의사표시에는 이용자의 구매 신청에 대한 확인 및 판매가능 여
부, 구매신청의 정정 취소 등에 관한 정보 등을 포함하여야 합니다.

제11조(지급방법) “몰”에서 구매한 재화 또는 용역에 대한 대금지급방법은 다음
각 호의 방법중 가용한 방법으로 할 수 있습니다. 단, “몰”은 이용자의 지급방법
에 대하여 재화 등의 대금에 어떠한 명목의 수수료도 추가하여 징수할 수 없습니
다.

1. 폰뱅킹, 인터넷뱅킹, 메일 뱅킹 등의 각종 계좌이체

2. 선불카드, 직불카드, 신용카드 등의 각종 카드 결제

3. 온라인무통장입금

[정책 문서 3: 쇼핑몰 이용약관 및 운영정책.pdf]
2. 결제 정책 (Payment Policy)

2.1 지원 결제 수단
신용/체크카드: 국내외 주요 카드사 승인 지원 (전자결제 PG사 연동)
간편결제: 네이버페이, 카카오페이, 토스페이, 페이코 등
실시간 계좌이체 및 가상계좌: 본인 명의 계좌를 통한 이체 및 주문별 전용 계좌 발급
포인트 및 쿠폰: 회사 규정에 따라 발급된 적립금 및 할인 쿠폰 복합 사용 가능

2.2 가상계좌(무통장입금) 입금 기한 및 오입금 처리
주의
가상계좌 입금 유의사항
· 입금 유효 기간: 발급 시점으로부터 24시간 이내에 입금해야 하며, 미입금 시 주문은 자동 취소됩니다.
· 오입금 처리: 주문 금액과 실제 입금액이 불일치하거나 입금자명이 다른 경우 자동 처리되지 않으므로, 입금증을 첨부하여 고객센터로 수동 확인을 요청해야 합니다.",23.0841
339,결제,결제 수단 확인,결제 방식 나열,"저희가 제공하는 결제 방법은 다음과 같습니다. - 신용/체크카드: 국내외 주요 카드사의 카드로 결제하실 수 있습니다. - 간편결제: 네이버페이, 카카오페이, 토스페이, 페이코 등을 이용하실 수 있습니다. - 실시간 계좌이체 및 가상계좌: 본인 명의 계좌로 이체하거나 주문별 전용 계좌로 입금하실 수 있습니다. - 포인트 및 쿠폰: 회사 규정에 따라 발급된 적립금과 할인 쿠폰을 함께 사용하실 수 있습니다.","[""결제에 사용할 수 있는 옵션은 다음과 같습니다. - 신용/체크카드: 국내외 주요 카드사 결제를 지원합니다. - 간편결제: 네이버페이·카카오페이·토스페이·페이코 등을 지원합니다. - 실시간 계좌이체 및 가상계좌: 본인 명의 계좌 이체 또는 주문별로 발급되는 전용 계좌 입금이 가능합니다. - 적립금 및 쿠폰: 보유하신 적립금과 할인 쿠폰을 결제에 함께 사용하실 수 있습니다. 이는 소중한 고객에게 유연성과 편리함을 제공하기 위해 고안된 기본 결제 방법입니다. 저희는 고객님이 원활하고 원활한 결제 경험을 누릴 수 있도록 최선을 다하고 있습니다.""]","[정책 문서 1: 전자상거래_표준약관.pdf]
2. 선불카드, 직불카드, 신용카드 등의 각종 카드 결제

3. 온라인무통장입금

4. 전자화폐에 의한 결제

5. 수령 시 대금지급

6. 마일리지 등 “몰”이 지급한 포인트에 의한 결제
7. “몰”과 계약을 맺었거나 “몰”이 인정한 상품권에 의한 결제 

8. 기타 전자적 지급 방법에 의한 대금 지급 등

제12조(수신확인통지 ․ 구매신청 변경 및 취소)

① “몰”은 이용자의 구매신청이 있는 경우 이용자에게 수신확인통지를 합니다.

② 수신확인통지를 받은 이용자는 의사표시의 불일치 등이 있는 경우에는 수신확인
통지를 받은 후 즉시 구매신청 변경 및 취소를 요청할 수 있고 “몰”은 배송 전
에 이용자의 요청이 있는 경우에는 지체 없이 그 요청에 따라 처리하여야 합니
다. 다만 이미 대금을 지불한 경우에는 제15조의 청약철회 등에 관한 규정에 따
릅니다.

제13조(재화 등의 공급)

[정책 문서 2: 전자상거래_표준약관.pdf]
1. 신청 내용에 허위, 기재누락, 오기가 있는 경우

2. 미성년자가 담배, 주류 등 청소년보호법에서 금지하는 재화 및 용역을 구매하
는 경우

3. 기타 구매신청에 승낙하는 것이 “몰” 기술상 현저히 지장이 있다고 판단하
는 경우

② “몰”의 승낙이 제12조제1항의 수신확인통지형태로 이용자에게 도달한 시점에
계약이 성립한 것으로 봅니다.

③ “몰”의 승낙의 의사표시에는 이용자의 구매 신청에 대한 확인 및 판매가능 여
부, 구매신청의 정정 취소 등에 관한 정보 등을 포함하여야 합니다.

제11조(지급방법) “몰”에서 구매한 재화 또는 용역에 대한 대금지급방법은 다음
각 호의 방법중 가용한 방법으로 할 수 있습니다. 단, “몰”은 이용자의 지급방법
에 대하여 재화 등의 대금에 어떠한 명목의 수수료도 추가하여 징수할 수 없습니
다.

1. 폰뱅킹, 인터넷뱅킹, 메일 뱅킹 등의 각종 계좌이체

2. 선불카드, 직불카드, 신용카드 등의 각종 카드 결제

3. 온라인무통장입금

[정책 문서 3: 쇼핑몰 이용약관 및 운영정책.pdf]
2. 결제 정책 (Payment Policy)

2.1 지원 결제 수단
신용/체크카드: 국내외 주요 카드사 승인 지원 (전자결제 PG사 연동)
간편결제: 네이버페이, 카카오페이, 토스페이, 페이코 등
실시간 계좌이체 및 가상계좌: 본인 명의 계좌를 통한 이체 및 주문별 전용 계좌 발급
포인트 및 쿠폰: 회사 규정에 따라 발급된 적립금 및 할인 쿠폰 복합 사용 가능

2.2 가상계좌(무통장입금) 입금 기한 및 오입금 처리
주의
가상계좌 입금 유의사항
· 입금 유효 기간: 발급 시점으로부터 24시간 이내에 입금해야 하며, 미입금 시 주문은 자동 취소됩니다.
· 오입금 처리: 주문 금액과 실제 입금액이 불일치하거나 입금자명이 다른 경우 자동 처리되지 않으므로, 입금증을 첨부하여 고객센터로 수동 확인을 요청해야 합니다.",19.5758
340,결제,결제 수단 확인,허용되는 결제 옵션을 알려주세요,"허용되는 결제 옵션을 안내해 드리겠습니다. 저희는 고객님의 선호도에 맞춰 다양한 결제 방법을 제공합니다. 사용 가능한 결제 옵션은 다음과 같습니다. - 신용/체크카드: 국내외 주요 카드사의 카드로 결제하실 수 있습니다. - 간편결제: 네이버페이, 카카오페이, 토스페이, 페이코 등을 이용하실 수 있습니다. - 실시간 계좌이체 및 가상계좌: 본인 명의 계좌로 이체하거나 주문별 전용 계좌로 입금하실 수 있습니다. - 포인트 및 쿠폰: 회사 규정에 따라 발급된 적립금과 할인 쿠폰을 함께 사용하실 수 있습니다.","[""저희 회사는 고객의 선호도에 맞춰 다양하고 편리하고 안전한 방법을 제공합니다. 다음 결제 옵션 중에서 선택할 수 있습니다. 1. 신용/체크카드: 국내외 주요 카드사 결제를 지원합니다. 2. 간편결제: 네이버페이, 카카오페이, 토스페이, 페이코 등으로 간편하게 결제하실 수 있습니다. 3. 실시간 계좌이체 및 가상계좌: 본인 명의 계좌 이체 또는 주문별로 발급되는 전용 계좌 입금이 가능합니다. 4. 적립금 및 쿠폰: 보유하신 적립금과 할인 쿠폰을 결제에 함께 사용하실 수 있습니다. 이러한 결제 옵션의 사용 가능 여부는 고객님의 지역에 따라 다를 수 있습니다."", ""다음은 당사가 허용하는 결제 방법의 전체 목록입니다. - 신용/체크카드: 국내외 주요 카드사 결제를 지원합니다. - 간편결제: 네이버페이, 카카오페이, 토스페이, 페이코 등을 이용하실 수 있습니다. - 실시간 계좌이체 및 가상계좌: 본인 명의 계좌로 이체하거나 주문별 전용 계좌로 입금하실 수 있습니다. - 적립금 및 쿠폰: 발급된 적립금과 할인 쿠폰을 함께 사용하실 수 있습니다. 이러한 결제 옵션은 다양한 고객의 요구를 충족할 수 있는 유연성을 제공합니다.""]","[정책 문서 1: 쇼핑몰 이용약관 및 운영정책.pdf]
2. 결제 정책 (Payment Policy)

2.1 지원 결제 수단
신용/체크카드: 국내외 주요 카드사 승인 지원 (전자결제 PG사 연동)
간편결제: 네이버페이, 카카오페이, 토스페이, 페이코 등
실시간 계좌이체 및 가상계좌: 본인 명의 계좌를 통한 이체 및 주문별 전용 계좌 발급
포인트 및 쿠폰: 회사 규정에 따라 발급된 적립금 및 할인 쿠폰 복합 사용 가능

2.2 가상계좌(무통장입금) 입금 기한 및 오입금 처리
주의
가상계좌 입금 유의사항
· 입금 유효 기간: 발급 시점으로부터 24시간 이내에 입금해야 하며, 미입금 시 주문은 자동 취소됩니다.
· 오입금 처리: 주문 금액과 실제 입금액이 불일치하거나 입금자명이 다른 경우 자동 처리되지 않으므로, 입금증을 첨부하여 고객센터로 수동 확인을 요청해야 합니다.

[정책 문서 2: 전자상거래_표준약관.pdf]
2. 선불카드, 직불카드, 신용카드 등의 각종 카드 결제

3. 온라인무통장입금

4. 전자화폐에 의한 결제

5. 수령 시 대금지급

6. 마일리지 등 “몰”이 지급한 포인트에 의한 결제
7. “몰”과 계약을 맺었거나 “몰”이 인정한 상품권에 의한 결제 

8. 기타 전자적 지급 방법에 의한 대금 지급 등

제12조(수신확인통지 ․ 구매신청 변경 및 취소)

① “몰”은 이용자의 구매신청이 있는 경우 이용자에게 수신확인통지를 합니다.

② 수신확인통지를 받은 이용자는 의사표시의 불일치 등이 있는 경우에는 수신확인
통지를 받은 후 즉시 구매신청 변경 및 취소를 요청할 수 있고 “몰”은 배송 전
에 이용자의 요청이 있는 경우에는 지체 없이 그 요청에 따라 처리하여야 합니
다. 다만 이미 대금을 지불한 경우에는 제15조의 청약철회 등에 관한 규정에 따
릅니다.

제13조(재화 등의 공급)

[정책 문서 3: 전자상거래_표준약관.pdf]
1. 신청 내용에 허위, 기재누락, 오기가 있는 경우

2. 미성년자가 담배, 주류 등 청소년보호법에서 금지하는 재화 및 용역을 구매하
는 경우

3. 기타 구매신청에 승낙하는 것이 “몰” 기술상 현저히 지장이 있다고 판단하
는 경우

② “몰”의 승낙이 제12조제1항의 수신확인통지형태로 이용자에게 도달한 시점에
계약이 성립한 것으로 봅니다.

③ “몰”의 승낙의 의사표시에는 이용자의 구매 신청에 대한 확인 및 판매가능 여
부, 구매신청의 정정 취소 등에 관한 정보 등을 포함하여야 합니다.

제11조(지급방법) “몰”에서 구매한 재화 또는 용역에 대한 대금지급방법은 다음
각 호의 방법중 가용한 방법으로 할 수 있습니다. 단, “몰”은 이용자의 지급방법
에 대하여 재화 등의 대금에 어떠한 명목의 수수료도 추가하여 징수할 수 없습니
다.

1. 폰뱅킹, 인터넷뱅킹, 메일 뱅킹 등의 각종 계좌이체

2. 선불카드, 직불카드, 신용카드 등의 각종 카드 결제

3. 온라인무통장입금",22.7711
341,결제,결제 수단 확인,허용되는 결제 옵션을 나열해야 합니다. 도와주실 수 있나요?,"허용되는 결제 옵션을 안내해 드리겠습니다. 저희는 고객님의 선호도에 맞춰 다양하고 편리한 방법을 제공합니다. 허용되는 결제 옵션은 다음과 같습니다. - 신용/체크카드: 국내외 주요 카드사의 카드로 결제하실 수 있습니다. - 간편결제: 네이버페이, 카카오페이, 토스페이, 페이코 등을 이용하실 수 있습니다. - 실시간 계좌이체 및 가상계좌: 본인 명의 계좌로 이체하거나 주문별 전용 계좌로 입금하실 수 있습니다. - 포인트 및 쿠폰: 회사 규정에 따라 발급된 적립금과 할인 쿠폰을 함께 사용하실 수 있습니다.","[""저는 고객님께 필요한 정보를 제공해 드리겠습니다. 저희가 제공하는 다양한 결제 옵션을 살펴보겠습니다. - 신용/체크카드: 국내외 주요 카드사의 카드로 결제하실 수 있습니다. - 간편결제: 네이버페이·카카오페이·토스페이·페이코 등을 지원합니다. - 실시간 계좌이체 및 가상계좌: 본인 명의 계좌로 이체하거나 주문별 전용 계좌로 입금하실 수 있습니다. - 적립금 및 쿠폰: 발급된 적립금과 할인 쿠폰을 함께 사용하실 수 있습니다. 다음은 저희가 사용할 수 있는 결제 옵션 중 일부에 불과합니다.""]","[정책 문서 1: 전자상거래_표준약관.pdf]
2. 선불카드, 직불카드, 신용카드 등의 각종 카드 결제

3. 온라인무통장입금

4. 전자화폐에 의한 결제

5. 수령 시 대금지급

6. 마일리지 등 “몰”이 지급한 포인트에 의한 결제
7. “몰”과 계약을 맺었거나 “몰”이 인정한 상품권에 의한 결제 

8. 기타 전자적 지급 방법에 의한 대금 지급 등

제12조(수신확인통지 ․ 구매신청 변경 및 취소)

① “몰”은 이용자의 구매신청이 있는 경우 이용자에게 수신확인통지를 합니다.

② 수신확인통지를 받은 이용자는 의사표시의 불일치 등이 있는 경우에는 수신확인
통지를 받은 후 즉시 구매신청 변경 및 취소를 요청할 수 있고 “몰”은 배송 전
에 이용자의 요청이 있는 경우에는 지체 없이 그 요청에 따라 처리하여야 합니
다. 다만 이미 대금을 지불한 경우에는 제15조의 청약철회 등에 관한 규정에 따
릅니다.

제13조(재화 등의 공급)

[정책 문서 2: 쇼핑몰 이용약관 및 운영정책.pdf]
2. 결제 정책 (Payment Policy)

2.1 지원 결제 수단
신용/체크카드: 국내외 주요 카드사 승인 지원 (전자결제 PG사 연동)
간편결제: 네이버페이, 카카오페이, 토스페이, 페이코 등
실시간 계좌이체 및 가상계좌: 본인 명의 계좌를 통한 이체 및 주문별 전용 계좌 발급
포인트 및 쿠폰: 회사 규정에 따라 발급된 적립금 및 할인 쿠폰 복합 사용 가능

2.2 가상계좌(무통장입금) 입금 기한 및 오입금 처리
주의
가상계좌 입금 유의사항
· 입금 유효 기간: 발급 시점으로부터 24시간 이내에 입금해야 하며, 미입금 시 주문은 자동 취소됩니다.
· 오입금 처리: 주문 금액과 실제 입금액이 불일치하거나 입금자명이 다른 경우 자동 처리되지 않으므로, 입금증을 첨부하여 고객센터로 수동 확인을 요청해야 합니다.

[정책 문서 3: 전자상거래_표준약관.pdf]
1. 신청 내용에 허위, 기재누락, 오기가 있는 경우

2. 미성년자가 담배, 주류 등 청소년보호법에서 금지하는 재화 및 용역을 구매하
는 경우

3. 기타 구매신청에 승낙하는 것이 “몰” 기술상 현저히 지장이 있다고 판단하
는 경우

② “몰”의 승낙이 제12조제1항의 수신확인통지형태로 이용자에게 도달한 시점에
계약이 성립한 것으로 봅니다.

③ “몰”의 승낙의 의사표시에는 이용자의 구매 신청에 대한 확인 및 판매가능 여
부, 구매신청의 정정 취소 등에 관한 정보 등을 포함하여야 합니다.

제11조(지급방법) “몰”에서 구매한 재화 또는 용역에 대한 대금지급방법은 다음
각 호의 방법중 가용한 방법으로 할 수 있습니다. 단, “몰”은 이용자의 지급방법
에 대하여 재화 등의 대금에 어떠한 명목의 수수료도 추가하여 징수할 수 없습니
다.

1. 폰뱅킹, 인터넷뱅킹, 메일 뱅킹 등의 각종 계좌이체

2. 선불카드, 직불카드, 신용카드 등의 각종 카드 결제

3. 온라인무통장입금",22.7151
342,결제,결제 수단 확인,어떤 결제 옵션이 허용되는지 알고 싶습니다. 도와주세요.,"허용되는 결제 옵션은 다음과 같습니다. - 신용/체크카드: 국내외 주요 카드사의 카드로 결제하실 수 있습니다. - 간편결제: 네이버페이, 카카오페이, 토스페이, 페이코 등을 이용하실 수 있습니다. - 실시간 계좌이체 및 가상계좌: 본인 명의 계좌로 이체하거나 주문별 전용 계좌로 입금하실 수 있습니다. - 포인트 및 쿠폰: 회사 규정에 따라 발급된 적립금과 할인 쿠폰을 함께 사용하실 수 있습니다.","[""저희가 허용하는 결제 옵션을 안내해 드리겠습니다. 고객에게 다양하고 편리한 결제 수단을 제공하는 것은 원활하고 즐거운 쇼핑 경험을 보장하는 데 필수적입니다. 현재 허용되는 결제 옵션은 다음과 같습니다. - 신용/체크카드: 국내외 주요 카드를 사용하실 수 있습니다. - 간편결제: 네이버페이, 카카오페이, 토스페이, 페이코 등을 이용하실 수 있습니다. - 실시간 계좌이체 및 가상계좌: 본인 명의 계좌 이체 또는 주문별로 발급되는 전용 계좌 입금이 가능합니다. - 적립금 및 쿠폰: 발급된 적립금과 할인 쿠폰을 함께 사용하실 수 있습니다.""]","[정책 문서 1: 쇼핑몰 이용약관 및 운영정책.pdf]
2. 결제 정책 (Payment Policy)

2.1 지원 결제 수단
신용/체크카드: 국내외 주요 카드사 승인 지원 (전자결제 PG사 연동)
간편결제: 네이버페이, 카카오페이, 토스페이, 페이코 등
실시간 계좌이체 및 가상계좌: 본인 명의 계좌를 통한 이체 및 주문별 전용 계좌 발급
포인트 및 쿠폰: 회사 규정에 따라 발급된 적립금 및 할인 쿠폰 복합 사용 가능

2.2 가상계좌(무통장입금) 입금 기한 및 오입금 처리
주의
가상계좌 입금 유의사항
· 입금 유효 기간: 발급 시점으로부터 24시간 이내에 입금해야 하며, 미입금 시 주문은 자동 취소됩니다.
· 오입금 처리: 주문 금액과 실제 입금액이 불일치하거나 입금자명이 다른 경우 자동 처리되지 않으므로, 입금증을 첨부하여 고객센터로 수동 확인을 요청해야 합니다.

[정책 문서 2: 전자상거래_표준약관.pdf]
2. 선불카드, 직불카드, 신용카드 등의 각종 카드 결제

3. 온라인무통장입금

4. 전자화폐에 의한 결제

5. 수령 시 대금지급

6. 마일리지 등 “몰”이 지급한 포인트에 의한 결제
7. “몰”과 계약을 맺었거나 “몰”이 인정한 상품권에 의한 결제 

8. 기타 전자적 지급 방법에 의한 대금 지급 등

제12조(수신확인통지 ․ 구매신청 변경 및 취소)

① “몰”은 이용자의 구매신청이 있는 경우 이용자에게 수신확인통지를 합니다.

② 수신확인통지를 받은 이용자는 의사표시의 불일치 등이 있는 경우에는 수신확인
통지를 받은 후 즉시 구매신청 변경 및 취소를 요청할 수 있고 “몰”은 배송 전
에 이용자의 요청이 있는 경우에는 지체 없이 그 요청에 따라 처리하여야 합니
다. 다만 이미 대금을 지불한 경우에는 제15조의 청약철회 등에 관한 규정에 따
릅니다.

제13조(재화 등의 공급)

[정책 문서 3: 전자상거래_표준약관.pdf]
1. 신청 내용에 허위, 기재누락, 오기가 있는 경우

2. 미성년자가 담배, 주류 등 청소년보호법에서 금지하는 재화 및 용역을 구매하
는 경우

3. 기타 구매신청에 승낙하는 것이 “몰” 기술상 현저히 지장이 있다고 판단하
는 경우

② “몰”의 승낙이 제12조제1항의 수신확인통지형태로 이용자에게 도달한 시점에
계약이 성립한 것으로 봅니다.

③ “몰”의 승낙의 의사표시에는 이용자의 구매 신청에 대한 확인 및 판매가능 여
부, 구매신청의 정정 취소 등에 관한 정보 등을 포함하여야 합니다.

제11조(지급방법) “몰”에서 구매한 재화 또는 용역에 대한 대금지급방법은 다음
각 호의 방법중 가용한 방법으로 할 수 있습니다. 단, “몰”은 이용자의 지급방법
에 대하여 재화 등의 대금에 어떠한 명목의 수수료도 추가하여 징수할 수 없습니
다.

1. 폰뱅킹, 인터넷뱅킹, 메일 뱅킹 등의 각종 계좌이체

2. 선불카드, 직불카드, 신용카드 등의 각종 카드 결제

3. 온라인무통장입금",19.4612
343,결제,결제 수단 확인,결제 방식을 나열해야 합니다. 도와주세요.,"저희가 제공하는 결제 방법은 다음과 같습니다. - 신용/체크카드: 국내외 주요 카드사의 카드로 결제하실 수 있습니다. - 간편결제: 네이버페이, 카카오페이, 토스페이, 페이코 등을 이용하실 수 있습니다. - 실시간 계좌이체 및 가상계좌: 본인 명의 계좌로 이체하거나 주문별 전용 계좌로 입금하실 수 있습니다. - 포인트 및 쿠폰: 회사 규정에 따라 발급된 적립금과 할인 쿠폰을 함께 사용하실 수 있습니다.","[""저희 회사에서는 소중한 고객의 편의를 보장하기 위해 다양한 옵션을 제공하는 것이 중요하다는 것을 이해하고 있습니다. 다음은 허용되는 결제 방식의 전체 목록입니다. 1. 신용/체크카드: 국내외 주요 카드사의 카드로 결제하실 수 있습니다. 2. 간편결제: 네이버페이, 카카오페이, 토스페이, 페이코 등으로 간편하게 결제하실 수 있습니다. 3. 실시간 계좌이체 및 가상계좌: 본인 명의 계좌에서 이체하거나, 주문마다 발급되는 가상계좌로 입금하실 수 있습니다. 4. 적립금 및 쿠폰: 발급된 적립금과 할인 쿠폰을 함께 사용하실 수 있습니다. 특정 결제 방법의 사용 가능 여부는 고객님의 지역에 따라 다를 수 있습니다."", ""다음은 저희가 제공하는 다양한 옵션에 대한 간략한 개요입니다. - 신용/체크카드: 국내외 주요 카드사의 카드로 결제하실 수 있습니다. - 간편결제: 네이버페이·카카오페이·토스페이·페이코 등을 지원합니다. - 실시간 계좌이체 및 가상계좌: 본인 명의 계좌에서 이체하거나, 주문마다 발급되는 가상계좌로 입금하실 수 있습니다. - 적립금 및 쿠폰: 보유하신 적립금과 할인 쿠폰을 결제에 함께 사용하실 수 있습니다. 이는 저희가 사용할 수 있는 결제 방식 중 일부에 불과합니다. 제가 이 과정을 안내하고 도와드리겠습니다!""]","[정책 문서 1: 전자상거래_표준약관.pdf]
1. 신청 내용에 허위, 기재누락, 오기가 있는 경우

2. 미성년자가 담배, 주류 등 청소년보호법에서 금지하는 재화 및 용역을 구매하
는 경우

3. 기타 구매신청에 승낙하는 것이 “몰” 기술상 현저히 지장이 있다고 판단하
는 경우

② “몰”의 승낙이 제12조제1항의 수신확인통지형태로 이용자에게 도달한 시점에
계약이 성립한 것으로 봅니다.

③ “몰”의 승낙의 의사표시에는 이용자의 구매 신청에 대한 확인 및 판매가능 여
부, 구매신청의 정정 취소 등에 관한 정보 등을 포함하여야 합니다.

제11조(지급방법) “몰”에서 구매한 재화 또는 용역에 대한 대금지급방법은 다음
각 호의 방법중 가용한 방법으로 할 수 있습니다. 단, “몰”은 이용자의 지급방법
에 대하여 재화 등의 대금에 어떠한 명목의 수수료도 추가하여 징수할 수 없습니
다.

1. 폰뱅킹, 인터넷뱅킹, 메일 뱅킹 등의 각종 계좌이체

2. 선불카드, 직불카드, 신용카드 등의 각종 카드 결제

3. 온라인무통장입금

[정책 문서 2: 전자상거래_표준약관.pdf]
2. 선불카드, 직불카드, 신용카드 등의 각종 카드 결제

3. 온라인무통장입금

4. 전자화폐에 의한 결제

5. 수령 시 대금지급

6. 마일리지 등 “몰”이 지급한 포인트에 의한 결제
7. “몰”과 계약을 맺었거나 “몰”이 인정한 상품권에 의한 결제 

8. 기타 전자적 지급 방법에 의한 대금 지급 등

제12조(수신확인통지 ․ 구매신청 변경 및 취소)

① “몰”은 이용자의 구매신청이 있는 경우 이용자에게 수신확인통지를 합니다.

② 수신확인통지를 받은 이용자는 의사표시의 불일치 등이 있는 경우에는 수신확인
통지를 받은 후 즉시 구매신청 변경 및 취소를 요청할 수 있고 “몰”은 배송 전
에 이용자의 요청이 있는 경우에는 지체 없이 그 요청에 따라 처리하여야 합니
다. 다만 이미 대금을 지불한 경우에는 제15조의 청약철회 등에 관한 규정에 따
릅니다.

제13조(재화 등의 공급)

[정책 문서 3: 쇼핑몰 이용약관 및 운영정책.pdf]
2. 결제 정책 (Payment Policy)

2.1 지원 결제 수단
신용/체크카드: 국내외 주요 카드사 승인 지원 (전자결제 PG사 연동)
간편결제: 네이버페이, 카카오페이, 토스페이, 페이코 등
실시간 계좌이체 및 가상계좌: 본인 명의 계좌를 통한 이체 및 주문별 전용 계좌 발급
포인트 및 쿠폰: 회사 규정에 따라 발급된 적립금 및 할인 쿠폰 복합 사용 가능

2.2 가상계좌(무통장입금) 입금 기한 및 오입금 처리
주의
가상계좌 입금 유의사항
· 입금 유효 기간: 발급 시점으로부터 24시간 이내에 입금해야 하며, 미입금 시 주문은 자동 취소됩니다.
· 오입금 처리: 주문 금액과 실제 입금액이 불일치하거나 입금자명이 다른 경우 자동 처리되지 않으므로, 입금증을 첨부하여 고객센터로 수동 확인을 요청해야 합니다.",19.5374
344,결제,결제 수단 확인,고객님이 수락하는 결제 옵션을 확인하는 데 도움이 됩니다.,"저희가 허용하는 결제 옵션을 안내해 드리겠습니다. 저희는 고객님의 선호도에 맞춰 다양하고 편리한 방법을 제공합니다. 허용되는 결제 방법은 다음과 같습니다. - 신용/체크카드: 국내외 주요 카드사 결제를 지원합니다. - 간편결제: 네이버페이, 카카오페이, 토스페이, 페이코 등을 이용하실 수 있습니다. - 실시간 계좌이체 및 가상계좌: 본인 명의 계좌 이체 또는 주문별로 발급되는 전용 계좌 입금이 가능합니다. - 적립금 및 쿠폰: 회사 규정에 따라 발급된 적립금과 할인 쿠폰을 사용하실 수 있습니다.","[""저희가 허용하는 결제 옵션을 안내해 드리겠습니다. 저희 회사에서는 고객님의 선호도에 맞춰 다양하고 편리한 결제 방법을 제공하고 있습니다. 현재 허용되는 결제 옵션 목록은 다음과 같습니다. - 신용/체크카드: 국내외 주요 카드를 사용하실 수 있습니다. - 간편결제: 네이버페이·카카오페이·토스페이·페이코 등을 지원합니다. - 실시간 계좌이체 및 가상계좌: 본인 명의 계좌에서 이체하거나, 주문마다 발급되는 가상계좌로 입금하실 수 있습니다. - 적립금 및 쿠폰: 보유하신 적립금과 할인 쿠폰을 결제에 함께 사용하실 수 있습니다. 다음은 저희가 사용할 수 있는 결제 옵션 중 일부에 불과합니다.""]","[정책 문서 1: 쇼핑몰 이용약관 및 운영정책.pdf]
TIP
결제 오류 관련 팁 (RAG 응답 기준)
""결제가 안 돼요""라는 문의는 먼저 실제 결제/주문 완료 여부부터 확인하도록 안내하고, 이중 결제가 의심되는 경우 임의로 환불을 약속하지 말고 승인 내역 확인 절차부터 안내합니
다.

[정책 문서 2: 전자상거래_표준약관.pdf]
2. 선불카드, 직불카드, 신용카드 등의 각종 카드 결제

3. 온라인무통장입금

4. 전자화폐에 의한 결제

5. 수령 시 대금지급

6. 마일리지 등 “몰”이 지급한 포인트에 의한 결제
7. “몰”과 계약을 맺었거나 “몰”이 인정한 상품권에 의한 결제 

8. 기타 전자적 지급 방법에 의한 대금 지급 등

제12조(수신확인통지 ․ 구매신청 변경 및 취소)

① “몰”은 이용자의 구매신청이 있는 경우 이용자에게 수신확인통지를 합니다.

② 수신확인통지를 받은 이용자는 의사표시의 불일치 등이 있는 경우에는 수신확인
통지를 받은 후 즉시 구매신청 변경 및 취소를 요청할 수 있고 “몰”은 배송 전
에 이용자의 요청이 있는 경우에는 지체 없이 그 요청에 따라 처리하여야 합니
다. 다만 이미 대금을 지불한 경우에는 제15조의 청약철회 등에 관한 규정에 따
릅니다.

제13조(재화 등의 공급)

[정책 문서 3: 전자상거래_표준약관.pdf]
1. 신청 내용에 허위, 기재누락, 오기가 있는 경우

2. 미성년자가 담배, 주류 등 청소년보호법에서 금지하는 재화 및 용역을 구매하
는 경우

3. 기타 구매신청에 승낙하는 것이 “몰” 기술상 현저히 지장이 있다고 판단하
는 경우

② “몰”의 승낙이 제12조제1항의 수신확인통지형태로 이용자에게 도달한 시점에
계약이 성립한 것으로 봅니다.

③ “몰”의 승낙의 의사표시에는 이용자의 구매 신청에 대한 확인 및 판매가능 여
부, 구매신청의 정정 취소 등에 관한 정보 등을 포함하여야 합니다.

제11조(지급방법) “몰”에서 구매한 재화 또는 용역에 대한 대금지급방법은 다음
각 호의 방법중 가용한 방법으로 할 수 있습니다. 단, “몰”은 이용자의 지급방법
에 대하여 재화 등의 대금에 어떠한 명목의 수수료도 추가하여 징수할 수 없습니
다.

1. 폰뱅킹, 인터넷뱅킹, 메일 뱅킹 등의 각종 계좌이체

2. 선불카드, 직불카드, 신용카드 등의 각종 카드 결제

3. 온라인무통장입금",21.3868
345,결제,결제 수단 확인,사용 가능한 결제 옵션은 어떻게 확인하나요?,사용 가능한 결제 옵션을 확인하려면 당사 웹사이트를 방문하여 [결제 방법] 섹션으로 이동해 주세요. 여기에서 당사가 허용하는 결제 방법의 전체 목록을 확인할 수 있습니다.,"[""허용되는 결제 방법을 보려면 당사 웹사이트의 [결제 옵션] 또는 [체크아웃] 페이지를 방문해 주세요. 지원되는 결제 수단은 신용/체크카드, 간편결제(네이버페이·카카오페이·토스페이·페이코 등), 실시간 계좌이체 및 가상계좌, 적립금 및 쿠폰입니다. 고객님의 필요에 가장 편리한 결제 방법을 찾을 수 있도록 도와드리겠습니다.""]","[정책 문서 1: 쇼핑몰 이용약관 및 운영정책.pdf]
2. 결제 정책 (Payment Policy)

2.1 지원 결제 수단
신용/체크카드: 국내외 주요 카드사 승인 지원 (전자결제 PG사 연동)
간편결제: 네이버페이, 카카오페이, 토스페이, 페이코 등
실시간 계좌이체 및 가상계좌: 본인 명의 계좌를 통한 이체 및 주문별 전용 계좌 발급
포인트 및 쿠폰: 회사 규정에 따라 발급된 적립금 및 할인 쿠폰 복합 사용 가능

2.2 가상계좌(무통장입금) 입금 기한 및 오입금 처리
주의
가상계좌 입금 유의사항
· 입금 유효 기간: 발급 시점으로부터 24시간 이내에 입금해야 하며, 미입금 시 주문은 자동 취소됩니다.
· 오입금 처리: 주문 금액과 실제 입금액이 불일치하거나 입금자명이 다른 경우 자동 처리되지 않으므로, 입금증을 첨부하여 고객센터로 수동 확인을 요청해야 합니다.

[정책 문서 2: 쇼핑몰 이용약관 및 운영정책.pdf]
2.4 결제 오류 및 실패 처리
결제 시도 중 오류(승인 거절, 먹통, 응답 지연 등)가 발생한 경우, 우선 [마이페이지 > 주문내역]에서 실제 결제 완료 여부를 확인해야 합니다.
이중 결제(중복 승인): 동일 주문에 대해 결제가 두 번 승인된 경우, 시스템이 익영업일 이내 자동 취소 처리하며 카드사 승인 취소 내역으로 확인할 수 있습니다. 자동 취소가
지연되면 승인 내역을 첨부하여 고객센터로 문의해야 합니다.
결제 실패(승인 거절): 카드 한도 초과, 카드사 보안 정책, 입력 정보 오류 등이 주요 원인이며, 카드사 확인이 우선이고 해결되지 않으면 다른 결제 수단으로 재시도를 안내
합니다.
오류 신고: 반복적인 결제 오류는 오류 발생 시각, 사용 결제수단, 오류 메시지 화면을 첨부하여 고객센터로 접수하면 결제 PG사와 함께 원인을 조사합니다.
TIP
결제 오류 관련 팁 (RAG 응답 기준)

[정책 문서 3: 전자상거래_표준약관.pdf]
2. 선불카드, 직불카드, 신용카드 등의 각종 카드 결제

3. 온라인무통장입금

4. 전자화폐에 의한 결제

5. 수령 시 대금지급

6. 마일리지 등 “몰”이 지급한 포인트에 의한 결제
7. “몰”과 계약을 맺었거나 “몰”이 인정한 상품권에 의한 결제 

8. 기타 전자적 지급 방법에 의한 대금 지급 등

제12조(수신확인통지 ․ 구매신청 변경 및 취소)

① “몰”은 이용자의 구매신청이 있는 경우 이용자에게 수신확인통지를 합니다.

② 수신확인통지를 받은 이용자는 의사표시의 불일치 등이 있는 경우에는 수신확인
통지를 받은 후 즉시 구매신청 변경 및 취소를 요청할 수 있고 “몰”은 배송 전
에 이용자의 요청이 있는 경우에는 지체 없이 그 요청에 따라 처리하여야 합니
다. 다만 이미 대금을 지불한 경우에는 제15조의 청약철회 등에 관한 규정에 따
릅니다.

제13조(재화 등의 공급)",10.903
346,결제,결제 수단 확인,결제수단을 확인하는 방법을 모르겠습니다,"결제 방법을 확인하는 데 도움이 되도록 당사가 제공하는 결제 옵션을 간략하게 살펴보겠습니다. 1. 신용/체크카드: 국내외 주요 카드사의 결제를 지원합니다. 2. 간편결제: 네이버페이, 카카오페이, 토스페이, 페이코 등을 이용하실 수 있습니다. 3. 실시간 계좌이체 및 가상계좌: 본인 명의 계좌로 이체하거나 주문별 전용 계좌로 입금하실 수 있습니다. 4. 포인트 및 쿠폰: 회사 규정에 따라 발급된 적립금과 할인 쿠폰을 함께 사용하실 수 있습니다.","[""사용 가능한 결제 방법을 확인하려면 다음의 간단한 단계를 따라 주세요. 1. 당사 홈페이지에 접속해 주세요. 2. 상단 또는 하단 메뉴로 이동하여 [결제 방법] 또는 [결제 옵션] 섹션을 찾아 주세요. 3. 해당 섹션을 클릭하면 당사가 제공하는 사용 가능한 결제 방법을 볼 수 있습니다. 4. 지원되는 결제 수단은 신용/체크카드, 간편결제(네이버페이·카카오페이·토스페이·페이코 등), 실시간 계좌이체 및 가상계좌, 적립금 및 쿠폰입니다. 어려움이 있거나 추가 질문이 있는 경우 도와드리겠습니다. 제가 고객님을 지원해 드리겠습니다!"", ""허용되는 결제 옵션을 보려면 당사 웹사이트를 방문하여 일반적으로 [도움말] 또는 \""FAQ\"" 영역에 있는 [결제 방법] 섹션으로 이동해 주세요. 또는 당사 고객센터에 문의하시면 절차를 친절히 안내해 드릴 것입니다. 저희는 고객님이 간단하고 편리하게 결제 방법에 액세스할 수 있도록 하고자 합니다.""]","[정책 문서 1: 쇼핑몰 이용약관 및 운영정책.pdf]
2.4 결제 오류 및 실패 처리
결제 시도 중 오류(승인 거절, 먹통, 응답 지연 등)가 발생한 경우, 우선 [마이페이지 > 주문내역]에서 실제 결제 완료 여부를 확인해야 합니다.
이중 결제(중복 승인): 동일 주문에 대해 결제가 두 번 승인된 경우, 시스템이 익영업일 이내 자동 취소 처리하며 카드사 승인 취소 내역으로 확인할 수 있습니다. 자동 취소가
지연되면 승인 내역을 첨부하여 고객센터로 문의해야 합니다.
결제 실패(승인 거절): 카드 한도 초과, 카드사 보안 정책, 입력 정보 오류 등이 주요 원인이며, 카드사 확인이 우선이고 해결되지 않으면 다른 결제 수단으로 재시도를 안내
합니다.
오류 신고: 반복적인 결제 오류는 오류 발생 시각, 사용 결제수단, 오류 메시지 화면을 첨부하여 고객센터로 접수하면 결제 PG사와 함께 원인을 조사합니다.
TIP
결제 오류 관련 팁 (RAG 응답 기준)

[정책 문서 2: 쇼핑몰 이용약관 및 운영정책.pdf]
2. 결제 정책 (Payment Policy)

2.1 지원 결제 수단
신용/체크카드: 국내외 주요 카드사 승인 지원 (전자결제 PG사 연동)
간편결제: 네이버페이, 카카오페이, 토스페이, 페이코 등
실시간 계좌이체 및 가상계좌: 본인 명의 계좌를 통한 이체 및 주문별 전용 계좌 발급
포인트 및 쿠폰: 회사 규정에 따라 발급된 적립금 및 할인 쿠폰 복합 사용 가능

2.2 가상계좌(무통장입금) 입금 기한 및 오입금 처리
주의
가상계좌 입금 유의사항
· 입금 유효 기간: 발급 시점으로부터 24시간 이내에 입금해야 하며, 미입금 시 주문은 자동 취소됩니다.
· 오입금 처리: 주문 금액과 실제 입금액이 불일치하거나 입금자명이 다른 경우 자동 처리되지 않으므로, 입금증을 첨부하여 고객센터로 수동 확인을 요청해야 합니다.

[정책 문서 3: 전자상거래_표준약관.pdf]
1. 신청 내용에 허위, 기재누락, 오기가 있는 경우

2. 미성년자가 담배, 주류 등 청소년보호법에서 금지하는 재화 및 용역을 구매하
는 경우

3. 기타 구매신청에 승낙하는 것이 “몰” 기술상 현저히 지장이 있다고 판단하
는 경우

② “몰”의 승낙이 제12조제1항의 수신확인통지형태로 이용자에게 도달한 시점에
계약이 성립한 것으로 봅니다.

③ “몰”의 승낙의 의사표시에는 이용자의 구매 신청에 대한 확인 및 판매가능 여
부, 구매신청의 정정 취소 등에 관한 정보 등을 포함하여야 합니다.

제11조(지급방법) “몰”에서 구매한 재화 또는 용역에 대한 대금지급방법은 다음
각 호의 방법중 가용한 방법으로 할 수 있습니다. 단, “몰”은 이용자의 지급방법
에 대하여 재화 등의 대금에 어떠한 명목의 수수료도 추가하여 징수할 수 없습니
다.

1. 폰뱅킹, 인터넷뱅킹, 메일 뱅킹 등의 각종 계좌이체

2. 선불카드, 직불카드, 신용카드 등의 각종 카드 결제

3. 온라인무통장입금",21.1704
347,결제,결제 수단 확인,승인된 결제 방법을 확인하는 데 도움이 필요합니다.,"허용되는 결제 방법을 안내해 드리겠습니다. 저희는 고객님의 선호도에 맞춰 다양한 옵션을 제공합니다. 허용되는 결제 방법은 다음과 같습니다. - 신용/체크카드: 국내외 주요 카드사 결제를 지원합니다. - 간편결제: 네이버페이, 카카오페이, 토스페이, 페이코 등을 이용하실 수 있습니다. - 실시간 계좌이체 및 가상계좌: 본인 명의 계좌 이체 또는 주문별로 발급되는 전용 계좌 입금이 가능합니다. - 적립금 및 쿠폰: 발급된 적립금과 할인 쿠폰을 함께 사용하실 수 있습니다.","[""허용되는 결제 방법을 안내해 드리겠습니다. 저희는 고객님의 요구에 맞게 다양하고 편리한 옵션을 제공합니다. 당사가 허용하는 결제 방법 목록은 다음과 같습니다. - 신용/체크카드: 국내외 주요 카드사 결제를 지원합니다. - 간편결제: 네이버페이·카카오페이·토스페이·페이코 등을 지원합니다. - 실시간 계좌이체 및 가상계좌: 본인 명의 계좌 이체 또는 주문별로 발급되는 전용 계좌 입금이 가능합니다. - 적립금 및 쿠폰: 회사 규정에 따라 발급된 적립금과 할인 쿠폰을 사용하실 수 있습니다.""]","[정책 문서 1: 쇼핑몰 이용약관 및 운영정책.pdf]
TIP
결제 오류 관련 팁 (RAG 응답 기준)
""결제가 안 돼요""라는 문의는 먼저 실제 결제/주문 완료 여부부터 확인하도록 안내하고, 이중 결제가 의심되는 경우 임의로 환불을 약속하지 말고 승인 내역 확인 절차부터 안내합니
다.

[정책 문서 2: 쇼핑몰 이용약관 및 운영정책.pdf]
2.4 결제 오류 및 실패 처리
결제 시도 중 오류(승인 거절, 먹통, 응답 지연 등)가 발생한 경우, 우선 [마이페이지 > 주문내역]에서 실제 결제 완료 여부를 확인해야 합니다.
이중 결제(중복 승인): 동일 주문에 대해 결제가 두 번 승인된 경우, 시스템이 익영업일 이내 자동 취소 처리하며 카드사 승인 취소 내역으로 확인할 수 있습니다. 자동 취소가
지연되면 승인 내역을 첨부하여 고객센터로 문의해야 합니다.
결제 실패(승인 거절): 카드 한도 초과, 카드사 보안 정책, 입력 정보 오류 등이 주요 원인이며, 카드사 확인이 우선이고 해결되지 않으면 다른 결제 수단으로 재시도를 안내
합니다.
오류 신고: 반복적인 결제 오류는 오류 발생 시각, 사용 결제수단, 오류 메시지 화면을 첨부하여 고객센터로 접수하면 결제 PG사와 함께 원인을 조사합니다.
TIP
결제 오류 관련 팁 (RAG 응답 기준)

[정책 문서 3: 전자상거래_표준약관.pdf]
1. 신청 내용에 허위, 기재누락, 오기가 있는 경우

2. 미성년자가 담배, 주류 등 청소년보호법에서 금지하는 재화 및 용역을 구매하
는 경우

3. 기타 구매신청에 승낙하는 것이 “몰” 기술상 현저히 지장이 있다고 판단하
는 경우

② “몰”의 승낙이 제12조제1항의 수신확인통지형태로 이용자에게 도달한 시점에
계약이 성립한 것으로 봅니다.

③ “몰”의 승낙의 의사표시에는 이용자의 구매 신청에 대한 확인 및 판매가능 여
부, 구매신청의 정정 취소 등에 관한 정보 등을 포함하여야 합니다.

제11조(지급방법) “몰”에서 구매한 재화 또는 용역에 대한 대금지급방법은 다음
각 호의 방법중 가용한 방법으로 할 수 있습니다. 단, “몰”은 이용자의 지급방법
에 대하여 재화 등의 대금에 어떠한 명목의 수수료도 추가하여 징수할 수 없습니
다.

1. 폰뱅킹, 인터넷뱅킹, 메일 뱅킹 등의 각종 계좌이체

2. 선불카드, 직불카드, 신용카드 등의 각종 카드 결제

3. 온라인무통장입금",20.256
348,결제,결제 수단 확인,결제 수단을 확인하는 데 도움이 필요합니다.,"저희가 제공하는 결제 방법을 안내해 드리겠습니다. 저희는 고객님의 선호도에 맞춰 다양한 옵션을 제공합니다. - 신용/체크카드: 국내외 주요 카드사의 카드로 결제하실 수 있습니다. - 간편결제: 네이버페이, 카카오페이, 토스페이, 페이코 등을 이용하실 수 있습니다. - 실시간 계좌이체 및 가상계좌: 본인 명의 계좌로 이체하거나 주문별 전용 계좌로 입금하실 수 있습니다. - 포인트 및 쿠폰: 회사 규정에 따라 발급된 적립금과 할인 쿠폰을 함께 사용하실 수 있습니다.","[""저희의 목표는 고객님께 원활하고 편리한 결제 경험을 제공하는 것입니다. 저희가 제공하는 결제 방법은 다음과 같습니다. - 신용/체크카드: 국내외 주요 카드사 결제를 지원합니다. - 간편결제: 네이버페이·카카오페이·토스페이·페이코 등을 지원합니다. - 실시간 계좌이체 및 가상계좌: 본인 명의 계좌로 이체하거나 주문별 전용 계좌로 입금하실 수 있습니다. - 적립금 및 쿠폰: 회사 규정에 따라 발급된 적립금과 할인 쿠폰을 사용하실 수 있습니다. 이러한 결제 방법에 대해 질문이 있거나 고객님께 가장 적합한 결제 방법을 선택하는 데 도움이 필요하시면 제가 도와드리겠습니다!"", ""고객님이 당사의 결제 방법에 관심을 가져주셔서 정말 기쁩니다. 사용 가능한 결제 방법을 확인하려면 다음 단계를 따라 주세요. 1. 당사 웹사이트를 방문하여 결제 페이지 또는 [결제 방법] 섹션으로 이동해 주세요. 2. 신용/체크카드, 네이버페이·카카오페이·토스페이·페이코 등의 간편결제, 실시간 계좌이체와 가상계좌, 적립금 및 쿠폰으로 결제하실 수 있습니다. 3. 시간을 내어 각 방법을 검토하고 가장 적합한 방법을 선택해 주세요. 4. 선택을 완료한 후 안내에 따라 원하는 방법으로 결제를 완료해 주세요."", ""저희 회사에서는 다양한 선호 사항을 충족할 수 있는 다양한 옵션을 제공하기 위해 노력하고 있습니다. 현재 허용되는 결제 방법은 다음과 같습니다. - 신용/체크카드: 국내외 주요 카드사의 카드로 결제하실 수 있습니다. - 간편결제: 네이버페이·카카오페이·토스페이·페이코 등을 지원합니다. - 실시간 계좌이체 및 가상계좌: 본인 명의 계좌에서 이체하거나, 주문마다 발급되는 가상계좌로 입금하실 수 있습니다. - 적립금 및 쿠폰: 보유하신 적립금과 할인 쿠폰을 결제에 함께 사용하실 수 있습니다. 이러한 결제 방법에 대해 질문이 있거나 추가 정보가 필요한 경우 언제든지 알려주시기 바랍니다.""]","[정책 문서 1: 쇼핑몰 이용약관 및 운영정책.pdf]
2. 결제 정책 (Payment Policy)

2.1 지원 결제 수단
신용/체크카드: 국내외 주요 카드사 승인 지원 (전자결제 PG사 연동)
간편결제: 네이버페이, 카카오페이, 토스페이, 페이코 등
실시간 계좌이체 및 가상계좌: 본인 명의 계좌를 통한 이체 및 주문별 전용 계좌 발급
포인트 및 쿠폰: 회사 규정에 따라 발급된 적립금 및 할인 쿠폰 복합 사용 가능

2.2 가상계좌(무통장입금) 입금 기한 및 오입금 처리
주의
가상계좌 입금 유의사항
· 입금 유효 기간: 발급 시점으로부터 24시간 이내에 입금해야 하며, 미입금 시 주문은 자동 취소됩니다.
· 오입금 처리: 주문 금액과 실제 입금액이 불일치하거나 입금자명이 다른 경우 자동 처리되지 않으므로, 입금증을 첨부하여 고객센터로 수동 확인을 요청해야 합니다.

[정책 문서 2: 쇼핑몰 이용약관 및 운영정책.pdf]
TIP
결제 오류 관련 팁 (RAG 응답 기준)
""결제가 안 돼요""라는 문의는 먼저 실제 결제/주문 완료 여부부터 확인하도록 안내하고, 이중 결제가 의심되는 경우 임의로 환불을 약속하지 말고 승인 내역 확인 절차부터 안내합니
다.

[정책 문서 3: 전자상거래_표준약관.pdf]
1. 신청 내용에 허위, 기재누락, 오기가 있는 경우

2. 미성년자가 담배, 주류 등 청소년보호법에서 금지하는 재화 및 용역을 구매하
는 경우

3. 기타 구매신청에 승낙하는 것이 “몰” 기술상 현저히 지장이 있다고 판단하
는 경우

② “몰”의 승낙이 제12조제1항의 수신확인통지형태로 이용자에게 도달한 시점에
계약이 성립한 것으로 봅니다.

③ “몰”의 승낙의 의사표시에는 이용자의 구매 신청에 대한 확인 및 판매가능 여
부, 구매신청의 정정 취소 등에 관한 정보 등을 포함하여야 합니다.

제11조(지급방법) “몰”에서 구매한 재화 또는 용역에 대한 대금지급방법은 다음
각 호의 방법중 가용한 방법으로 할 수 있습니다. 단, “몰”은 이용자의 지급방법
에 대하여 재화 등의 대금에 어떠한 명목의 수수료도 추가하여 징수할 수 없습니
다.

1. 폰뱅킹, 인터넷뱅킹, 메일 뱅킹 등의 각종 계좌이체

2. 선불카드, 직불카드, 신용카드 등의 각종 카드 결제

3. 온라인무통장입금",19.897
349,결제,결제 수단 확인,사용 가능한 결제 옵션을 확인하는 데 도움,"사용 가능한 결제 옵션을 안내해 드리겠습니다. 저희는 고객님의 선호도에 맞춰 다양한 결제 방법을 제공합니다. 다음은 당사가 허용하는 결제 옵션의 전체 목록입니다. - 신용/체크카드: 국내외 주요 카드사의 카드로 결제하실 수 있습니다. - 간편결제: 네이버페이, 카카오페이, 토스페이, 페이코 등을 이용하실 수 있습니다. - 실시간 계좌이체 및 가상계좌: 본인 명의 계좌로 이체하거나 주문별 전용 계좌로 입금하실 수 있습니다. - 포인트 및 쿠폰: 회사 규정에 따라 발급된 적립금과 할인 쿠폰을 함께 사용하실 수 있습니다.","[""이용할 수 있는 다양한 결제 옵션을 안내해 드리겠습니다. 사용 가능한 결제 방법을 보려면 당사 웹사이트나 모바일 앱의 [결제] 섹션을 방문해 주세요. 결제 페이지에 들어가면 당사에서 허용하는 결제 옵션의 전체 목록을 확인할 수 있습니다. 저희의 목표는 원활하고 편리한 결제 경험을 제공하는 것입니다.""]","[정책 문서 1: 전자상거래_표준약관.pdf]
1. 재화 등의 검색 및 선택

2. 받는 사람의 성명, 주소, 전화번호, 전자우편주소(또는 이동전화번호) 등의
입력

3. 약관내용, 청약철회권이 제한되는 서비스, 배송료 ․ 설치비 등의 비용부담과
관련한 내용에 대한 확인

4. 이 약관에 동의하고 위 3.호의 사항을 확인하거나 거부하는 표시
(예, 마우스 클릭)

5. 재화등의 구매신청 및 이에 관한 확인 또는 “몰”의 확인에 대한 동의

6. 결제방법의 선택

② “몰”이 제3자에게 구매자 개인정보를 제공할 필요가 있는 경우 1) 개인정보를
제공받는 자, 2)개인정보를 제공받는 자의 개인정보 이용목적, 3) 제공하는 개
인정보의 항목, 4) 개인정보를 제공받는 자의 개인정보 보유 및 이용기간을 구
매자에게 알리고 동의를 받아야 합니다. (동의를 받은 사항이 변경되는 경우에
도 같습니다.)

[정책 문서 2: 쇼핑몰 이용약관 및 운영정책.pdf]
2. 결제 정책 (Payment Policy)

2.1 지원 결제 수단
신용/체크카드: 국내외 주요 카드사 승인 지원 (전자결제 PG사 연동)
간편결제: 네이버페이, 카카오페이, 토스페이, 페이코 등
실시간 계좌이체 및 가상계좌: 본인 명의 계좌를 통한 이체 및 주문별 전용 계좌 발급
포인트 및 쿠폰: 회사 규정에 따라 발급된 적립금 및 할인 쿠폰 복합 사용 가능

2.2 가상계좌(무통장입금) 입금 기한 및 오입금 처리
주의
가상계좌 입금 유의사항
· 입금 유효 기간: 발급 시점으로부터 24시간 이내에 입금해야 하며, 미입금 시 주문은 자동 취소됩니다.
· 오입금 처리: 주문 금액과 실제 입금액이 불일치하거나 입금자명이 다른 경우 자동 처리되지 않으므로, 입금증을 첨부하여 고객센터로 수동 확인을 요청해야 합니다.

[정책 문서 3: 전자상거래_표준약관.pdf]
1. 신청 내용에 허위, 기재누락, 오기가 있는 경우

2. 미성년자가 담배, 주류 등 청소년보호법에서 금지하는 재화 및 용역을 구매하
는 경우

3. 기타 구매신청에 승낙하는 것이 “몰” 기술상 현저히 지장이 있다고 판단하
는 경우

② “몰”의 승낙이 제12조제1항의 수신확인통지형태로 이용자에게 도달한 시점에
계약이 성립한 것으로 봅니다.

③ “몰”의 승낙의 의사표시에는 이용자의 구매 신청에 대한 확인 및 판매가능 여
부, 구매신청의 정정 취소 등에 관한 정보 등을 포함하여야 합니다.

제11조(지급방법) “몰”에서 구매한 재화 또는 용역에 대한 대금지급방법은 다음
각 호의 방법중 가용한 방법으로 할 수 있습니다. 단, “몰”은 이용자의 지급방법
에 대하여 재화 등의 대금에 어떠한 명목의 수수료도 추가하여 징수할 수 없습니
다.

1. 폰뱅킹, 인터넷뱅킹, 메일 뱅킹 등의 각종 계좌이체

2. 선불카드, 직불카드, 신용카드 등의 각종 카드 결제

3. 온라인무통장입금",22.4626
